datetime,wspd,wdir
2014-01-01T01:00:00.000000000,8.53304166245106,238.17274523621808
2014-01-01T02:00:00.000000000,14.998124014572841,263.44362018831015
2014-01-01T03:00:00.000000000,20.226021353784883,267.09518628399513
2014-01-01T04:00:00.000000000,18.811395946918267,283.05752873837594
2014-01-01T05:00:00.000000000,20.795040782888574,332.1564802176565
2014-01-01T06:00:00.000000000,19.93543113501471,329.55992959168094
2014-01-01T07:00:00.000000000,17.962593488899092,337.5396378306629
2014-01-01T08:00:00.000000000,18.08019844902281,343.2438683254657
2014-01-01T09:00:00.000000000,18.52851409169436,4.837491870656891
2014-01-01T10:00:00.000000000,16.5069633677708,25.18727567665337
2014-01-01T11:00:00.000000000,15.959355095739587,24.477386497884083
2014-01-01T12:00:00.000000000,14.797493783000395,20.057541008125042
2014-01-01T13:00:00.000000000,15.342917271641472,12.994625189286978
2014-01-01T14:00:00.000000000,15.364964442410985,15.234680283845876
2014-01-01T15:00:00.000000000,15.87817716054519,13.336084435661348
2014-01-01T16:00:00.000000000,16.739227017140543,15.727945271354827
2014-01-01T17:00:00.000000000,16.739227017140543,15.727945271354827
2014-01-01T18:00:00.000000000,16.919344638798595,17.765636238960553
2014-01-01T19:00:00.000000000,17.3603613496986,17.299883264365235
2014-01-01T20:00:00.000000000,17.278896689809045,17.818890605770434
2014-01-01T21:00:00.000000000,17.397313641540723,18.99474126341886
2014-01-01T22:00:00.000000000,16.71497465156943,21.634323360623682
2014-01-01T23:00:00.000000000,16.400120479414834,22.40151118966969
2014-01-02T00:00:00.000000000,15.759215592869735,27.032514957079457
2014-01-02T01:00:00.000000000,15.867447418118767,29.392175157852932
2014-01-02T02:00:00.000000000,14.960460374015522,33.06601471038039
2014-01-02T03:00:00.000000000,14.337769085614351,34.70147350504021
2014-01-02T04:00:00.000000000,13.737826264636032,39.091330963584255
2014-01-02T05:00:00.000000000,12.842977005491631,45.27602232968161
2014-01-02T06:00:00.000000000,11.51703328720039,45.13192163831093
2014-01-02T07:00:00.000000000,11.17732888992253,47.85562259052193
2014-01-02T08:00:00.000000000,10.19574053220265,49.47489650624607
2014-01-02T09:00:00.000000000,8.49051985236162,55.98240356163262
2014-01-02T10:00:00.000000000,7.095432870019755,57.73782046093072
2014-01-02T11:00:00.000000000,6.366772454541764,57.58918937214861
2014-01-02T12:00:00.000000000,5.55090082779363,54.16234704572173
2014-01-02T13:00:00.000000000,4.422951503238533,47.29061004263855
2014-01-02T14:00:00.000000000,4.650268809434569,36.25383773744477
2014-01-02T15:00:00.000000000,5.134276432763605,30.748441256002195
2014-01-02T16:00:00.000000000,5.310661446562,26.565051177077976
2014-01-02T17:00:00.000000000,5.179587338775165,19.746836605426097
2014-01-02T18:00:00.000000000,4.8250647664046955,16.557071375636667
2014-01-02T19:00:00.000000000,3.4065422149808664,7.803016263253198
2014-01-02T20:00:00.000000000,3.8017265814363874,9.462322208025626
2014-01-02T21:00:00.000000000,5.0045135240577325,2.4335889422908963
2014-01-02T22:00:00.000000000,5.908151149048237,353.9275435927923
2014-01-02T23:00:00.000000000,6.381479617810963,357.41780885852023
2014-01-03T00:00:00.000000000,7.4053280978375104,352.2391881828513
2014-01-03T01:00:00.000000000,10.04987562112089,354.28940686250036
2014-01-03T02:00:00.000000000,10.272606131781838,351.6036839450528
2014-01-03T03:00:00.000000000,12.070754947392478,344.3806078612892
2014-01-03T04:00:00.000000000,13.96104657570885,343.88548826813195
2014-01-03T05:00:00.000000000,16.753273632140257,345.7460249654512
2014-01-03T06:00:00.000000000,16.001150128499383,341.6499790460912
2014-01-03T07:00:00.000000000,16.80797903940233,338.4913658170686
2014-01-03T08:00:00.000000000,19.008794858634474,350.7668736917652
2014-01-03T09:00:00.000000000,18.350728515533525,0.5073788650598203
2014-01-03T10:00:00.000000000,17.309298864646305,9.686797702568185
2014-01-03T11:00:00.000000000,18.413913123481688,4.28236483264584
2014-01-03T12:00:00.000000000,18.89487960557167,6.457393059426636
2014-01-03T13:00:00.000000000,19.00709907702696,4.904453787637976
2014-01-03T14:00:00.000000000,19.841660396991184,4.697693500089997
2014-01-03T15:00:00.000000000,19.52500600024001,0.0
2014-01-03T16:00:00.000000000,20.489521657604232,0.8039798791111821
2014-01-03T17:00:00.000000000,19.656366292106696,1.4575929058404427
2014-01-03T18:00:00.000000000,21.13234193860369,8.503950323108256
2014-01-03T19:00:00.000000000,19.658699795299743,2.6604647190217747
2014-01-03T20:00:00.000000000,20.65686881779384,9.262828699548663
2014-01-03T21:00:00.000000000,19.23417498268591,11.47059150176949
2014-01-03T22:00:00.000000000,18.89169169031416,14.679885666691064
2014-01-03T23:00:00.000000000,18.749727012594345,15.9821233179253
2014-01-04T00:00:00.000000000,17.52021627311298,14.165132644590017
2014-01-04T01:00:00.000000000,17.2826278566527,12.659159549801473
2014-01-04T02:00:00.000000000,16.419933526241902,11.104635567803655
2014-01-04T03:00:00.000000000,16.728090568466683,10.461855475444906
2014-01-04T04:00:00.000000000,16.521036190770058,8.835154806599974
2014-01-04T05:00:00.000000000,16.945669806886276,9.768043306915388
2014-01-04T06:00:00.000000000,16.515171481605147,13.25790451460307
2014-01-04T07:00:00.000000000,15.367431694359267,10.450745465821456
2014-01-04T08:00:00.000000000,14.435691830683686,12.146735943359602
2014-01-04T09:00:00.000000000,13.883924929252494,12.109171845655737
2014-01-04T10:00:00.000000000,12.58350558531977,11.633637934133901
2014-01-04T11:00:00.000000000,11.38673307467321,7.56970406050209
2014-01-04T12:00:00.000000000,10.665431929311715,1.3431483129439243
2014-01-04T13:00:00.000000000,12.383686777488242,350.11933143545326
2014-01-04T14:00:00.000000000,12.40809480193945,341.80233937889875
2014-01-04T15:00:00.000000000,12.69122010442502,343.4034575725038
2014-01-04T16:00:00.000000000,11.222251923690798,341.8274135261267
2014-01-04T17:00:00.000000000,11.42351128055221,326.6055356777988
2014-01-04T18:00:00.000000000,12.392825008476835,318.8032056557117
2014-01-04T19:00:00.000000000,12.516104250210152,315.40462441602295
2014-01-04T20:00:00.000000000,13.477854083719599,308.82579622955024
2014-01-04T21:00:00.000000000,14.116953015461903,302.4517440265571
2014-01-04T22:00:00.000000000,14.89661203825514,299.61966068094273
2014-01-04T23:00:00.000000000,15.567811492233801,300.869084650884
2014-01-05T00:00:00.000000000,16.830455330305455,300.9272714578148
2014-01-05T01:00:00.000000000,17.14583040326934,297.10680125216527
2014-01-05T02:00:00.000000000,21.331420392493317,308.7437054788109
2014-01-05T03:00:00.000000000,20.87302672152252,339.1989887654578
2014-01-05T04:00:00.000000000,15.315211921604517,352.9677904180343
2014-01-05T05:00:00.000000000,18.25588280655225,346.8201316204986
2014-01-05T06:00:00.000000000,18.60718577393772,337.7768913866159
2014-01-05T07:00:00.000000000,17.776015485771698,341.42490633141887
2014-01-05T08:00:00.000000000,17.06774660379887,345.0172246181313
2014-01-05T09:00:00.000000000,16.07490577589297,352.85288012942516
2014-01-05T10:00:00.000000000,18.11293582689016,359.6045903680154
2014-01-05T11:00:00.000000000,18.07295125370926,351.2478141650726
2014-01-05T12:00:00.000000000,20.679042369461744,17.701131228616873
2014-01-05T13:00:00.000000000,21.264754740486783,12.320580392862382
2014-01-05T14:00:00.000000000,22.55341827788264,13.004139807290983
2014-01-05T15:00:00.000000000,22.75053158826822,15.716213548521353
2014-01-05T16:00:00.000000000,22.94319936216739,19.609731062666583
2014-01-05T17:00:00.000000000,22.989814195906746,20.563339290362308
2014-01-05T18:00:00.000000000,23.802645730313163,23.06426154973849
2014-01-05T19:00:00.000000000,24.78245137848876,25.996380521693993
2014-01-05T20:00:00.000000000,24.183372757992718,32.48255059348702
2014-01-05T21:00:00.000000000,22.652878113978215,36.5410922266949
2014-01-05T22:00:00.000000000,21.160004776868657,35.624241000597465
2014-01-05T23:00:00.000000000,21.232707657556492,38.13828600210161
2014-01-06T00:00:00.000000000,20.959682778064757,39.91932351753019
2014-01-06T01:00:00.000000000,19.426165304614262,37.49666477847683
2014-01-06T02:00:00.000000000,20.193567550258035,38.969992456328214
2014-01-06T03:00:00.000000000,20.705272291304073,43.77696274171001
2014-01-06T04:00:00.000000000,19.863541623227565,49.92667425691161
2014-01-06T05:00:00.000000000,19.658195776640056,53.61101876754162
2014-01-06T06:00:00.000000000,18.464686666510453,54.72835248420654
2014-01-06T07:00:00.000000000,17.727851650199685,55.51436876768213
2014-01-06T08:00:00.000000000,16.689937610487313,56.70269059758601
2014-01-06T09:00:00.000000000,15.693830999895058,59.88153519923202
2014-01-06T10:00:00.000000000,14.985088370691832,61.44675369609388
2014-01-06T11:00:00.000000000,14.137595953777948,63.593534231999456
2014-01-06T12:00:00.000000000,13.233116190152213,68.20863702183641
2014-01-06T13:00:00.000000000,12.164428222847624,63.777248025862775
2014-01-06T14:00:00.000000000,11.31611960275106,68.62169288632651
2014-01-06T15:00:00.000000000,11.409625886231627,67.45256641125411
2014-01-06T16:00:00.000000000,11.672679137146785,65.98767536557398
2014-01-06T17:00:00.000000000,12.031068530139107,66.55127572112019
2014-01-06T18:00:00.000000000,11.923954459515816,65.20808533906478
2014-01-06T19:00:00.000000000,11.905738531351323,64.96856649393521
2014-01-06T20:00:00.000000000,11.060885484558508,70.86885876179531
2014-01-06T21:00:00.000000000,11.082709026399042,84.82312385298815
2014-01-06T22:00:00.000000000,10.431242135467464,93.43500058120588
2014-01-06T23:00:00.000000000,9.714110110486796,95.90866903641574
2014-01-07T00:00:00.000000000,8.522946966865392,94.20535700170859
2014-01-07T01:00:00.000000000,8.213348265238334,83.62128085183542
2014-01-07T02:00:00.000000000,9.205375242953805,79.04101109823478
2014-01-07T03:00:00.000000000,10.958224718849847,84.7641517536012
2014-01-07T04:00:00.000000000,12.055718585033766,86.84982105710253
2014-01-07T05:00:00.000000000,12.668053095840017,88.30368120984099
2014-01-07T06:00:00.000000000,12.788533979763223,90.7280663057465
2014-01-07T07:00:00.000000000,12.677916596942174,92.82573108432479
2014-01-07T08:00:00.000000000,12.647257607876895,93.39971415912328
2014-01-07T09:00:00.000000000,12.806115969596464,98.58884407345477
2014-01-07T10:00:00.000000000,12.927163882458133,101.88580569277656
2014-01-07T11:00:00.000000000,13.265799062138523,105.63393374902734
2014-01-07T12:00:00.000000000,13.130663183374931,110.33262808853397
2014-01-07T13:00:00.000000000,11.89601975318123,114.78784655522003
2014-01-07T14:00:00.000000000,10.673482561279927,126.09162575465541
2014-01-07T15:00:00.000000000,6.739777154347009,181.48796851883128
2014-01-07T16:00:00.000000000,7.690294207636012,224.3414568224364
2014-01-07T17:00:00.000000000,7.796233064756338,221.09950625761812
2014-01-07T18:00:00.000000000,8.838834764831844,225.0
2014-01-07T19:00:00.000000000,7.5297140866219845,218.25873138873158
2014-01-07T20:00:00.000000000,8.38459455568883,218.76652260543153
2014-01-07T21:00:00.000000000,9.14970214614808,221.28902180713823
2014-01-07T22:00:00.000000000,9.79165097740962,219.66508903144523
2014-01-07T23:00:00.000000000,9.628157890439208,218.83407190731174
2014-01-08T00:00:00.000000000,9.762244919243052,222.0417500727513
2014-01-08T01:00:00.000000000,9.526096030982625,220.90302891298006
2014-01-08T02:00:00.000000000,10.95953203397454,218.51692881157058
2014-01-08T03:00:00.000000000,9.815584860478978,211.98992016092
2014-01-08T04:00:00.000000000,9.139589279062207,200.24421189054027
2014-01-08T05:00:00.000000000,9.652116118503955,199.9133751190894
2014-01-08T06:00:00.000000000,10.320104662195137,200.5641647466644
2014-01-08T07:00:00.000000000,10.907918568120676,197.3344380059879
2014-01-08T08:00:00.000000000,11.462365096863596,199.75889729211534
2014-01-08T09:00:00.000000000,10.123652925955327,198.9495032719466
2014-01-08T10:00:00.000000000,9.443733205220198,194.01785658535547
2014-01-08T11:00:00.000000000,9.453084654684512,185.31103610002995
2014-01-08T12:00:00.000000000,10.327891658095012,185.06887063274607
2014-01-08T13:00:00.000000000,10.953776646215397,181.5040031389346
2014-01-08T14:00:00.000000000,11.975922942114893,183.77032256709595
2014-01-08T15:00:00.000000000,12.731515579098149,192.07118719675032
2014-01-08T16:00:00.000000000,13.647833946862004,196.659035571233
2014-01-08T17:00:00.000000000,13.793660779616015,200.1427989416739
2014-01-08T18:00:00.000000000,13.36860577308172,199.8412192823955
2014-01-08T19:00:00.000000000,12.895119458606755,187.4074686460416
2014-01-08T20:00:00.000000000,12.976093034533887,191.8403373339416
2014-01-08T21:00:00.000000000,12.487721837984585,196.87502731313927
2014-01-08T22:00:00.000000000,12.70251904410554,196.1699956969453
2014-01-08T23:00:00.000000000,12.186072060775206,196.44592755118782
2014-01-09T00:00:00.000000000,12.539452012372234,193.60681548293005
2014-01-09T01:00:00.000000000,12.984119246237624,185.4691096908193
2014-01-09T02:00:00.000000000,13.949429707472616,183.39058950890393
2014-01-09T03:00:00.000000000,14.569509982750208,185.0698172386777
2014-01-09T04:00:00.000000000,14.908196255049248,185.58153370380353
2014-01-09T05:00:00.000000000,15.539888393477815,184.1053310529869
2014-01-09T06:00:00.000000000,15.840159534635205,186.11552476101127
2014-01-09T07:00:00.000000000,16.26743465742969,190.4033091705876
2014-01-09T08:00:00.000000000,16.12881435727403,190.17777425241752
2014-01-09T09:00:00.000000000,15.716568067513304,189.522278322545
2014-01-09T10:00:00.000000000,15.559283166595163,188.82668320373688
2014-01-09T11:00:00.000000000,15.520975304682423,190.72172856936422
2014-01-09T12:00:00.000000000,15.565082459532551,193.6568366546419
2014-01-09T13:00:00.000000000,15.58577342193552,200.22260718173382
2014-01-09T14:00:00.000000000,15.701078761079689,201.33555751411814
2014-01-09T15:00:00.000000000,15.746987890919417,201.75920627185005
2014-01-09T16:00:00.000000000,16.241405870097662,200.12252938384185
2014-01-09T17:00:00.000000000,16.192504782349133,199.2462376489866
2014-01-09T18:00:00.000000000,16.371679206045147,200.0952624562932
2014-01-09T19:00:00.000000000,15.819755296754385,196.57351059598344
2014-01-09T20:00:00.000000000,16.05621259466792,197.20770906385562
2014-01-09T21:00:00.000000000,15.555085003253586,197.9253870994851
2014-01-09T22:00:00.000000000,14.386276661452415,203.17902616847505
2014-01-09T23:00:00.000000000,13.934610529776997,207.92140980391466
2014-01-10T00:00:00.000000000,13.073610167189988,213.81175631950975
2014-01-10T01:00:00.000000000,11.490691934842685,224.64759453402843
2014-01-10T02:00:00.000000000,9.881288235630104,234.05809410606315
2014-01-10T03:00:00.000000000,9.052802605392475,248.53673346413686
2014-01-10T04:00:00.000000000,7.166033529017978,268.20101235882385
2014-01-10T05:00:00.000000000,6.088938455472011,295.4080719220097
2014-01-10T06:00:00.000000000,5.923234854830686,318.3365645251367
2014-01-10T07:00:00.000000000,7.132648278763155,328.39922352496285
2014-01-10T08:00:00.000000000,9.642317729833549,353.22509224554153
2014-01-10T09:00:00.000000000,8.391433261258676,25.8778266690245
2014-01-10T10:00:00.000000000,10.005782417092986,56.82603145964458
2014-01-10T11:00:00.000000000,11.606527147319104,70.82355849075714
2014-01-10T12:00:00.000000000,9.729289971567223,75.3388770771603
2014-01-10T13:00:00.000000000,8.011103527211057,60.35492173249645
2014-01-10T14:00:00.000000000,8.791765606916037,58.547272632441945
2014-01-10T15:00:00.000000000,9.402200931779044,57.873496455451345
2014-01-10T16:00:00.000000000,9.748949038821914,54.761219206688565
2014-01-10T17:00:00.000000000,9.534476912762441,55.6849124000027
2014-01-10T18:00:00.000000000,9.750801249128196,53.86462338841079
2014-01-10T19:00:00.000000000,10.077822185373186,46.00508600525416
2014-01-10T20:00:00.000000000,9.466791324771647,49.98133335224918
2014-01-10T21:00:00.000000000,9.083811149512082,55.653902599938476
2014-01-10T22:00:00.000000000,8.441215586114604,54.09742311394365
2014-01-10T23:00:00.000000000,9.731759588691757,50.99541459640034
2014-01-11T00:00:00.000000000,9.415957648675143,46.3447558941665
2014-01-11T01:00:00.000000000,8.452608944960339,36.58181337318234
2014-01-11T02:00:00.000000000,8.568522528090465,28.397006893669698
2014-01-11T03:00:00.000000000,9.50964606549686,33.69009259256842
2014-01-11T04:00:00.000000000,9.557372944035558,35.04114437024617
2014-01-11T05:00:00.000000000,9.602551957237353,36.69090636808937
2014-01-11T06:00:00.000000000,10.150283112058263,37.29327445394841
2014-01-11T07:00:00.000000000,10.60473869701134,35.694713879814
2014-01-11T08:00:00.000000000,10.258739247920028,38.866983055375044
2014-01-11T09:00:00.000000000,9.629687363379348,35.650084525069076
2014-01-11T10:00:00.000000000,9.167833321143588,37.35428341893788
2014-01-11T11:00:00.000000000,10.192771208234497,34.001882763713525
2014-01-11T12:00:00.000000000,11.01755506190325,42.194997933424304
2014-01-11T13:00:00.000000000,11.400252727704558,37.24685300482861
2014-01-11T14:00:00.000000000,11.402648957748927,38.59115656924462
2014-01-11T15:00:00.000000000,11.642669335576906,40.99499339036964
2014-01-11T16:00:00.000000000,11.369066549280863,46.15824324381265
2014-01-11T17:00:00.000000000,11.28182418155534,49.17836952194318
2014-01-11T18:00:00.000000000,11.127560550461551,51.01855404380507
2014-01-11T19:00:00.000000000,10.33898690962122,50.15010897171476
2014-01-11T20:00:00.000000000,10.037781717776781,53.55822437032651
2014-01-11T21:00:00.000000000,10.40784838420371,58.90643259437229
2014-01-11T22:00:00.000000000,9.84647779665399,61.157339864587925
2014-01-11T23:00:00.000000000,10.268498349982183,61.65673341493982
2014-01-12T00:00:00.000000000,10.917654097290853,63.258918446164444
2014-01-12T01:00:00.000000000,10.437980347682295,61.378592203616336
2014-01-12T02:00:00.000000000,9.95301461869719,64.72227776444703
2014-01-12T03:00:00.000000000,9.934387669282229,65.46655219690012
2014-01-12T04:00:00.000000000,10.229983294333236,71.47650051235865
2014-01-12T05:00:00.000000000,10.631186411508873,77.09122871817135
2014-01-12T06:00:00.000000000,11.002568064612502,80.8480217055083
2014-01-12T07:00:00.000000000,10.706407038187693,79.43788849087503
2014-01-12T08:00:00.000000000,11.42224981857449,86.42367501235333
2014-01-12T09:00:00.000000000,11.764662152923014,88.90417655961801
2014-01-12T10:00:00.000000000,11.675440334801316,90.49078780273459
2014-01-12T11:00:00.000000000,12.57511745148429,90.22786937120054
2014-01-12T12:00:00.000000000,14.22671565873992,95.44519480732282
2014-01-12T13:00:00.000000000,12.683126041351784,114.26649777527035
2014-01-12T14:00:00.000000000,10.461626696570091,148.68411889588498
2014-01-12T15:00:00.000000000,12.474772075240471,160.20334062870756
2014-01-12T16:00:00.000000000,15.102604554457796,177.43842155406924
2014-01-12T17:00:00.000000000,15.226291232760278,190.93182034002112
2014-01-12T18:00:00.000000000,13.866521145979503,200.36269296574537
2014-01-12T19:00:00.000000000,12.982476702053388,203.9737077171839
2014-01-12T20:00:00.000000000,12.047601849319186,209.11812330275038
2014-01-12T21:00:00.000000000,10.940770009714889,212.40091034673384
2014-01-12T22:00:00.000000000,9.912509558389946,213.00872823045196
2014-01-12T23:00:00.000000000,9.73757584709139,211.67015952547516
2014-01-13T00:00:00.000000000,10.046586047604816,205.73615221490155
2014-01-13T01:00:00.000000000,10.909007952809038,209.4436050775066
2014-01-13T02:00:00.000000000,11.33397623153357,211.14799832441398
2014-01-13T03:00:00.000000000,11.250357633626047,214.13148484551692
2014-01-13T04:00:00.000000000,11.333488770019109,214.07566376171636
2014-01-13T05:00:00.000000000,11.651527561293111,209.78306166716627
2014-01-13T06:00:00.000000000,12.084120124979892,208.81866164153243
2014-01-13T07:00:00.000000000,11.74056147562717,202.93435640327112
2014-01-13T08:00:00.000000000,12.122752735902184,200.9018792081501
2014-01-13T09:00:00.000000000,12.622251768458849,194.86207174267096
2014-01-13T10:00:00.000000000,13.2546062140752,192.8043637855121
2014-01-13T11:00:00.000000000,13.394934175219783,195.42402972148284
2014-01-13T12:00:00.000000000,13.815217074510588,198.51702516609018
2014-01-13T13:00:00.000000000,13.898326079794254,197.04975699389266
2014-01-13T14:00:00.000000000,13.69983966442124,197.1950053104556
2014-01-13T15:00:00.000000000,14.028368996868979,194.60588578506966
2014-01-13T16:00:00.000000000,13.77649776185441,194.50282851223378
2014-01-13T17:00:00.000000000,14.179327919864903,192.8356895328429
2014-01-13T18:00:00.000000000,14.831323220064608,192.36131066807806
2014-01-13T19:00:00.000000000,15.509526959410229,192.14317190857147
2014-01-13T20:00:00.000000000,15.414350239125394,190.3714147479074
2014-01-13T21:00:00.000000000,15.562125882980197,193.61219880664797
2014-01-13T22:00:00.000000000,15.712685995631022,198.21885189066916
2014-01-13T23:00:00.000000000,15.891349472498822,201.35797833154487
2014-01-14T00:00:00.000000000,15.171757815841618,205.0027901145994
2014-01-14T01:00:00.000000000,14.806684999512832,203.5353631445077
2014-01-14T02:00:00.000000000,14.044302280176117,213.67611569388924
2014-01-14T03:00:00.000000000,12.716365911325834,221.4934309738618
2014-01-14T04:00:00.000000000,11.234315335256236,224.68466955507682
2014-01-14T05:00:00.000000000,9.475362083523624,224.67956116454116
2014-01-14T06:00:00.000000000,8.105579185033191,224.43795801896064
2014-01-14T07:00:00.000000000,6.790632594589585,217.67175208297166
2014-01-14T08:00:00.000000000,6.643807265719292,221.1861807265522
2014-01-14T09:00:00.000000000,6.251463587327325,219.48306634769511
2014-01-14T10:00:00.000000000,6.14391217652689,210.84392182595116
2014-01-14T11:00:00.000000000,6.722359554587905,204.84958676616813
2014-01-14T12:00:00.000000000,8.052151435678853,212.3825904591254
2014-01-14T13:00:00.000000000,9.256366271472874,234.78636498272652
2014-01-14T14:00:00.000000000,7.692153983663283,256.7544321890511
2014-01-14T15:00:00.000000000,5.78692605782416,279.1982085647344
2014-01-14T16:00:00.000000000,3.5929393409740293,300.7592496136245
2014-01-14T17:00:00.000000000,3.212564884533551,343.9630264176608
2014-01-14T18:00:00.000000000,1.3326030694692739,323.7763625154721
2014-01-14T19:00:00.000000000,4.218026933087893,49.08542173830563
2014-01-14T20:00:00.000000000,2.7949025997331267,72.29362583112214
2014-01-14T21:00:00.000000000,1.604715983344341,115.36614869912717
2014-01-14T22:00:00.000000000,0.5617891064981977,159.1429549638235
2014-01-14T23:00:00.000000000,2.118235163706483,236.31004500844983
2014-01-15T00:00:00.000000000,1.4601346465886988,21.072545212930947
2014-01-15T01:00:00.000000000,2.5952859853773065,54.01309270399287
2014-01-15T02:00:00.000000000,1.2810883256660928,107.02015903650533
2014-01-15T03:00:00.000000000,2.3582994511576736,239.76609727980392
2014-01-15T04:00:00.000000000,0.40867360201855035,66.56751213832592
2014-01-15T05:00:00.000000000,1.4807263090622476,348.3108856249144
2014-01-15T06:00:00.000000000,1.5306243579583845,329.036821263799
2014-01-15T07:00:00.000000000,4.337372594622404,303.0031829258413
2014-01-15T08:00:00.000000000,5.926962517739902,309.0939292265945
2014-01-15T09:00:00.000000000,5.887084008475453,328.3685774453746
2014-01-15T10:00:00.000000000,5.124456927557114,342.97949402603024
2014-01-15T11:00:00.000000000,5.2962669678059875,48.635601007279774
2014-01-15T12:00:00.000000000,6.2574296100717195,80.68792891368116
2014-01-15T13:00:00.000000000,4.2785574956373775,87.65549310088716
2014-01-15T14:00:00.000000000,3.8000026425027142,89.81114233020463
2014-01-15T15:00:00.000000000,2.598654170089751,135.38962437870146
2014-01-15T16:00:00.000000000,2.289973012296521,119.78338032481099
2014-01-15T17:00:00.000000000,3.0028244178867083,142.27129304367168
2014-01-15T18:00:00.000000000,3.491271544406476,167.80483134925203
2014-01-15T19:00:00.000000000,2.5669907059063597,163.5947391978151
2014-01-15T20:00:00.000000000,2.9261560101812503,163.1132189137394
2014-01-15T21:00:00.000000000,3.9473914244084742,166.44779695139437
2014-01-15T22:00:00.000000000,4.955597279148977,173.62789997727157
2014-01-15T23:00:00.000000000,7.222225642296936,177.02368986176305
2014-01-16T00:00:00.000000000,9.778773694973165,184.39871883693593
2014-01-16T01:00:00.000000000,14.392896418895754,198.9542339814144
2014-01-16T02:00:00.000000000,14.730141059924996,206.45639602179995
2014-01-16T03:00:00.000000000,14.556170316777417,208.74405391580729
2014-01-16T04:00:00.000000000,15.154522653792789,204.408822656465
2014-01-16T05:00:00.000000000,16.293004447826704,199.58885618207623
2014-01-16T06:00:00.000000000,17.133324266302697,196.9675891484704
2014-01-16T07:00:00.000000000,16.55131169330812,197.9013580633082
2014-01-16T08:00:00.000000000,16.039065783963856,200.4829162535123
2014-01-16T09:00:00.000000000,17.493021649586595,199.88520050321586
2014-01-16T10:00:00.000000000,18.106825171340127,199.4356904140276
2014-01-16T11:00:00.000000000,18.520897146262932,199.2298734967988
2014-01-16T12:00:00.000000000,18.8684048458034,199.1432038746155
2014-01-16T13:00:00.000000000,18.953938102752957,198.37525377639616
2014-01-16T14:00:00.000000000,18.139656735796958,198.5223603671001
2014-01-16T15:00:00.000000000,18.119700090410344,196.7598376227501
2014-01-16T16:00:00.000000000,18.40809640829063,196.0843667605786
2014-01-16T17:00:00.000000000,18.614123500856667,196.06167676836384
2014-01-16T18:00:00.000000000,18.83233255654118,197.85768708520249
2014-01-16T19:00:00.000000000,18.012540849786618,199.54149843556291
2014-01-16T20:00:00.000000000,18.152755600951792,201.19331413946543
2014-01-16T21:00:00.000000000,18.44420673479315,201.80141813946298
2014-01-16T22:00:00.000000000,18.33067428336388,202.0698643002322
2014-01-16T23:00:00.000000000,17.904212237503504,201.2443413555212
2014-01-17T00:00:00.000000000,17.218904632783122,201.46165710224406
2014-01-17T01:00:00.000000000,14.904211371367872,204.26507168700783
2014-01-17T02:00:00.000000000,13.61920641113182,207.43537983031823
2014-01-17T03:00:00.000000000,12.2656947797662,212.34598921601568
2014-01-17T04:00:00.000000000,11.34997684083663,216.80698573688335
2014-01-17T05:00:00.000000000,10.06097607158614,217.6816275779284
2014-01-17T06:00:00.000000000,9.578567100090803,217.73744449830943
2014-01-17T07:00:00.000000000,5.7550547268401075,232.85668608193288
2014-01-17T08:00:00.000000000,3.110577468146987,247.5578850820412
2014-01-17T09:00:00.000000000,5.429472633129689,27.862863544556717
2014-01-17T10:00:00.000000000,9.698438978898595,76.0532765473672
2014-01-17T11:00:00.000000000,12.083546797076444,86.61963077958984
2014-01-17T12:00:00.000000000,10.630049286073618,95.1273403217121
2014-01-17T13:00:00.000000000,6.521751118730244,58.32063211878324
2014-01-17T14:00:00.000000000,11.307757060815382,43.70113565824147
2014-01-17T15:00:00.000000000,12.10662576869016,61.97975885511073
2014-01-17T16:00:00.000000000,10.416156294549689,82.41444616577928
2014-01-17T17:00:00.000000000,12.583193227779299,68.25144294380749
2014-01-17T18:00:00.000000000,12.369347913521887,74.16595814337978
2014-01-17T19:00:00.000000000,11.617532628050881,71.81848671991713
2014-01-17T20:00:00.000000000,12.760145863308425,71.13907245529316
2014-01-17T21:00:00.000000000,14.427671247091709,72.86807562692093
2014-01-17T22:00:00.000000000,13.875,71.07535558394875
2014-01-17T23:00:00.000000000,13.67416158267306,70.78658087539179
2014-01-18T00:00:00.000000000,12.557550228406885,75.59027582682393
2014-01-18T01:00:00.000000000,9.926176104882677,72.18110814145399
2014-01-18T02:00:00.000000000,10.835050114729134,66.18516613873635
2014-01-18T03:00:00.000000000,11.086936935559649,64.41722405114837
2014-01-18T04:00:00.000000000,11.497208899935314,64.91160760652315
2014-01-18T05:00:00.000000000,11.62237339095513,66.55057810942799
2014-01-18T06:00:00.000000000,11.935480392623377,69.78107249147212
2014-01-18T07:00:00.000000000,12.677601714279934,69.99276950169963
2014-01-18T08:00:00.000000000,13.311863260007861,79.17543695136874
2014-01-18T09:00:00.000000000,14.18900498985072,78.67026465049986
2014-01-18T10:00:00.000000000,14.506494203156869,80.92726936594272
2014-01-18T11:00:00.000000000,14.403322913600428,84.02222765051363
2014-01-18T12:00:00.000000000,13.677950190100638,82.96592265025453
2014-01-18T13:00:00.000000000,13.183851703469735,86.73880993716926
2014-01-18T14:00:00.000000000,12.82944298052526,88.49257129058242
2014-01-18T15:00:00.000000000,12.795862592122642,87.92862848327934
2014-01-18T16:00:00.000000000,12.412809894479315,89.59611592205903
2014-01-18T17:00:00.000000000,13.037795110813736,89.61547697665912
2014-01-18T18:00:00.000000000,13.538476782919435,90.68773421462504
2014-01-18T19:00:00.000000000,13.038514183049715,90.71410676424517
2014-01-18T20:00:00.000000000,12.690480097799954,95.82291136415
2014-01-18T21:00:00.000000000,12.699655507138766,96.21563589970265
2014-01-18T22:00:00.000000000,12.346109138618806,97.15380425565252
2014-01-18T23:00:00.000000000,12.169307061728155,94.89072266985795
2014-01-19T00:00:00.000000000,12.136907878968463,92.53826126921393
2014-01-19T01:00:00.000000000,11.346059851242806,103.11764803033759
2014-01-19T02:00:00.000000000,11.091132558720894,99.92943617242179
2014-01-19T03:00:00.000000000,10.72194472496518,100.27498454939393
2014-01-19T04:00:00.000000000,10.38319558764433,100.40355923359931
2014-01-19T05:00:00.000000000,10.512922392179705,100.48156261390136
2014-01-19T06:00:00.000000000,10.340974355024612,99.04103860991256
2014-01-19T07:00:00.000000000,9.943190370180075,96.71405336669227
2014-01-19T08:00:00.000000000,9.730572373917859,99.83744198449585
2014-01-19T09:00:00.000000000,9.438193854566757,98.37692795068256
2014-01-19T10:00:00.000000000,9.544704178829573,97.52522520380398
2014-01-19T11:00:00.000000000,9.369164850721754,103.1092081981543
2014-01-19T12:00:00.000000000,9.015611460128481,106.92751306414704
2014-01-19T13:00:00.000000000,8.18248892452657,108.71173787509974
2014-01-19T14:00:00.000000000,8.341350310351435,109.24952587268172
2014-01-19T15:00:00.000000000,7.675334495097704,109.99905463379542
2014-01-19T16:00:00.000000000,6.969451995078001,105.60662546061639
2014-01-19T17:00:00.000000000,6.626285544153433,101.20395978464882
2014-01-19T18:00:00.000000000,6.227459353540575,100.40771131249005
2014-01-19T19:00:00.000000000,6.467332283231373,87.7846329887837
2014-01-19T20:00:00.000000000,6.516539771928694,82.615986614311
2014-01-19T21:00:00.000000000,6.310952780682169,82.03038960567864
2014-01-19T22:00:00.000000000,5.859020822628983,78.92979742206063
2014-01-19T23:00:00.000000000,6.043192367301555,78.06251501771226
2014-01-20T00:00:00.000000000,7.179058807508595,75.89116609407478
2014-01-20T01:00:00.000000000,6.672810445173888,69.49421526791838
2014-01-20T02:00:00.000000000,6.664479431954791,65.98296055555437
2014-01-20T03:00:00.000000000,6.993300365349683,65.72555886556052
2014-01-20T04:00:00.000000000,7.938238154653714,63.83843355798075
2014-01-20T05:00:00.000000000,8.729440130959144,60.86570780277384
2014-01-20T06:00:00.000000000,9.448875594482129,62.41797079220282
2014-01-20T07:00:00.000000000,8.88124038287906,66.79082454037803
2014-01-20T08:00:00.000000000,8.664763412811686,63.434948822922024
2014-01-20T09:00:00.000000000,8.482971383211886,60.904399131843206
2014-01-20T10:00:00.000000000,8.13930605846572,63.55300784950157
2014-01-20T11:00:00.000000000,8.610495049647263,62.318938431514766
2014-01-20T12:00:00.000000000,8.570197955004993,62.83696260929696
2014-01-20T13:00:00.000000000,7.822825207447342,62.08368610010871
2014-01-20T14:00:00.000000000,7.624683632012005,57.24784844980053
2014-01-20T15:00:00.000000000,7.050044326101787,52.92692668268961
2014-01-20T16:00:00.000000000,6.3194774794342585,49.25120343334413
2014-01-20T17:00:00.000000000,6.41030761648782,40.49223940303017
2014-01-20T18:00:00.000000000,4.859560908744074,28.081163571577918
2014-01-20T19:00:00.000000000,7.059225098239307,7.427045986658015
2014-01-20T20:00:00.000000000,7.456136970003694,15.061403053003176
2014-01-20T21:00:00.000000000,7.7555405271133075,20.275063476458115
2014-01-20T22:00:00.000000000,8.866768897963274,24.39716171775882
2014-01-20T23:00:00.000000000,10.402073110683274,32.73522627210758
2014-01-21T00:00:00.000000000,11.236102527122116,32.27564431457762
2014-01-21T01:00:00.000000000,11.690006415738187,24.646770851931194
2014-01-21T02:00:00.000000000,12.117196019039504,24.370577293453948
2014-01-21T03:00:00.000000000,12.952251367575903,28.222106271157372
2014-01-21T04:00:00.000000000,13.011588137628966,30.161352808579693
2014-01-21T05:00:00.000000000,13.032586619271395,33.14135814657152
2014-01-21T06:00:00.000000000,12.936010420609927,30.356070410776226
2014-01-21T07:00:00.000000000,13.580652390525229,35.63576736899796
2014-01-21T08:00:00.000000000,13.869809704078627,41.34622719010173
2014-01-21T09:00:00.000000000,13.20291855475852,46.803084742327314
2014-01-21T10:00:00.000000000,11.677885776467622,63.35266353438254
2014-01-21T11:00:00.000000000,13.193274801958761,62.94940299291386
2014-01-21T12:00:00.000000000,13.394261831097673,67.50352849976741
2014-01-21T13:00:00.000000000,11.644399672718288,69.05521505386639
2014-01-21T14:00:00.000000000,9.969870065031781,68.67882642121509
2014-01-21T15:00:00.000000000,9.421536371601427,73.58471415120124
2014-01-21T16:00:00.000000000,8.685999897897394,75.58378297175409
2014-01-21T17:00:00.000000000,7.675040716504376,73.92642583525361
2014-01-21T18:00:00.000000000,6.9731628404906765,75.46554491945989
2014-01-21T19:00:00.000000000,6.427480066091221,76.50426671920417
2014-01-21T20:00:00.000000000,6.295560725693822,78.1992172686679
2014-01-21T21:00:00.000000000,6.500589328108395,74.03945779561121
2014-01-21T22:00:00.000000000,6.443261984429936,71.91655461695132
2014-01-21T23:00:00.000000000,5.976753736428625,71.33767914348243
2014-01-22T00:00:00.000000000,6.021551697934556,73.97290663857086
2014-01-22T01:00:00.000000000,3.885650796525178,85.75677518390779
2014-01-22T02:00:00.000000000,3.926055238740504,72.77654289907383
2014-01-22T03:00:00.000000000,4.310234912391667,60.461217740441896
2014-01-22T04:00:00.000000000,5.5971532943095275,60.57254359681025
2014-01-22T05:00:00.000000000,6.264982043070834,61.38954033403479
2014-01-22T06:00:00.000000000,6.569341671735456,68.80594351845775
2014-01-22T07:00:00.000000000,7.388431996259205,72.270103629522
2014-01-22T08:00:00.000000000,7.1009366979527275,76.77103325858332
2014-01-22T09:00:00.000000000,6.350442897940269,79.7960262782683
2014-01-22T10:00:00.000000000,6.15311136640901,84.52105799075576
2014-01-22T11:00:00.000000000,6.638617887023398,86.32947720724081
2014-01-22T12:00:00.000000000,7.097412203518386,93.02869921816733
2014-01-22T13:00:00.000000000,7.799238744903248,96.44160009933506
2014-01-22T14:00:00.000000000,7.609615627612212,104.26451229807992
2014-01-22T15:00:00.000000000,7.1981862810489785,108.21470627226944
2014-01-22T16:00:00.000000000,6.914658342969665,102.52880770915152
2014-01-22T17:00:00.000000000,6.806476695030991,97.38604315126724
2014-01-22T18:00:00.000000000,6.399462868085102,102.40741852740075
2014-01-22T19:00:00.000000000,5.927952850689688,114.9439052634246
2014-01-22T20:00:00.000000000,5.692222038617409,121.80533688271885
2014-01-22T21:00:00.000000000,4.877706670367411,142.60151831506835
2014-01-22T22:00:00.000000000,4.744485094487465,173.3431098964428
2014-01-22T23:00:00.000000000,4.260009309078302,207.24176815728063
2014-01-23T00:00:00.000000000,4.652588766030535,222.82250319994432
2014-01-23T01:00:00.000000000,6.366415789123422,226.59114027119458
2014-01-23T02:00:00.000000000,6.903350635742038,222.0643265535788
2014-01-23T03:00:00.000000000,7.65066464354776,215.22210087184916
2014-01-23T04:00:00.000000000,8.30708604074809,206.8349438753598
2014-01-23T05:00:00.000000000,9.394502549612017,210.28388490075952
2014-01-23T06:00:00.000000000,9.939900332555256,205.9528300998608
2014-01-23T07:00:00.000000000,10.950531408197143,204.83911807350543
2014-01-23T08:00:00.000000000,11.252249443441166,200.89130958083467
2014-01-23T09:00:00.000000000,11.726276713448344,195.26588618775057
2014-01-23T10:00:00.000000000,12.400320451480487,192.6353570898394
2014-01-23T11:00:00.000000000,12.098890941498444,199.74545140723808
2014-01-23T12:00:00.000000000,12.228931325016031,204.3906692521913
2014-01-23T13:00:00.000000000,13.374662622445307,203.9298979452754
2014-01-23T14:00:00.000000000,12.938723766449472,201.35945268944943
2014-01-23T15:00:00.000000000,10.610694743349558,202.36551646218115
2014-01-23T16:00:00.000000000,7.183595848772675,206.11928625893728
2014-01-23T17:00:00.000000000,4.227959354212508,208.2321358233604
2014-01-23T18:00:00.000000000,4.451763887466703,214.35962261447798
2014-01-23T19:00:00.000000000,2.993362398167718,215.48237097294793
2014-01-23T20:00:00.000000000,1.7154237927826528,292.267256388233
2014-01-23T21:00:00.000000000,6.077161009207632,1.5322549457903278
2014-01-23T22:00:00.000000000,8.639480597813737,31.390268104187783
2014-01-23T23:00:00.000000000,14.118119827098333,42.70366416554026
2014-01-24T00:00:00.000000000,13.90553613632577,44.01663880808371
2014-01-24T01:00:00.000000000,11.812971745165019,46.543534750404035
2014-01-24T02:00:00.000000000,9.691403412987036,40.44900463280328
2014-01-24T03:00:00.000000000,10.79995028869586,38.090189779761715
2014-01-24T04:00:00.000000000,11.662366767221686,29.752504788818783
2014-01-24T05:00:00.000000000,12.72586878431936,43.129300116834884
2014-01-24T06:00:00.000000000,14.656794409160504,60.74605526158439
2014-01-24T07:00:00.000000000,15.111179878373294,58.979346977611556
2014-01-24T08:00:00.000000000,15.455270208818533,54.21452201818238
2014-01-24T09:00:00.000000000,15.35764085696657,53.37260517090971
2014-01-24T10:00:00.000000000,16.204289989593,56.101542041640414
2014-01-24T11:00:00.000000000,16.03650954281492,57.833661886363075
2014-01-24T12:00:00.000000000,15.58597960721988,57.87771780746084
2014-01-24T13:00:00.000000000,14.382963057600959,53.58822208960959
2014-01-24T14:00:00.000000000,13.881448904606785,56.49595875113141
2014-01-24T15:00:00.000000000,13.898792784407098,56.109851698493344
2014-01-24T16:00:00.000000000,13.348157742319978,57.738684857671444
2014-01-24T17:00:00.000000000,13.388248223306581,58.476610090613406
2014-01-24T18:00:00.000000000,13.579962025066514,58.167915928505806
2014-01-24T19:00:00.000000000,13.691975459696524,60.46273780033317
2014-01-24T20:00:00.000000000,12.393478687955687,61.703161434874346
2014-01-24T21:00:00.000000000,11.818274360153373,67.42208556107346
2014-01-24T22:00:00.000000000,10.91485709831895,66.87033255841789
2014-01-24T23:00:00.000000000,10.766913914333196,63.82167810908675
2014-01-25T00:00:00.000000000,10.886984654331373,61.16903549454406
2014-01-25T01:00:00.000000000,9.805437412559348,59.08634606084331
2014-01-25T02:00:00.000000000,10.001946422499064,60.00643725203082
2014-01-25T03:00:00.000000000,9.20748883254976,57.755504946496444
2014-01-25T04:00:00.000000000,9.452918728527807,55.07004119904292
2014-01-25T05:00:00.000000000,9.360731975298554,51.12511530062915
2014-01-25T06:00:00.000000000,9.199184746487049,47.20259816176582
2014-01-25T07:00:00.000000000,8.789456801377819,48.055190486676906
2014-01-25T08:00:00.000000000,8.316023689239948,47.43664824681014
2014-01-25T09:00:00.000000000,8.186671926148838,46.237297147909715
2014-01-25T10:00:00.000000000,8.243368546898774,49.30446896050796
2014-01-25T11:00:00.000000000,7.430186672501019,52.72526704955379
2014-01-25T12:00:00.000000000,7.34686495984796,57.01291926598992
2014-01-25T13:00:00.000000000,5.432226509535343,59.12668115118203
2014-01-25T14:00:00.000000000,5.235097897842981,56.6893691754392
2014-01-25T15:00:00.000000000,4.397603237881035,52.73921773264482
2014-01-25T16:00:00.000000000,4.065863991822648,45.0
2014-01-25T17:00:00.000000000,3.0554522558521127,37.854408163044525
2014-01-25T18:00:00.000000000,2.809025631780529,32.27564431457762
2014-01-25T19:00:00.000000000,2.3328175534665716,22.029437366695902
2014-01-25T20:00:00.000000000,2.0615528128088303,14.036243467926454
2014-01-25T21:00:00.000000000,1.773459081156583,350.6704125353799
2014-01-25T22:00:00.000000000,2.1505813167606567,324.4623222080256
2014-01-25T23:00:00.000000000,2.551624088237089,326.3877519010733
2014-01-26T00:00:00.000000000,2.947696365436366,300.5887201298629
2014-01-26T01:00:00.000000000,4.104664296506077,275.2418218599448
2014-01-26T02:00:00.000000000,4.7909419741842,262.5041423602701
2014-01-26T03:00:00.000000000,4.9253499089276405,251.19720820150525
2014-01-26T04:00:00.000000000,5.038911092686593,246.61477894278624
2014-01-26T05:00:00.000000000,5.864470680454181,237.80043062671902
2014-01-26T06:00:00.000000000,6.350442897940269,233.80679269443533
2014-01-26T07:00:00.000000000,6.2273222064485125,235.38484693769215
2014-01-26T08:00:00.000000000,6.45174395028197,234.46232220802563
2014-01-26T09:00:00.000000000,7.956697138177276,235.88552993951666
2014-01-26T10:00:00.000000000,8.650325138397978,232.63333058723128
2014-01-26T11:00:00.000000000,9.14943320465251,224.05900170545002
2014-01-26T12:00:00.000000000,10.965306734451696,221.30266921944124
2014-01-26T13:00:00.000000000,13.007708350497476,217.18924806325268
2014-01-26T14:00:00.000000000,13.913634504520818,218.1774743170451
2014-01-26T15:00:00.000000000,13.530840584654944,222.19182254788686
2014-01-26T16:00:00.000000000,12.684633921761534,225.67877584717817
2014-01-26T17:00:00.000000000,11.77864984469865,223.27997669461405
2014-01-26T18:00:00.000000000,12.51681374743341,224.27177175722497
2014-01-26T19:00:00.000000000,13.397831242890883,218.48452344517366
2014-01-26T20:00:00.000000000,12.032938998691638,220.40765838854188
2014-01-26T21:00:00.000000000,11.91480813972786,225.17010837214272
2014-01-26T22:00:00.000000000,10.675864352663234,235.39833931643636
2014-01-26T23:00:00.000000000,9.179806085144213,244.16787781851679
2014-01-27T00:00:00.000000000,7.202705061109642,252.32002200668796
2014-01-27T01:00:00.000000000,8.140745627842723,236.96898888781445
2014-01-27T02:00:00.000000000,5.861055603445917,264.8612649806711
2014-01-27T03:00:00.000000000,5.0193045054776295,309.23948028029866
2014-01-27T04:00:00.000000000,5.015996492164683,336.50154363626416
2014-01-27T05:00:00.000000000,3.333205880528375,350.5024513067177
2014-01-27T06:00:00.000000000,0.7526139871433476,355.2370221639476
2014-01-27T07:00:00.000000000,2.1676990193416628,273.9684691498484
2014-01-27T08:00:00.000000000,1.8762155696459313,260.412438598829
2014-01-27T09:00:00.000000000,1.4181971483750344,229.28971953878022
2014-01-27T10:00:00.000000000,3.0841549429694286,203.65639255387651
2014-01-27T11:00:00.000000000,4.671604425956332,231.62786265089343
2014-01-27T12:00:00.000000000,5.602855498482605,235.6366398145749
2014-01-27T13:00:00.000000000,10.520396009053748,215.5219413759055
2014-01-27T14:00:00.000000000,12.403563765828352,240.07610908037688
2014-01-27T15:00:00.000000000,16.835309468718815,233.45343487062857
2014-01-27T16:00:00.000000000,20.05747185576353,231.8588575179359
2014-01-27T17:00:00.000000000,19.665041089594556,241.61051779836217
2014-01-27T18:00:00.000000000,18.326306931358094,254.97802892194568
2014-01-27T19:00:00.000000000,17.460440904016792,259.856641106142
2014-01-27T20:00:00.000000000,18.455762604016243,266.0775754279184
2014-01-27T21:00:00.000000000,18.82290268128883,271.90290340159436
2014-01-27T22:00:00.000000000,18.574171285719355,277.85208356848
2014-01-27T23:00:00.000000000,18.618811247970473,281.22703410118595
2014-01-28T00:00:00.000000000,18.754485448950263,280.75580783083416
2014-01-28T01:00:00.000000000,21.501741359620734,276.81109807696595
2014-01-28T02:00:00.000000000,21.78883895305755,278.711251089711
2014-01-28T03:00:00.000000000,19.803057128738956,282.6152090440475
2014-01-28T04:00:00.000000000,18.082748621696453,293.46396419197777
2014-01-28T05:00:00.000000000,16.134176370162898,301.3749974695117
2014-01-28T06:00:00.000000000,14.307848445656608,356.9451395912719
2014-01-28T07:00:00.000000000,16.547125904013903,17.997001441613577
2014-01-28T08:00:00.000000000,15.213812015227203,44.03464829670918
2014-01-28T09:00:00.000000000,13.153936295530084,55.76630340645073
2014-01-28T10:00:00.000000000,14.915987133717305,68.20751424149768
2014-01-28T11:00:00.000000000,12.642408949947821,70.77679602411268
2014-01-28T12:00:00.000000000,13.486894581519762,68.80998987055438
2014-01-28T13:00:00.000000000,13.674390031696545,62.802521924761265
2014-01-28T14:00:00.000000000,14.450700785477114,63.65659478193402
2014-01-28T15:00:00.000000000,13.67964522526048,65.14441620307673
2014-01-28T16:00:00.000000000,13.511832659418701,65.80608970416785
2014-01-28T17:00:00.000000000,12.90378594110724,65.99243001924901
2014-01-28T18:00:00.000000000,12.220175489280496,63.2514803114849
2014-01-28T19:00:00.000000000,10.901613847895723,59.701006404551265
2014-01-28T20:00:00.000000000,10.176706440526992,61.13678793561127
2014-01-28T21:00:00.000000000,9.649393380568375,66.88911376445117
2014-01-28T22:00:00.000000000,9.527099506145614,70.85186254206042
2014-01-28T23:00:00.000000000,9.52241741174933,71.63640613753938
2014-01-29T00:00:00.000000000,9.208938985493486,70.16307598120284
2014-01-29T01:00:00.000000000,7.710585256645568,70.09625046269218
2014-01-29T02:00:00.000000000,7.77232769031347,72.49756914666636
2014-01-29T03:00:00.000000000,7.915570099493782,74.42745640318975
2014-01-29T04:00:00.000000000,8.896101674329042,72.83808119713467
2014-01-29T05:00:00.000000000,9.352382516696043,78.43475565810161
2014-01-29T06:00:00.000000000,8.735247978079489,82.6004066072785
2014-01-29T07:00:00.000000000,9.318161031018942,83.06565109873043
2014-01-29T08:00:00.000000000,9.132702228803915,87.64670313389172
2014-01-29T09:00:00.000000000,10.003124511871277,91.43209618416466
2014-01-29T10:00:00.000000000,10.284157901228557,94.67109963003281
2014-01-29T11:00:00.000000000,9.988274375486489,98.63713141507077
2014-01-29T12:00:00.000000000,10.399819709975745,103.2010871757056
2014-01-29T13:00:00.000000000,9.681623996520813,109.30054505031535
2014-01-29T14:00:00.000000000,5.4996768622440735,187.7065576985809
2014-01-29T15:00:00.000000000,10.128072625218906,217.47805177063898
2014-01-29T16:00:00.000000000,8.907670864289583,228.4131992016552
2014-01-29T17:00:00.000000000,9.678409126846908,232.34568158412765
2014-01-29T18:00:00.000000000,7.214842206464658,236.80549729616325
2014-01-29T19:00:00.000000000,8.617813677556493,216.38786766222808
2014-01-29T20:00:00.000000000,10.272917459312497,210.65291518395054
2014-01-29T21:00:00.000000000,9.191065188660566,209.49361818713126
2014-01-29T22:00:00.000000000,10.075477970872296,213.00004001079907
2014-01-29T23:00:00.000000000,10.517920808260902,215.0310616344193
2014-01-30T00:00:00.000000000,9.808778585622827,212.88000135122434
2014-01-30T01:00:00.000000000,11.677885776467622,206.64733646561746
2014-01-30T02:00:00.000000000,10.47068816118258,206.1368014926024
2014-01-30T03:00:00.000000000,8.97988930570884,202.85300938038912
2014-01-30T04:00:00.000000000,8.237797788396733,198.21501779087072
2014-01-30T05:00:00.000000000,8.185071151377526,192.61422794496133
2014-01-30T06:00:00.000000000,8.885780062254176,186.70513542921628
2014-01-30T07:00:00.000000000,10.363322259018679,185.67623908220193
2014-01-30T08:00:00.000000000,10.07430979428813,182.77367518837542
2014-01-30T09:00:00.000000000,9.78172540083696,182.12383135278014
2014-01-30T10:00:00.000000000,9.487800961812114,180.45293953096365
2014-01-30T11:00:00.000000000,7.7883141228379795,180.82768326168184
2014-01-30T12:00:00.000000000,5.290381596060773,181.89559462112086
2014-01-30T13:00:00.000000000,4.049996999879995,180.0
2014-01-30T14:00:00.000000000,5.263373252864075,130.95558190378358
2014-01-30T15:00:00.000000000,6.5405585722871376,116.80993282821203
2014-01-30T16:00:00.000000000,6.32505539525743,126.64346068483741
2014-01-30T17:00:00.000000000,6.181542084285267,123.36876488547193
2014-01-30T18:00:00.000000000,6.416256742860502,121.21261944493625
2014-01-30T19:00:00.000000000,6.0794994196865435,118.35665416316147
2014-01-30T20:00:00.000000000,6.8386026211308995,111.21799438704289
2014-01-30T21:00:00.000000000,7.300912375045008,100.65586363250662
2014-01-30T22:00:00.000000000,8.300884756692927,103.76425367561859
2014-01-30T23:00:00.000000000,9.167885252600252,103.88467688839216
2014-01-31T00:00:00.000000000,9.877540774786015,103.61418736963321
2014-01-31T01:00:00.000000000,8.805622046267224,101.21422303843622
2014-01-31T02:00:00.000000000,8.625577933111696,93.15676531545512
2014-01-31T03:00:00.000000000,8.144470062304595,95.99055714255638
2014-01-31T04:00:00.000000000,7.860923587742511,100.16627527575355
2014-01-31T05:00:00.000000000,7.638892276184571,107.1302750147729
2014-01-31T06:00:00.000000000,7.435145661366039,110.2629147351434
2014-01-31T07:00:00.000000000,7.929869126874795,114.98964842275348
2014-01-31T08:00:00.000000000,8.89118276723744,118.00623690214962
2014-01-31T09:00:00.000000000,8.955443666032437,125.39833286448504
2014-01-31T10:00:00.000000000,6.86459466716166,139.72704978433075
2014-01-31T11:00:00.000000000,5.115198246188355,161.03386751718028
2014-01-31T12:00:00.000000000,4.969364880424745,191.90356042012684
2014-01-31T13:00:00.000000000,9.47118006138175,210.62657098000554
2014-01-31T14:00:00.000000000,10.289909453965768,199.07326149342845
2014-01-31T15:00:00.000000000,10.457131155102822,208.9548405788385
2014-01-31T16:00:00.000000000,12.166483555570046,207.67081858157445
2014-01-31T17:00:00.000000000,13.25077011904184,211.38088920494422
2014-01-31T18:00:00.000000000,13.399448257619278,204.93940942561446
2014-01-31T19:00:00.000000000,13.888679360288982,204.0043856994241
2014-01-31T20:00:00.000000000,13.88043987760309,206.70350771217747
2014-01-31T21:00:00.000000000,14.081834333988768,206.86074190174256
2014-01-31T22:00:00.000000000,14.69984270141433,210.62117564442607
2014-01-31T23:00:00.000000000,14.629010074122315,212.6852236160368
2014-02-01T00:00:00.000000000,14.433184492174965,214.1992868067117
2014-02-01T01:00:00.000000000,14.906955289360138,212.5706871382813
2014-02-01T02:00:00.000000000,15.062318890633392,210.52340708646148
2014-02-01T03:00:00.000000000,14.27427265662886,209.0789795167616
2014-02-01T04:00:00.000000000,13.962831624149347,205.1656423968838
2014-02-01T05:00:00.000000000,13.13658427637315,202.4898638420816
2014-02-01T06:00:00.000000000,14.261527816243124,199.72139791696256
2014-02-01T07:00:00.000000000,11.791884645726787,201.45179215208756
2014-02-01T08:00:00.000000000,12.258611360936735,200.59709135573692
2014-02-01T09:00:00.000000000,10.95822755331383,199.17903701300037
2014-02-01T10:00:00.000000000,10.882256130799675,198.62228957501802
2014-02-01T11:00:00.000000000,12.151063023802541,198.4722577763982
2014-02-01T12:00:00.000000000,11.507140555279703,200.00971620072636
2014-02-01T13:00:00.000000000,12.408936685144571,203.69878973112102
2014-02-01T14:00:00.000000000,12.600266289837657,206.64131291091385
2014-02-01T15:00:00.000000000,10.292317397434209,205.84927725594545
2014-02-01T16:00:00.000000000,9.029200690469027,204.36520816188613
2014-02-01T17:00:00.000000000,9.844529295337088,206.95553054793598
2014-02-01T18:00:00.000000000,10.105865383382866,202.85432642569853
2014-02-01T19:00:00.000000000,9.628108395810765,203.0032896036329
2014-02-01T20:00:00.000000000,10.440266797567517,211.38732136471037
2014-02-01T21:00:00.000000000,10.777713473961606,216.51105778428965
2014-02-01T22:00:00.000000000,11.219048521966636,213.31825857541128
2014-02-01T23:00:00.000000000,11.636157527576286,208.7676810770475
2014-02-02T00:00:00.000000000,11.481691298845297,208.26698026465778
2014-02-02T01:00:00.000000000,11.99152650702519,212.3979106511992
2014-02-02T02:00:00.000000000,11.665202811827069,208.89957071959927
2014-02-02T03:00:00.000000000,11.654282813573994,204.99836861863963
2014-02-02T04:00:00.000000000,12.424894722215107,203.2894831355165
2014-02-02T05:00:00.000000000,12.810674253008852,201.88455649535152
2014-02-02T06:00:00.000000000,14.127210198706607,202.25339779738025
2014-02-02T07:00:00.000000000,15.0154920442992,206.92780340852627
2014-02-02T08:00:00.000000000,14.626006063382349,208.42692814165827
2014-02-02T09:00:00.000000000,14.523253212629582,206.5872558471084
2014-02-02T10:00:00.000000000,15.283818526035036,206.20891908719577
2014-02-02T11:00:00.000000000,15.491398816589646,207.22679256455478
2014-02-02T12:00:00.000000000,16.464223505520632,207.24605831372247
2014-02-02T13:00:00.000000000,16.027989684164417,213.19443921312552
2014-02-02T14:00:00.000000000,15.191681167697556,214.88013572210426
2014-02-02T15:00:00.000000000,13.383322613300384,220.75813901132855
2014-02-02T16:00:00.000000000,12.803843780800497,219.5335851648041
2014-02-02T17:00:00.000000000,12.551053633694023,222.86117205896446
2014-02-02T18:00:00.000000000,9.645697812345656,226.31291004099498
2014-02-02T19:00:00.000000000,9.064784726583342,215.0051783246676
2014-02-02T20:00:00.000000000,9.213724162076455,207.46909188550273
2014-02-02T21:00:00.000000000,7.699460649960704,209.89507940266952
2014-02-02T22:00:00.000000000,4.2059376120928,198.00438023957815
2014-02-02T23:00:00.000000000,7.638960764086858,61.88339530808082
2014-02-03T00:00:00.000000000,16.27682002576567,82.49840704605936
2014-02-03T01:00:00.000000000,15.78234027946724,80.42577664375858
2014-02-03T02:00:00.000000000,14.819889496763938,79.30613281514678
2014-02-03T03:00:00.000000000,16.212054726460405,73.88469842915498
2014-02-03T04:00:00.000000000,16.750117680414316,73.07960686259077
2014-02-03T05:00:00.000000000,16.864854879733084,74.96463392988159
2014-02-03T06:00:00.000000000,18.737868341667145,72.93099395631054
2014-02-03T07:00:00.000000000,19.250879420284864,69.87068551489267
2014-02-03T08:00:00.000000000,19.360177486503794,73.10942137111891
2014-02-03T09:00:00.000000000,19.098274045555296,74.04430559352761
2014-02-03T10:00:00.000000000,18.041839783038558,77.47549642680104
2014-02-03T11:00:00.000000000,16.881211620274804,79.76346034140141
2014-02-03T12:00:00.000000000,16.373170804822664,81.65957226812941
2014-02-03T13:00:00.000000000,14.503821030653675,83.56710620536956
2014-02-03T14:00:00.000000000,14.189505760920703,86.46459604615575
2014-02-03T15:00:00.000000000,13.788068124801125,90.51943974193586
2014-02-03T16:00:00.000000000,12.490099066980898,94.59221090905169
2014-02-03T17:00:00.000000000,11.510655519511989,97.48773973760848
2014-02-03T18:00:00.000000000,11.223985554453176,100.45894986132544
2014-02-03T19:00:00.000000000,11.416122266400645,91.44307882249797
2014-02-03T20:00:00.000000000,11.343426074773742,95.69174509084519
2014-02-03T21:00:00.000000000,10.679925678053747,102.84885010879634
2014-02-03T22:00:00.000000000,10.312986260714052,108.36906376549649
2014-02-03T23:00:00.000000000,10.074382298789196,117.32809407113285
2014-02-04T00:00:00.000000000,10.263627952074344,116.78349430625332
2014-02-04T01:00:00.000000000,9.24061246552423,116.77302872923957
2014-02-04T02:00:00.000000000,8.383931012626087,113.08643539235493
2014-02-04T03:00:00.000000000,8.803097363268723,108.71797379479261
2014-02-04T04:00:00.000000000,9.38630893772006,109.689764314471
2014-02-04T05:00:00.000000000,9.419967760717483,113.70774816865162
2014-02-04T06:00:00.000000000,9.264329480568653,117.56772391679561
2014-02-04T07:00:00.000000000,8.89961375566378,119.4454287299256
2014-02-04T08:00:00.000000000,8.532006504137916,123.82976187693271
2014-02-04T09:00:00.000000000,8.991799386010396,125.72287182368518
2014-02-04T10:00:00.000000000,8.541404067736575,125.83011190359537
2014-02-04T11:00:00.000000000,6.5173915688691535,136.78749315206318
2014-02-04T12:00:00.000000000,4.917905612461139,193.22383835139297
2014-02-04T13:00:00.000000000,8.555931477039707,201.69260239410877
2014-02-04T14:00:00.000000000,11.34441338957745,204.47531143111482
2014-02-04T15:00:00.000000000,13.031845358236833,210.74697693374782
2014-02-04T16:00:00.000000000,14.190185513396722,207.6034003958055
2014-02-04T17:00:00.000000000,15.179888275826798,205.50999978190896
2014-02-04T18:00:00.000000000,16.367391849097366,204.02024731861053
2014-02-04T19:00:00.000000000,17.006734550379267,202.6069080125784
2014-02-04T20:00:00.000000000,16.564673014187267,202.30723158274958
2014-02-04T21:00:00.000000000,16.875211682139987,203.71686383158288
2014-02-04T22:00:00.000000000,16.71061468624027,203.4968573980736
2014-02-04T23:00:00.000000000,16.725007995273394,198.88182400251588
2014-02-05T00:00:00.000000000,16.73922701714054,201.14195237448922
2014-02-05T01:00:00.000000000,16.498417085190745,200.53572338659865
2014-02-05T02:00:00.000000000,16.355167855050706,201.66317228979673
2014-02-05T03:00:00.000000000,16.737181741712796,199.00329335952856
2014-02-05T04:00:00.000000000,17.04851090657151,196.30893619115588
2014-02-05T05:00:00.000000000,16.966517763201892,197.847597646032
2014-02-05T06:00:00.000000000,16.76437223767643,198.07018637838698
2014-02-05T07:00:00.000000000,16.416507488843287,200.64284856594261
2014-02-05T08:00:00.000000000,16.663761781769086,200.46047275894446
2014-02-05T09:00:00.000000000,17.038074742203857,199.85740872069115
2014-02-05T10:00:00.000000000,17.18624038182624,200.83406463278624
2014-02-05T11:00:00.000000000,17.368785693592343,204.0378535616801
2014-02-05T12:00:00.000000000,17.465672570645914,205.7031143054738
2014-02-05T13:00:00.000000000,18.31958784534355,203.69653965401497
2014-02-05T14:00:00.000000000,18.563495737872362,205.35718703349025
2014-02-05T15:00:00.000000000,18.587070202117765,204.60021762416622
2014-02-05T16:00:00.000000000,18.07573785003697,207.55739737558943
2014-02-05T17:00:00.000000000,17.328751115189604,207.91446173243673
2014-02-05T18:00:00.000000000,16.39896411582967,207.6588752996987
2014-02-05T19:00:00.000000000,15.980715023274904,205.28223016001837
2014-02-05T20:00:00.000000000,15.173406137761525,204.79162974533753
2014-02-05T21:00:00.000000000,14.992087946916712,204.42814127929725
2014-02-05T22:00:00.000000000,15.018127326576078,205.43463883816077
2014-02-05T23:00:00.000000000,15.501746186210736,206.27579046126272
2014-02-06T00:00:00.000000000,15.593206343980057,205.59960177429448
2014-02-06T01:00:00.000000000,17.049875042569234,201.27879106432678
2014-02-06T02:00:00.000000000,16.509407918771327,200.01276405967496
2014-02-06T03:00:00.000000000,16.862252450479573,199.57669033764935
2014-02-06T04:00:00.000000000,16.974350547760018,198.9953520881505
2014-02-06T05:00:00.000000000,17.210929159068687,198.72445799878284
2014-02-06T06:00:00.000000000,17.574828457812938,198.0225803008086
2014-02-06T07:00:00.000000000,17.91328045961931,200.76195217705484
2014-02-06T08:00:00.000000000,18.068554619510294,198.59791492108837
2014-02-06T09:00:00.000000000,18.228017358587824,196.2476455411823
2014-02-06T10:00:00.000000000,17.712621377417733,196.73411569541918
2014-02-06T11:00:00.000000000,17.58367421286743,197.7136502550762
2014-02-06T12:00:00.000000000,17.723593640609305,196.42832646644155
2014-02-06T13:00:00.000000000,18.92678380829979,198.00417348226947
2014-02-06T14:00:00.000000000,18.934083082806012,199.5953138342111
2014-02-06T15:00:00.000000000,18.456438180508332,198.888998843604
2014-02-06T16:00:00.000000000,17.6295938675487,197.24013642677383
2014-02-06T17:00:00.000000000,18.34724366725206,196.54596229264075
2014-02-06T18:00:00.000000000,18.82886774545217,195.71551743628223
2014-02-06T19:00:00.000000000,18.149676401018,195.37626152223217
2014-02-06T20:00:00.000000000,18.16287959174992,195.07875329684933
2014-02-06T21:00:00.000000000,16.856739633590816,199.26799566009566
2014-02-06T22:00:00.000000000,16.273481190971676,203.926748105217
2014-02-06T23:00:00.000000000,15.6137199737211,206.1753075651168
2014-02-07T00:00:00.000000000,14.60360504161361,207.530172918306
2014-02-07T01:00:00.000000000,10.772980335824386,230.60313731179576
2014-02-07T02:00:00.000000000,7.4163045127649365,268.16504126638335
2014-02-07T03:00:00.000000000,7.156111360038557,326.97619286400374
2014-02-07T04:00:00.000000000,8.42883732340751,8.442566052661277
2014-02-07T05:00:00.000000000,9.049038384551624,30.46153349115798
2014-02-07T06:00:00.000000000,8.591795688077454,45.58944239303298
2014-02-07T07:00:00.000000000,6.602427109631863,50.916654616299866
2014-02-07T08:00:00.000000000,5.929270612815711,71.56505117707798
2014-02-07T09:00:00.000000000,5.3865135558601125,97.73532167715143
2014-02-07T10:00:00.000000000,5.505473521607781,99.01326283940938
2014-02-07T11:00:00.000000000,4.997616391526653,116.43684194282417
2014-02-07T12:00:00.000000000,5.923788731235572,118.62015153052062
2014-02-07T13:00:00.000000000,1.539585090344966,66.55694784345667
2014-02-07T14:00:00.000000000,2.2875015000600025,90.0
2014-02-07T15:00:00.000000000,1.7235540753234355,113.9625396060419
2014-02-07T16:00:00.000000000,1.364739902195663,151.5569098649447
2014-02-07T17:00:00.000000000,1.8687073042672613,146.73509756984328
2014-02-07T18:00:00.000000000,2.997197966931635,148.29864208734602
2014-02-07T19:00:00.000000000,3.650798938538089,129.30327100857477
2014-02-07T20:00:00.000000000,3.6807212526438127,125.74128940970127
2014-02-07T21:00:00.000000000,3.0936426991532167,135.3274794684902
2014-02-07T22:00:00.000000000,4.120261702826957,152.73537169134
2014-02-07T23:00:00.000000000,5.163605307865961,160.33697242306584
2014-02-08T00:00:00.000000000,7.000519798417415,198.53216432161065
2014-02-08T01:00:00.000000000,10.614439719236392,204.93541257397877
2014-02-08T02:00:00.000000000,10.339599850795931,222.89334430702885
2014-02-08T03:00:00.000000000,10.110626648346933,222.74539760404357
2014-02-08T04:00:00.000000000,9.331129397392338,214.7971275163352
2014-02-08T05:00:00.000000000,9.45001848386489,212.3026714082833
2014-02-08T06:00:00.000000000,9.561261621265514,212.2356953564093
2014-02-08T07:00:00.000000000,10.21556710984699,207.7880899066743
2014-02-08T08:00:00.000000000,12.166395612433535,203.87895552777874
2014-02-08T09:00:00.000000000,14.83591565621083,197.80917415791734
2014-02-08T10:00:00.000000000,15.977782895957853,200.27808932257315
2014-02-08T11:00:00.000000000,16.46793760371513,200.25073761835736
2014-02-08T12:00:00.000000000,16.36957821768069,202.25648520967218
2014-02-08T13:00:00.000000000,15.381422034046857,205.46146642476714
2014-02-08T14:00:00.000000000,14.79204263598981,211.312642304085
2014-02-08T15:00:00.000000000,13.925850448185185,208.29045612718042
2014-02-08T16:00:00.000000000,13.765215289748031,201.29916729950244
2014-02-08T17:00:00.000000000,13.640743636373694,205.97818034453385
2014-02-08T18:00:00.000000000,14.049249037136127,220.23651637285968
2014-02-08T19:00:00.000000000,13.894941491748488,222.92224908707678
2014-02-08T20:00:00.000000000,13.250110290806557,251.29172537246532
2014-02-08T21:00:00.000000000,17.34243327833338,291.2569976390739
2014-02-08T22:00:00.000000000,16.622211102112804,301.8136081070974
2014-02-08T23:00:00.000000000,22.286175422814146,321.12440972264824
2014-02-09T00:00:00.000000000,18.104527814410194,350.3816351036548
2014-02-09T01:00:00.000000000,19.895240684155155,22.73063935760365
2014-02-09T02:00:00.000000000,18.648373824851618,5.500413848959795
2014-02-09T03:00:00.000000000,17.42717884566435,4.937697825292503
2014-02-09T04:00:00.000000000,17.993449447130555,358.5271233876362
2014-02-09T05:00:00.000000000,17.724653362153752,354.73972409147086
2014-02-09T06:00:00.000000000,18.59945586695025,5.128193992141746
2014-02-09T07:00:00.000000000,19.917014424981307,9.610116771504408
2014-02-09T08:00:00.000000000,19.377066948239435,9.01874251492984
2014-02-09T09:00:00.000000000,17.255665019248976,12.254195137067484
2014-02-09T10:00:00.000000000,14.90766180329695,19.24016828420605
2014-02-09T11:00:00.000000000,15.745761590554581,42.007494527207996
2014-02-09T12:00:00.000000000,13.963895287575333,48.99259523721537
2014-02-09T13:00:00.000000000,10.280664022248844,44.162552095345575
2014-02-09T14:00:00.000000000,8.444202026430133,40.97848489580997
2014-02-09T15:00:00.000000000,7.767502516981796,40.431279240579215
2014-02-09T16:00:00.000000000,7.203514767111955,38.65980825409008
2014-02-09T17:00:00.000000000,7.079901129253148,42.13759477388828
2014-02-09T18:00:00.000000000,7.426725388756474,46.36392753160294
2014-02-09T19:00:00.000000000,6.366415789123422,46.591140271194604
2014-02-09T20:00:00.000000000,5.340002340823457,57.42594286542749
2014-02-09T21:00:00.000000000,4.298420318901092,58.4361704555368
2014-02-09T22:00:00.000000000,4.229731078922158,55.840305454330576
2014-02-09T23:00:00.000000000,4.873862519879562,71.61150302953865
2014-02-10T00:00:00.000000000,5.496150663249396,74.16200426644338
2014-02-10T01:00:00.000000000,4.921081561811566,57.763222764085924
2014-02-10T02:00:00.000000000,4.86376911458593,64.09349200048564
2014-02-10T03:00:00.000000000,5.436695732489704,74.94128152539616
2014-02-10T04:00:00.000000000,5.974279317355921,86.40123098018415
2014-02-10T05:00:00.000000000,6.2325867512419535,85.39858665815501
2014-02-10T06:00:00.000000000,5.87086141352372,83.88882693172229
2014-02-10T07:00:00.000000000,6.929430765703755,80.65661702399211
2014-02-10T08:00:00.000000000,6.254998001598402,92.29061004263855
2014-02-10T09:00:00.000000000,6.619315313981767,99.01763702479775
2014-02-10T10:00:00.000000000,6.886330443304582,102.90108769756375
2014-02-10T11:00:00.000000000,6.979634524774809,105.90312641732828
2014-02-10T12:00:00.000000000,6.663671049933867,104.11444826551485
2014-02-10T13:00:00.000000000,5.4562021692690905,120.26589361520973
2014-02-10T14:00:00.000000000,3.23114901783615,191.831599759317
2014-02-10T15:00:00.000000000,5.080264139378339,235.01952487861917
2014-02-10T16:00:00.000000000,7.878967254659712,228.2154839917482
2014-02-10T17:00:00.000000000,8.893626944420006,223.8610692036571
2014-02-10T18:00:00.000000000,10.064084887034527,219.3044226304691
2014-02-10T19:00:00.000000000,10.054510254212637,211.47683042272178
2014-02-10T20:00:00.000000000,10.46524261315174,212.51317376597657
2014-02-10T21:00:00.000000000,11.974618404805176,213.80618302113854
2014-02-10T22:00:00.000000000,11.941560223257422,214.6382537927363
2014-02-10T23:00:00.000000000,11.164240993787171,215.29158185850713
2014-02-11T00:00:00.000000000,11.024777397012791,213.4378280049504
2014-02-11T01:00:00.000000000,11.725792303965934,207.90363084681275
2014-02-11T02:00:00.000000000,11.12570893273841,205.70136165323814
2014-02-11T03:00:00.000000000,10.984836244634879,206.2734723861866
2014-02-11T04:00:00.000000000,11.0456893604016,208.3051456717273
2014-02-11T05:00:00.000000000,11.650152904528946,206.9224607625249
2014-02-11T06:00:00.000000000,11.49136735167345,204.2789196304746
2014-02-11T07:00:00.000000000,11.374881368546056,204.95987621244825
2014-02-11T08:00:00.000000000,10.583798813968446,203.74953017095046
2014-02-11T09:00:00.000000000,11.193382541045173,204.47575994106234
2014-02-11T10:00:00.000000000,11.287623723548469,209.2333496305368
2014-02-11T11:00:00.000000000,11.643317126618811,208.95903898691088
2014-02-11T12:00:00.000000000,9.656357367541156,210.14968105740968
2014-02-11T13:00:00.000000000,9.959051014429102,212.493279714601
2014-02-11T14:00:00.000000000,9.29373164392307,210.2897409036022
2014-02-11T15:00:00.000000000,9.927447510873062,209.82544031959122
2014-02-11T16:00:00.000000000,10.904035506737394,217.82891480169638
2014-02-11T17:00:00.000000000,10.879096308784204,220.4799149944038
2014-02-11T18:00:00.000000000,10.264540813255909,218.5726386073021
2014-02-11T19:00:00.000000000,9.730529515561017,209.72662918535008
2014-02-11T20:00:00.000000000,9.216369563986616,210.39068317944657
2014-02-11T21:00:00.000000000,9.034010242683138,215.82336754046577
2014-02-11T22:00:00.000000000,11.932837043386378,215.62140601002667
2014-02-11T23:00:00.000000000,14.219721987692894,223.21898946712307
2014-02-12T00:00:00.000000000,11.271353122732334,226.0334637386139
2014-02-12T01:00:00.000000000,10.530218264948015,210.61382766684977
2014-02-12T02:00:00.000000000,12.544178620249923,212.96163297483682
2014-02-12T03:00:00.000000000,12.14502006423256,216.79913026254462
2014-02-12T04:00:00.000000000,11.773562267143909,211.27673086061696
2014-02-12T05:00:00.000000000,10.811671291747038,209.2025967410811
2014-02-12T06:00:00.000000000,8.141819437727833,204.00717336820423
2014-02-12T07:00:00.000000000,8.521571751663364,211.38177810485055
2014-02-12T08:00:00.000000000,10.33252018484731,216.78673308737365
2014-02-12T09:00:00.000000000,11.612944036729413,216.376527761026
2014-02-12T10:00:00.000000000,12.48396115733946,215.997874027885
2014-02-12T11:00:00.000000000,12.598386093260972,212.39710302974265
2014-02-12T12:00:00.000000000,12.48413139817407,208.46399982473173
2014-02-12T13:00:00.000000000,12.069431508098482,212.09348705990152
2014-02-12T14:00:00.000000000,11.308984749445063,218.80819520019688
2014-02-12T15:00:00.000000000,10.140627523708494,213.6901145397145
2014-02-12T16:00:00.000000000,11.355794669219721,208.68101126456796
2014-02-12T17:00:00.000000000,11.97974288152558,206.5918740355277
2014-02-12T18:00:00.000000000,12.25144645845417,211.01397424607754
2014-02-12T19:00:00.000000000,10.728313828672183,200.67332591709263
2014-02-12T20:00:00.000000000,10.340478574878283,208.20697549146752
2014-02-12T21:00:00.000000000,11.28420653647563,209.46152053197457
2014-02-12T22:00:00.000000000,12.440396971988037,210.55902566607244
2014-02-12T23:00:00.000000000,14.06633147533287,211.74100238251873
2014-02-13T00:00:00.000000000,5.343373887117312,229.0788585395063
2014-02-13T01:00:00.000000000,5.450439174825201,243.43480778212296
2014-02-13T02:00:00.000000000,8.185345211218849,234.6351736413166
2014-02-13T03:00:00.000000000,9.077853763633474,230.08327994634928
2014-02-13T04:00:00.000000000,8.928661849099486,223.97902483221108
2014-02-13T05:00:00.000000000,8.631331928058284,241.35642515222332
2014-02-13T06:00:00.000000000,8.87383025114856,257.4711397640794
2014-02-13T07:00:00.000000000,8.381318121877216,272.2222172809247
2014-02-13T08:00:00.000000000,9.229901138079475,268.13730943816574
2014-02-13T09:00:00.000000000,6.582253618573143,287.5746986223981
2014-02-13T10:00:00.000000000,2.8622704980459432,297.012770256846
2014-02-13T11:00:00.000000000,1.736534983120099,186.61363861313865
2014-02-13T12:00:00.000000000,4.776611852705606,178.50044542813407
2014-02-13T13:00:00.000000000,5.3967359108172674,203.4775725247664
2014-02-13T14:00:00.000000000,3.9693943800351703,207.37217836947704
2014-02-13T15:00:00.000000000,4.6704329342500746,216.0726437756395
2014-02-13T16:00:00.000000000,5.149894619733328,215.1174357890775
2014-02-13T17:00:00.000000000,6.030553864795934,215.04077770321098
2014-02-13T18:00:00.000000000,5.606595766988939,212.80440777650097
2014-02-13T19:00:00.000000000,3.3894162192630706,222.16008733050498
2014-02-13T20:00:00.000000000,3.248488066769419,213.38429118902974
2014-02-13T21:00:00.000000000,3.938116533592874,211.36907390374222
2014-02-13T22:00:00.000000000,2.52047747952119,167.68689595403612
2014-02-13T23:00:00.000000000,2.5,53.13010235415595
2014-02-14T00:00:00.000000000,2.7139093757287633,88.1524203656025
2014-02-14T01:00:00.000000000,4.022993553984478,101.8337090316399
2014-02-14T02:00:00.000000000,3.573175658268098,113.06717065472287
2014-02-14T03:00:00.000000000,3.834694367947573,112.21773746657055
2014-02-14T04:00:00.000000000,4.1202281014170286,111.34959201897271
2014-02-14T05:00:00.000000000,4.954230041818158,109.76081174918835
2014-02-14T06:00:00.000000000,5.814806270217233,104.18558868216695
2014-02-14T07:00:00.000000000,7.307953878190937,110.10873548099028
2014-02-14T08:00:00.000000000,9.325371910995676,110.23247441729166
2014-02-14T09:00:00.000000000,9.48169376887875,117.30829232213927
2014-02-14T10:00:00.000000000,9.22236242401242,119.20556155805866
2014-02-14T11:00:00.000000000,8.74006457283366,128.26319384103016
2014-02-14T12:00:00.000000000,6.698281196345572,156.92788913776064
2014-02-14T13:00:00.000000000,5.927952850689688,204.94390526342457
2014-02-14T14:00:00.000000000,7.160974182211648,201.5042497373717
2014-02-14T15:00:00.000000000,7.626937662874712,197.1579571296644
2014-02-14T16:00:00.000000000,8.480357418159853,194.7736575282199
2014-02-14T17:00:00.000000000,9.789428232983152,194.2669178640731
2014-02-14T18:00:00.000000000,11.023196093202795,195.92756390154022
2014-02-14T19:00:00.000000000,11.78442757691666,193.68248295825757
2014-02-14T20:00:00.000000000,12.4339127005014,194.73476714863057
2014-02-14T21:00:00.000000000,12.725061416111515,199.09348954564422
2014-02-14T22:00:00.000000000,12.323387755268472,199.55608280927186
2014-02-14T23:00:00.000000000,12.060171487823622,198.30349593314855
2014-02-15T00:00:00.000000000,11.798109435279752,196.49577023521428
2014-02-15T01:00:00.000000000,12.311502683937489,189.6440570230957
2014-02-15T02:00:00.000000000,12.036916210166883,187.81880279112764
2014-02-15T03:00:00.000000000,11.548413863372554,186.463521332432
2014-02-15T04:00:00.000000000,11.40968353380158,186.98492254559446
2014-02-15T05:00:00.000000000,9.613488019637131,180.81958181984444
2014-02-15T06:00:00.000000000,7.720846564438733,128.55850587200553
2014-02-15T07:00:00.000000000,8.999009422558714,107.12620998988024
2014-02-15T08:00:00.000000000,11.815001900223773,96.01219291662238
2014-02-15T09:00:00.000000000,12.351535828547364,102.68602150482343
2014-02-15T10:00:00.000000000,12.310715678806249,96.76421717003728
2014-02-15T11:00:00.000000000,12.168403883987192,98.8043408941191
2014-02-15T12:00:00.000000000,11.093853281193926,91.93710972604413
2014-02-15T13:00:00.000000000,10.33565673080735,70.20635636081494
2014-02-15T14:00:00.000000000,13.102989675635055,67.1531001861324
2014-02-15T15:00:00.000000000,14.239318019207383,70.83340008250502
2014-02-15T16:00:00.000000000,13.506816403249085,72.94016211747106
2014-02-15T17:00:00.000000000,12.250569016943736,72.1751498921671
2014-02-15T18:00:00.000000000,11.59459477046895,67.83154387733657
2014-02-15T19:00:00.000000000,10.417523612804684,68.23689131072365
2014-02-15T20:00:00.000000000,11.125702225028315,62.57125877832243
2014-02-15T21:00:00.000000000,12.188621743248905,64.48612957246576
2014-02-15T22:00:00.000000000,12.510428269602597,65.81663235094521
2014-02-15T23:00:00.000000000,12.351482172273034,64.65382074825862
2014-02-16T00:00:00.000000000,11.916495273438771,66.3121148734889
2014-02-16T01:00:00.000000000,9.252104205992376,69.43489798993022
2014-02-16T02:00:00.000000000,8.634958019585271,67.89055165624836
2014-02-16T03:00:00.000000000,9.34160719576669,65.49259476987027
2014-02-16T04:00:00.000000000,11.002840542332693,68.68208772453846
2014-02-16T05:00:00.000000000,11.480207450772689,78.50653814097109
2014-02-16T06:00:00.000000000,10.859537875239758,76.01174484895739
2014-02-16T07:00:00.000000000,11.241448577158407,72.99562949691455
2014-02-16T08:00:00.000000000,10.298278605570047,69.16719724969306
2014-02-16T09:00:00.000000000,9.536846012363144,63.53570732991324
2014-02-16T10:00:00.000000000,9.289932674754354,66.7811587738031
2014-02-16T11:00:00.000000000,9.145524861920173,68.34401096157751
2014-02-16T12:00:00.000000000,8.66971339569347,67.98383193899457
2014-02-16T13:00:00.000000000,7.86794263051668,64.90062902579774
2014-02-16T14:00:00.000000000,7.442487823302098,60.85192815428695
2014-02-16T15:00:00.000000000,6.908656833120441,67.33227742111501
2014-02-16T16:00:00.000000000,7.116322135617651,63.61497128229826
2014-02-16T17:00:00.000000000,6.257222824544731,64.81714593410896
2014-02-16T18:00:00.000000000,5.4958656154246315,62.50243085333369
2014-02-16T19:00:00.000000000,5.528024396170253,66.97150670607823
2014-02-16T20:00:00.000000000,4.759858191164943,60.06848815949223
2014-02-16T21:00:00.000000000,4.5155979670471105,48.36646066342979
2014-02-16T22:00:00.000000000,3.905124837953327,39.80557109226521
2014-02-16T23:00:00.000000000,3.63681390269928,33.362341538035764
2014-02-17T00:00:00.000000000,3.9530242520482646,27.699453557632125
2014-02-17T01:00:00.000000000,3.9813819506977404,19.62960276396933
2014-02-17T02:00:00.000000000,5.3049049342949335,20.698263013402993
2014-02-17T03:00:00.000000000,5.632896611621923,24.517599343593417
2014-02-17T04:00:00.000000000,4.375,36.86989764584405
2014-02-17T05:00:00.000000000,3.328381738923587,34.286876977208976
2014-02-17T06:00:00.000000000,4.16082924427331,32.73522627210758
2014-02-17T07:00:00.000000000,4.317479009792636,22.109448343751694
2014-02-17T08:00:00.000000000,4.038873605350878,21.801409486351815
2014-02-17T09:00:00.000000000,3.7102055199139574,32.61924307119284
2014-02-17T10:00:00.000000000,3.7291084725440746,39.55966796899452
2014-02-17T11:00:00.000000000,2.57390753524675,60.94539590092285
2014-02-17T12:00:00.000000000,2.6983791431153628,76.60750224624888
2014-02-17T13:00:00.000000000,3.020761493398643,65.55604521958344
2014-02-17T14:00:00.000000000,1.940521837032503,75.06858282186244
2014-02-17T15:00:00.000000000,1.5206906325745548,99.46232220802563
2014-02-17T16:00:00.000000000,1.6643772070392404,72.51760930482192
2014-02-17T17:00:00.000000000,2.0073681431981387,46.766241158196635
2014-02-17T18:00:00.000000000,1.5098102073859294,14.381408730048406
2014-02-17T19:00:00.000000000,1.1858541225631423,71.56505117707798
2014-02-17T20:00:00.000000000,1.1319231422671772,83.65980825409008
2014-02-17T21:00:00.000000000,1.1692026076098854,96.13724809035261
2014-02-17T22:00:00.000000000,1.8306850801180286,107.0740109088386
2014-02-17T23:00:00.000000000,2.2506237135044347,100.56105523164211
2014-02-18T00:00:00.000000000,1.8582585934148133,109.65382405805332
2014-02-18T01:00:00.000000000,1.6016576100367057,82.37585356299479
2014-02-18T02:00:00.000000000,2.1465437305705515,76.53021244387577
2014-02-18T03:00:00.000000000,1.3043786786825926,140.05387656543695
2014-02-18T04:00:00.000000000,0.6490369403716548,164.3580085790354
2014-02-18T05:00:00.000000000,1.61752760782737,73.38559604172644
2014-02-18T06:00:00.000000000,1.389074237519991,74.33787695103223
2014-02-18T07:00:00.000000000,2.1024152746904545,96.82924916429135
2014-02-18T08:00:00.000000000,2.8501356304879137,107.8787058536467
2014-02-18T09:00:00.000000000,3.759756705835064,107.4108499618414
2014-02-18T10:00:00.000000000,4.587498499939998,90.0
2014-02-18T11:00:00.000000000,5.1084778407406715,84.80558632436703
2014-02-18T12:00:00.000000000,6.2325867512419535,85.39858665815501
2014-02-18T13:00:00.000000000,5.790617410950235,103.73626830562256
2014-02-18T14:00:00.000000000,4.48783076775406,102.87500155961249
2014-02-18T15:00:00.000000000,4.753763468236165,97.5548224474278
2014-02-18T16:00:00.000000000,5.377164016651038,123.91172245399531
2014-02-18T17:00:00.000000000,4.647208191405188,155.0203567965583
2014-02-18T18:00:00.000000000,3.73739383789252,146.73516371541825
2014-02-18T19:00:00.000000000,0.6457799451219827,104.57434500591722
2014-02-18T20:00:00.000000000,1.467830665412991,355.11479244546194
2014-02-18T21:00:00.000000000,3.726968872204794,34.063144862232605
2014-02-18T22:00:00.000000000,5.356331788090938,33.578809231473144
2014-02-18T23:00:00.000000000,7.457890862147067,25.834939610356116
2014-02-19T00:00:00.000000000,5.189667184615188,43.73129400356544
2014-02-19T01:00:00.000000000,3.9250796170268956,350.83765295427827
2014-02-19T02:00:00.000000000,6.341934995475097,331.7680753305862
2014-02-19T03:00:00.000000000,4.729380547478366,320.03929987981707
2014-02-19T04:00:00.000000000,4.56101137090158,264.18005474410745
2014-02-19T05:00:00.000000000,11.000412343424838,303.5997703219566
2014-02-19T06:00:00.000000000,9.755039959602255,322.9685874386231
2014-02-19T07:00:00.000000000,9.653277454412917,327.318274503808
2014-02-19T08:00:00.000000000,10.467641710214552,17.872389752712877
2014-02-19T09:00:00.000000000,22.698331073161807,34.13639000915407
2014-02-19T10:00:00.000000000,24.402800158946988,37.151653196224174
2014-02-19T11:00:00.000000000,25.061731970230095,35.315104503290456
2014-02-19T12:00:00.000000000,24.73963981846569,33.730217914389414
2014-02-19T13:00:00.000000000,23.97922872011203,35.79461525272882
2014-02-19T14:00:00.000000000,24.46744832624324,34.86732822997453
2014-02-19T15:00:00.000000000,22.55898892363691,33.61082771179184
2014-02-19T16:00:00.000000000,21.359445347842815,33.61567401632709
2014-02-19T17:00:00.000000000,22.513089936884782,28.486061088117538
2014-02-19T18:00:00.000000000,23.484256230353324,32.015085473339184
2014-02-19T19:00:00.000000000,21.0849500821813,27.73484365312521
2014-02-19T20:00:00.000000000,20.350167666509346,24.109034881622506
2014-02-19T21:00:00.000000000,18.985710901111712,22.81722235726022
2014-02-19T22:00:00.000000000,19.98702901174727,29.402681504672387
2014-02-19T23:00:00.000000000,19.61241277740608,27.398002196691834
2014-02-20T00:00:00.000000000,19.857483191276,27.194123794187988
2014-02-20T01:00:00.000000000,21.684306530956754,26.461657748808932
2014-02-20T02:00:00.000000000,21.955515883107118,20.426236522115744
2014-02-20T03:00:00.000000000,22.311687977533982,19.16583102737667
2014-02-20T04:00:00.000000000,22.8128457879235,18.961131005815616
2014-02-20T05:00:00.000000000,23.062977530417967,14.533343478294285
2014-02-20T06:00:00.000000000,23.28348759650934,14.170535555955041
2014-02-20T07:00:00.000000000,23.494452207040347,13.319068043845846
2014-02-20T08:00:00.000000000,22.395402498467938,14.315469836256
2014-02-20T09:00:00.000000000,22.271524266577362,17.84513523447697
2014-02-20T10:00:00.000000000,22.33576556572338,21.1940608746296
2014-02-20T11:00:00.000000000,22.64140687230421,24.669098402863483
2014-02-20T12:00:00.000000000,22.403240511306265,32.2358145149239
2014-02-20T13:00:00.000000000,20.10541958598163,35.893805778483625
2014-02-20T14:00:00.000000000,18.706640440419118,40.20263912876243
2014-02-20T15:00:00.000000000,17.530461138799566,43.931068644981565
2014-02-20T16:00:00.000000000,16.232342490810183,48.52768484176681
2014-02-20T17:00:00.000000000,16.174528771427735,48.75992349367368
2014-02-20T18:00:00.000000000,15.257524942268546,52.08796714480911
2014-02-20T19:00:00.000000000,14.997443619292483,48.81857098494572
2014-02-20T20:00:00.000000000,13.969102104780994,50.555480727147085
2014-02-20T21:00:00.000000000,12.858960561692909,51.31409577289685
2014-02-20T22:00:00.000000000,12.7553246916169,45.67496620730981
2014-02-20T23:00:00.000000000,13.882196196112258,49.381917174196815
2014-02-21T00:00:00.000000000,13.308000172912855,51.483072661645565
2014-02-21T01:00:00.000000000,12.216397345456171,50.397097904403495
2014-02-21T02:00:00.000000000,11.728559666556613,52.36066655265142
2014-02-21T03:00:00.000000000,11.4721753653593,49.99460271387579
2014-02-21T04:00:00.000000000,11.8486439140523,49.70684911484096
2014-02-21T05:00:00.000000000,11.980833150370787,51.77897969468137
2014-02-21T06:00:00.000000000,11.460109526174634,55.21788913881625
2014-02-21T07:00:00.000000000,12.402300300281468,54.72412321126842
2014-02-21T08:00:00.000000000,11.68445269850697,54.7117157893432
2014-02-21T09:00:00.000000000,11.645339636037319,56.0711344891497
2014-02-21T10:00:00.000000000,11.37156541554416,56.65929265352298
2014-02-21T11:00:00.000000000,10.747819546307985,56.86439045128111
2014-02-21T12:00:00.000000000,9.925503765552659,53.7073702715204
2014-02-21T13:00:00.000000000,9.022541216309294,42.75425743410494
2014-02-21T14:00:00.000000000,9.12585612422199,36.085073042852116
2014-02-21T15:00:00.000000000,10.955942542215698,39.11923251946018
2014-02-21T16:00:00.000000000,10.527493766324442,42.59402948335469
2014-02-21T17:00:00.000000000,12.197591975467946,45.0
2014-02-21T18:00:00.000000000,11.495923190418418,46.762391023660484
2014-02-21T19:00:00.000000000,10.236410789516928,48.465235656788934
2014-02-21T20:00:00.000000000,11.014608900313872,45.919596285041564
2014-02-21T21:00:00.000000000,10.967319621960915,41.90470218848401
2014-02-21T22:00:00.000000000,12.311706827243736,48.70462744207714
2014-02-21T23:00:00.000000000,12.005857945186591,51.34019174590992
2014-02-22T00:00:00.000000000,11.905022463802696,53.238393403482974
2014-02-22T01:00:00.000000000,11.163556780883054,55.954062643398345
2014-02-22T02:00:00.000000000,10.96520904901643,59.13706107305126
2014-02-22T03:00:00.000000000,11.180339887498949,63.434948822922024
2014-02-22T04:00:00.000000000,11.678093149221263,63.07839436341135
2014-02-22T05:00:00.000000000,11.793392656564887,61.99538331689877
2014-02-22T06:00:00.000000000,11.159001343699705,62.659956518179115
2014-02-22T07:00:00.000000000,11.73415355285112,63.89897927216242
2014-02-22T08:00:00.000000000,11.770847823196236,67.98391191706287
2014-02-22T09:00:00.000000000,11.950085448980763,72.15257556114864
2014-02-22T10:00:00.000000000,11.437938597659405,74.79430930899525
2014-02-22T11:00:00.000000000,11.102288665576879,76.32361243157777
2014-02-22T12:00:00.000000000,11.19520830484238,77.09649036168514
2014-02-22T13:00:00.000000000,9.649394255010613,77.2779817336118
2014-02-22T14:00:00.000000000,9.22240934359718,78.50731747803468
2014-02-22T15:00:00.000000000,9.126011360437731,77.58186228754249
2014-02-22T16:00:00.000000000,8.50486222630983,81.54835063687295
2014-02-22T17:00:00.000000000,7.775160770041993,85.38935068133941
2014-02-22T18:00:00.000000000,7.00446286306095,87.95459151111277
2014-02-22T19:00:00.000000000,6.833464710496937,75.81126367673238
2014-02-22T20:00:00.000000000,6.028694260570173,84.40762962993983
2014-02-22T21:00:00.000000000,6.489147967889041,84.8055830834935
2014-02-22T22:00:00.000000000,6.042156412442229,83.2278541592155
2014-02-22T23:00:00.000000000,4.315669125408017,79.99202019855863
2014-02-23T00:00:00.000000000,4.190763653560053,72.64597536373867
2014-02-23T01:00:00.000000000,4.606871930823749,62.531076935193425
2014-02-23T02:00:00.000000000,5.340002340823457,57.42594286542749
2014-02-23T03:00:00.000000000,5.273887867312096,55.330603549448085
2014-02-23T04:00:00.000000000,5.639826558680394,48.32426700829774
2014-02-23T05:00:00.000000000,5.938486760109852,40.73210669970922
2014-02-23T06:00:00.000000000,6.578848683470383,38.829824904970394
2014-02-23T07:00:00.000000000,7.780183159797717,43.698047327421136
2014-02-23T08:00:00.000000000,8.73121408948856,48.48226375621357
2014-02-23T09:00:00.000000000,9.000868013697346,52.33437880141673
2014-02-23T10:00:00.000000000,8.776744840770979,54.27260177720029
2014-02-23T11:00:00.000000000,8.877640452282352,57.65255650055798
2014-02-23T12:00:00.000000000,9.278825368898456,61.60514166714779
2014-02-23T13:00:00.000000000,8.237387016709047,56.57518010926293
2014-02-23T14:00:00.000000000,8.280247580839598,61.113418233089305
2014-02-23T15:00:00.000000000,7.1501748230375455,53.53076560994816
2014-02-23T16:00:00.000000000,7.925355695521433,56.059326470529754
2014-02-23T17:00:00.000000000,8.288734825050202,66.9148663271917
2014-02-23T18:00:00.000000000,7.351541674223969,66.66068602420467
2014-02-23T19:00:00.000000000,5.271653723057266,68.72838179785515
2014-02-23T20:00:00.000000000,4.981043626899565,73.97560749275453
2014-02-23T21:00:00.000000000,4.845892137994486,81.09652750000714
2014-02-23T22:00:00.000000000,5.038911092686593,82.8749836510982
2014-02-23T23:00:00.000000000,5.2917701646768,77.30970117561452
2014-02-24T00:00:00.000000000,5.548085255293037,75.65066795705286
2014-02-24T01:00:00.000000000,4.462149102421023,60.27504362214944
2014-02-24T02:00:00.000000000,4.331731104538546,66.17180286215404
2014-02-24T03:00:00.000000000,4.484312040289289,69.94864342906936
2014-02-24T04:00:00.000000000,4.404861374056337,73.00483302512225
2014-02-24T05:00:00.000000000,4.1964448867164625,76.9157941029008
2014-02-24T06:00:00.000000000,4.168877050560109,68.358080346944
2014-02-24T07:00:00.000000000,3.7953315880073992,68.75927346425368
2014-02-24T08:00:00.000000000,3.8958730216176867,76.45419797992963
2014-02-24T09:00:00.000000000,3.724599751918819,94.61987933918238
2014-02-24T10:00:00.000000000,4.278962609337775,105.41653945163978
2014-02-24T11:00:00.000000000,2.9585156075451935,125.36878970264235
2014-02-24T12:00:00.000000000,2.048209367402844,150.77560129701033
2014-02-24T13:00:00.000000000,2.807858588016589,186.90351985294984
2014-02-24T14:00:00.000000000,3.2221183735446117,197.38050292719055
2014-02-24T15:00:00.000000000,4.51084053293328,237.10257664727132
2014-02-24T16:00:00.000000000,4.650268809434569,233.7461622625552
2014-02-24T17:00:00.000000000,4.970049734361491,232.87070635607188
2014-02-24T18:00:00.000000000,5.356919343325838,235.45704447653657
2014-02-24T19:00:00.000000000,5.4511774508750435,222.21182516696604
2014-02-24T20:00:00.000000000,6.203050749514189,217.63195144126658
2014-02-24T21:00:00.000000000,6.209871174187111,220.10090754621223
2014-02-24T22:00:00.000000000,7.006569327195852,213.5766736080515
2014-02-24T23:00:00.000000000,7.675094604586241,216.5899643755663
2014-02-25T00:00:00.000000000,6.7956852306117845,227.6837905133834
2014-02-25T01:00:00.000000000,2.886670747129398,253.13449494234663
2014-02-25T02:00:00.000000000,2.965006416620886,345.84641876872496
2014-02-25T03:00:00.000000000,7.228277567649212,21.50697249255245
2014-02-25T04:00:00.000000000,9.24145696642725,9.10557273254858
2014-02-25T05:00:00.000000000,10.164650804936276,7.063841320355436
2014-02-25T06:00:00.000000000,9.889169411628261,11.224692798565911
2014-02-25T07:00:00.000000000,11.017741374710154,3.251945600363854
2014-02-25T08:00:00.000000000,10.065482420813561,4.2731879247032225
2014-02-25T09:00:00.000000000,10.1625706935415,0.21143100699555362
2014-02-25T10:00:00.000000000,10.66784155657758,358.18703092253435
2014-02-25T11:00:00.000000000,10.174794186553447,357.1832911997675
2014-02-25T12:00:00.000000000,10.674218390064063,357.3151779925971
2014-02-25T13:00:00.000000000,10.909207744552159,351.43352715038924
2014-02-25T14:00:00.000000000,11.23127200899786,355.7235733545781
2014-02-25T15:00:00.000000000,11.110415003632543,20.963504936058882
2014-02-25T16:00:00.000000000,11.992822883897412,58.380750964108415
2014-02-25T17:00:00.000000000,11.89143599402528,56.142889858339345
2014-02-25T18:00:00.000000000,10.043881264893905,49.390964547224144
2014-02-25T19:00:00.000000000,9.628157890439208,51.16592809268826
2014-02-25T20:00:00.000000000,10.254572150996841,45.9877603996398
2014-02-25T21:00:00.000000000,10.60144447705123,37.815732607573125
2014-02-25T22:00:00.000000000,9.371408971627307,27.829724429147063
2014-02-25T23:00:00.000000000,9.635295525465049,28.094356746535198
2014-02-26T00:00:00.000000000,9.984121543159008,26.789609672807444
2014-02-26T01:00:00.000000000,10.342337011703245,22.75303316466392
2014-02-26T02:00:00.000000000,11.015459873593729,24.32557913485533
2014-02-26T03:00:00.000000000,12.375999398107153,22.757866158435775
2014-02-26T04:00:00.000000000,13.120811672795517,20.05771801066129
2014-02-26T05:00:00.000000000,12.169483183473615,13.665121686952318
2014-02-26T06:00:00.000000000,12.169483183473615,13.665121686952318
2014-02-26T07:00:00.000000000,12.578617008707221,9.321920235191044
2014-02-26T08:00:00.000000000,14.093267825070658,9.186621886049522
2014-02-26T09:00:00.000000000,13.643503820101046,10.558385583142467
2014-02-26T10:00:00.000000000,14.67353059082919,23.070412249824642
2014-02-26T11:00:00.000000000,14.189285341023762,28.981063368339164
2014-02-26T12:00:00.000000000,13.901438774457844,37.694240466689166
2014-02-26T13:00:00.000000000,12.33959581996104,39.65694424142487
2014-02-26T14:00:00.000000000,12.700260483634128,46.99417243841583
2014-02-26T15:00:00.000000000,13.164217341993165,48.849900065560405
2014-02-26T16:00:00.000000000,11.326608157932665,51.587063708419464
2014-02-26T17:00:00.000000000,9.657722446395866,55.0140528731838
2014-02-26T18:00:00.000000000,9.135175216617455,46.82974305127988
2014-02-26T19:00:00.000000000,10.53936074911567,56.121460194890346
2014-02-26T20:00:00.000000000,10.320627650569929,58.36976402336296
2014-02-26T21:00:00.000000000,9.18728741250648,56.09372301155787
2014-02-26T22:00:00.000000000,8.306897449593427,55.855584598394955
2014-02-26T23:00:00.000000000,8.619827158247535,57.25478088936052
2014-02-27T00:00:00.000000000,8.639020147737634,60.24482726294002
2014-02-27T01:00:00.000000000,7.938238154653714,63.83843355798075
2014-02-27T02:00:00.000000000,7.723432801405199,69.83466532114079
2014-02-27T03:00:00.000000000,6.96900550564869,71.92252407946773
2014-02-27T04:00:00.000000000,7.445731251046251,70.07440848969486
2014-02-27T05:00:00.000000000,7.522352589967567,71.29406916688697
2014-02-27T06:00:00.000000000,8.07648062201735,70.75179295565579
2014-02-27T07:00:00.000000000,8.682777493406128,67.1263348093733
2014-02-27T08:00:00.000000000,8.613299642905837,71.38099329045525
2014-02-27T09:00:00.000000000,8.768633409119508,76.81560419899279
2014-02-27T10:00:00.000000000,9.305485411229325,79.9429786692317
2014-02-27T11:00:00.000000000,9.759844273279253,81.90103225392852
2014-02-27T12:00:00.000000000,10.148962329406235,81.50064014619687
2014-02-27T13:00:00.000000000,8.787937107253814,89.4295159904969
2014-02-27T14:00:00.000000000,8.516977624871792,93.61830784028609
2014-02-27T15:00:00.000000000,8.089134029738817,96.47708495898496
2014-02-27T16:00:00.000000000,8.140370077582467,93.52145337692224
2014-02-27T17:00:00.000000000,8.434490203918669,96.8090501796134
2014-02-27T18:00:00.000000000,8.72056506835748,92.46458164845751
2014-02-27T19:00:00.000000000,8.363798479160051,99.46232220802563
2014-02-27T20:00:00.000000000,7.604480587127565,115.30137862541972
2014-02-27T21:00:00.000000000,6.28227819839481,129.1049081635722
2014-02-27T22:00:00.000000000,3.968409629467671,148.26245994267077
2014-02-27T23:00:00.000000000,2.6899404245134773,167.38458677343579
2014-02-28T00:00:00.000000000,3.3719676915558914,192.85133217275188
2014-02-28T01:00:00.000000000,7.456007602143843,215.92849565893016
2014-02-28T02:00:00.000000000,7.155735338746241,217.69063323761281
2014-02-28T03:00:00.000000000,6.964969390686278,213.80413871694918
2014-02-28T04:00:00.000000000,6.514276436270706,213.81203079179642
2014-02-28T05:00:00.000000000,5.755827068116429,215.8992886950287
2014-02-28T06:00:00.000000000,5.51204780350205,206.97180244035076
2014-02-28T07:00:00.000000000,5.342475712450341,194.9141422681856
2014-02-28T08:00:00.000000000,5.519796889498477,189.12102105798414
2014-02-28T09:00:00.000000000,4.825148734875827,180.44531255500294
2014-02-28T10:00:00.000000000,4.440530172581624,157.83924401393358
2014-02-28T11:00:00.000000000,5.911872854456226,124.664599639463
2014-02-28T12:00:00.000000000,7.464326044363809,104.54822644303044
2014-02-28T13:00:00.000000000,8.022192854708551,103.51657311692804
2014-02-28T14:00:00.000000000,7.795588845509165,107.73767824765179
2014-02-28T15:00:00.000000000,7.498080317544413,112.54639881120113
2014-02-28T16:00:00.000000000,7.056421593019859,111.83911313464193
2014-02-28T17:00:00.000000000,8.034065219312508,107.19449235497751
2014-02-28T18:00:00.000000000,6.090153380559224,119.51151246064558
2014-02-28T19:00:00.000000000,6.935617886989124,99.64907764058978
2014-02-28T20:00:00.000000000,8.025047187496577,97.15822620727522
2014-02-28T21:00:00.000000000,7.967469999826602,101.76829333223253
2014-02-28T22:00:00.000000000,8.641549679397018,101.68377398550501
2014-02-28T23:00:00.000000000,8.886513945943971,101.35735156464477
2014-03-01T00:00:00.000000000,8.220591523728691,98.74616226255523
2014-03-01T01:00:00.000000000,6.462498499939998,90.0
2014-03-01T02:00:00.000000000,5.485334070213657,84.77010704457172
2014-03-01T03:00:00.000000000,5.159607722451241,74.11178394396495
2014-03-01T04:00:00.000000000,5.35036366632276,68.04944181882456
2014-03-01T05:00:00.000000000,6.217415057722944,59.82647997035565
2014-03-01T06:00:00.000000000,7.612694989292557,60.488501442909694
2014-03-01T07:00:00.000000000,8.620469824783333,73.14160123226173
2014-03-01T08:00:00.000000000,9.479494157845755,83.18423274205418
2014-03-01T09:00:00.000000000,9.988402510031175,84.97435641562828
2014-03-01T10:00:00.000000000,9.702038973260303,84.82562173740962
2014-03-01T11:00:00.000000000,9.75320460156558,88.5311992856142
2014-03-01T12:00:00.000000000,10.732825698450206,95.94964574831977
2014-03-01T13:00:00.000000000,9.800264568555116,92.92444477046786
2014-03-01T14:00:00.000000000,10.500744021258685,90.68206039317266
2014-03-01T15:00:00.000000000,10.757911390579109,87.80251114864939
2014-03-01T16:00:00.000000000,10.338775651583868,89.09940656098439
2014-03-01T17:00:00.000000000,9.925503765552659,84.21760767763595
2014-03-01T18:00:00.000000000,9.223519284338913,75.07858884918011
2014-03-01T19:00:00.000000000,8.440870104010413,74.27603742037536
2014-03-01T20:00:00.000000000,8.106027363230202,73.88469842915498
2014-03-01T21:00:00.000000000,8.300978857941995,71.56505117707798
2014-03-01T22:00:00.000000000,8.284566704078342,73.97146791112323
2014-03-01T23:00:00.000000000,7.960734144083494,73.30074542495026
2014-03-02T00:00:00.000000000,7.591113225344488,72.75854060106002
2014-03-02T01:00:00.000000000,6.562202374203344,72.25532837494308
2014-03-02T02:00:00.000000000,6.357684178392061,64.74492647727686
2014-03-02T03:00:00.000000000,6.695951882452317,61.329797378011676
2014-03-02T04:00:00.000000000,7.021274821088887,63.571806987368234
2014-03-02T05:00:00.000000000,7.322151168690915,67.199568833272
2014-03-02T06:00:00.000000000,8.105746418436738,70.1678701497816
2014-03-02T07:00:00.000000000,8.296920956725256,69.08025076293484
2014-03-02T08:00:00.000000000,8.936135867209146,74.83627133108303
2014-03-02T09:00:00.000000000,9.329129252634285,82.53219347528886
2014-03-02T10:00:00.000000000,9.115387161214187,85.5169385274026
2014-03-02T11:00:00.000000000,9.087575878578315,90.23644190772961
2014-03-02T12:00:00.000000000,9.382497002397603,92.29061004263855
2014-03-02T13:00:00.000000000,10.445758719990698,98.25615598650955
2014-03-02T14:00:00.000000000,9.776389388423695,101.28120872562346
2014-03-02T15:00:00.000000000,8.76360302248902,105.97908771140305
2014-03-02T16:00:00.000000000,8.254210701880204,111.59196625366417
2014-03-02T17:00:00.000000000,6.983949906556311,124.94164156089857
2014-03-02T18:00:00.000000000,5.223935062401686,134.5153335685486
2014-03-02T19:00:00.000000000,5.1259702786777765,119.19034422809659
2014-03-02T20:00:00.000000000,3.7499879995307817,126.87003516165555
2014-03-02T21:00:00.000000000,2.926305488479241,136.21170082015584
2014-03-02T22:00:00.000000000,2.9287908298704957,150.04284082484594
2014-03-02T23:00:00.000000000,3.0738051316522563,159.28035706707567
2014-03-03T00:00:00.000000000,2.5279685520195856,171.46923439005184
2014-03-03T01:00:00.000000000,2.7313318524501518,225.55627382859035
2014-03-03T02:00:00.000000000,4.732499574706107,255.78021241778046
2014-03-03T03:00:00.000000000,5.6036943048177354,257.1107556209218
2014-03-03T04:00:00.000000000,5.8477807627422616,249.08560053852915
2014-03-03T05:00:00.000000000,5.445755227697991,238.13402230639633
2014-03-03T06:00:00.000000000,4.826005903003387,225.0
2014-03-03T07:00:00.000000000,6.752524776047737,216.72141095269274
2014-03-03T08:00:00.000000000,6.922171087481429,210.73308213592688
2014-03-03T09:00:00.000000000,6.927991078854374,207.8596835988943
2014-03-03T10:00:00.000000000,7.852513830628868,193.43900211557883
2014-03-03T11:00:00.000000000,8.190370073621459,191.53293570589588
2014-03-03T12:00:00.000000000,9.33867025360443,194.89192215576065
2014-03-03T13:00:00.000000000,10.088567537335255,197.6716817855262
2014-03-03T14:00:00.000000000,10.439132107450158,201.12621846846127
2014-03-03T15:00:00.000000000,10.988760188048198,203.03603743644416
2014-03-03T16:00:00.000000000,11.784865814263346,209.69216200754704
2014-03-03T17:00:00.000000000,12.277360991890125,215.2596791608143
2014-03-03T18:00:00.000000000,12.475237413056334,216.5254660801311
2014-03-03T19:00:00.000000000,13.092569824016715,217.04497503292163
2014-03-03T20:00:00.000000000,13.560434439821025,216.41571881173113
2014-03-03T21:00:00.000000000,13.718453490462402,218.15432004589235
2014-03-03T22:00:00.000000000,13.275460134021193,218.07846205684262
2014-03-03T23:00:00.000000000,13.30804831003946,218.86154154515717
2014-03-04T00:00:00.000000000,13.229546039478807,219.55607046436455
2014-03-04T01:00:00.000000000,14.564361980131434,213.73101767301696
2014-03-04T02:00:00.000000000,13.6538749264588,218.23390009317296
2014-03-04T03:00:00.000000000,12.247173851042035,221.4831154832973
2014-03-04T04:00:00.000000000,10.891379103098284,229.14206204541506
2014-03-04T05:00:00.000000000,9.736079590908142,233.98359513387743
2014-03-04T06:00:00.000000000,9.153279288502928,232.37914408768984
2014-03-04T07:00:00.000000000,9.34036002486354,219.57013955405486
2014-03-04T08:00:00.000000000,8.982353484518264,226.2406939516016
2014-03-04T09:00:00.000000000,9.081088828158137,223.38278079445453
2014-03-04T10:00:00.000000000,9.846512818854919,225.20596382903747
2014-03-04T11:00:00.000000000,9.861699790158648,228.18573711409343
2014-03-04T12:00:00.000000000,8.844561696433358,227.0619774305397
2014-03-04T13:00:00.000000000,9.159940255668525,220.40643103936975
2014-03-04T14:00:00.000000000,7.387577265445767,234.64288484238858
2014-03-04T15:00:00.000000000,5.921407321008832,300.30023463002334
2014-03-04T16:00:00.000000000,10.699231706904088,342.87766904527655
2014-03-04T17:00:00.000000000,13.767506742591658,11.575227870010167
2014-03-04T18:00:00.000000000,14.608678685836857,38.1544806430951
2014-03-04T19:00:00.000000000,13.123289837326011,41.52476834613731
2014-03-04T20:00:00.000000000,12.329978371470725,50.305999325933556
2014-03-04T21:00:00.000000000,15.317983711964184,62.8076478356964
2014-03-04T22:00:00.000000000,15.238977893518378,63.70818664290567
2014-03-04T23:00:00.000000000,13.858088548830738,63.59673279092317
2014-03-05T00:00:00.000000000,13.189829992350683,64.5763384452344
2014-03-05T01:00:00.000000000,14.051792415998344,59.945344228948784
2014-03-05T02:00:00.000000000,13.21492023158572,59.72405488924824
2014-03-05T03:00:00.000000000,13.10712082618294,59.44856872656226
2014-03-05T04:00:00.000000000,12.442231059060653,58.97701048217988
2014-03-05T05:00:00.000000000,12.521346307487809,61.823207758774174
2014-03-05T06:00:00.000000000,12.46055225910989,63.61487802778356
2014-03-05T07:00:00.000000000,12.498534516728906,64.97272079497645
2014-03-05T08:00:00.000000000,12.281453918486955,68.31770446929602
2014-03-05T09:00:00.000000000,11.851400432130252,70.91529841679699
2014-03-05T10:00:00.000000000,10.859537875239758,76.01174484895739
2014-03-05T11:00:00.000000000,9.905806378079475,79.82448915695682
2014-03-05T12:00:00.000000000,9.059431990393868,79.66687149858325
2014-03-05T13:00:00.000000000,8.21497277003136,81.51235343435502
2014-03-05T14:00:00.000000000,8.14900300650331,85.60129464500449
2014-03-05T15:00:00.000000000,8.500919067959652,90.84252426074045
2014-03-05T16:00:00.000000000,8.5,90.0
2014-03-05T17:00:00.000000000,9.382497002397603,87.70938995736151
2014-03-05T18:00:00.000000000,10.163270228559398,89.29529050632965
2014-03-05T19:00:00.000000000,12.265933515228264,92.92072152100036
2014-03-05T20:00:00.000000000,11.847923367104327,101.13211341064539
2014-03-05T21:00:00.000000000,11.375610807209506,107.06106219496195
2014-03-05T22:00:00.000000000,11.380281789736,108.5742550891178
2014-03-05T23:00:00.000000000,11.192212694547937,110.25646217452311
2014-03-06T00:00:00.000000000,10.407329148249325,114.10223450116115
2014-03-06T01:00:00.000000000,9.492249527880547,118.55627732162645
2014-03-06T02:00:00.000000000,7.9705693271581275,113.67056689475669
2014-03-06T03:00:00.000000000,6.503086418124682,104.35682091853676
2014-03-06T04:00:00.000000000,6.619593692090659,105.21720972466193
2014-03-06T05:00:00.000000000,7.555955789887467,104.95586778000052
2014-03-06T06:00:00.000000000,8.302003191190165,103.05281367222017
2014-03-06T07:00:00.000000000,9.235593995399913,104.90145033005791
2014-03-06T08:00:00.000000000,10.060976697683813,105.1240095371574
2014-03-06T09:00:00.000000000,10.213416488193689,102.72656402362395
2014-03-06T10:00:00.000000000,10.607844967817295,99.49562213420347
2014-03-06T11:00:00.000000000,10.782574077529064,94.45473487357856
2014-03-06T12:00:00.000000000,11.487008830027367,93.74357023702373
2014-03-06T13:00:00.000000000,11.101300525667552,99.06989271913909
2014-03-06T14:00:00.000000000,10.921229285717642,101.21990704084573
2014-03-06T15:00:00.000000000,10.178528439693869,105.6747746377298
2014-03-06T16:00:00.000000000,9.588431195745622,102.80427401140116
2014-03-06T17:00:00.000000000,10.340223758295435,101.36428006689766
2014-03-06T18:00:00.000000000,10.041190581567896,104.41683430224913
2014-03-06T19:00:00.000000000,8.138954096457335,110.96804065852689
2014-03-06T20:00:00.000000000,8.049889343030975,111.78493380499617
2014-03-06T21:00:00.000000000,7.682333440183569,122.03506594727588
2014-03-06T22:00:00.000000000,7.051615552397653,115.06602820350912
2014-03-06T23:00:00.000000000,7.832472418478644,115.82897690418343
2014-03-07T00:00:00.000000000,7.411242439571278,118.51022473508732
2014-03-07T01:00:00.000000000,6.6343063313614365,119.70474183615113
2014-03-07T02:00:00.000000000,7.062330351797657,109.97446631829013
2014-03-07T03:00:00.000000000,7.4593952777289285,107.85808837783122
2014-03-07T04:00:00.000000000,6.711111187654204,111.06818443312596
2014-03-07T05:00:00.000000000,6.341622686439796,109.5778733215576
2014-03-07T06:00:00.000000000,7.92772136442588,94.79366750147983
2014-03-07T07:00:00.000000000,6.285519687967926,94.90559687928408
2014-03-07T08:00:00.000000000,6.737232144908136,102.10219684338205
2014-03-07T09:00:00.000000000,6.281429326629861,113.45312000601103
2014-03-07T10:00:00.000000000,5.938287542433316,119.37092007982574
2014-03-07T11:00:00.000000000,6.588291902960656,118.31549334802128
2014-03-07T12:00:00.000000000,6.978043275054042,117.75855207406386
2014-03-07T13:00:00.000000000,6.320216846508649,126.39396279720057
2014-03-07T14:00:00.000000000,5.9599970931300374,141.4715810743088
2014-03-07T15:00:00.000000000,5.552883216109512,157.36033521430636
2014-03-07T16:00:00.000000000,4.93650611781719,163.6760240491194
2014-03-07T17:00:00.000000000,5.206146481780342,171.57812973557168
2014-03-07T18:00:00.000000000,6.188315430410517,179.07414488295638
2014-03-07T19:00:00.000000000,6.790827064930569,178.20680825181944
2014-03-07T20:00:00.000000000,7.6128739786816295,180.564494419953
2014-03-07T21:00:00.000000000,8.247826251688236,182.8667503888803
2014-03-07T22:00:00.000000000,8.878788987146706,183.47067704648947
2014-03-07T23:00:00.000000000,9.715729681997779,188.35945594112485
2014-03-08T00:00:00.000000000,10.429329312936906,189.8687509761435
2014-03-08T01:00:00.000000000,10.291082754278834,193.0572210258493
2014-03-08T02:00:00.000000000,11.10626995470805,193.20728654339203
2014-03-08T03:00:00.000000000,12.307654458076907,195.6736287911999
2014-03-08T04:00:00.000000000,12.660682719419603,192.71901339930713
2014-03-08T05:00:00.000000000,12.849942243915345,187.99610608111539
2014-03-08T06:00:00.000000000,12.890132231009726,186.2911086071264
2014-03-08T07:00:00.000000000,12.931559844415151,186.438058252327
2014-03-08T08:00:00.000000000,13.47983945932752,186.70984425752462
2014-03-08T09:00:00.000000000,14.210273679199569,189.57004734289492
2014-03-08T10:00:00.000000000,13.93469140894828,191.85425540399555
2014-03-08T11:00:00.000000000,14.41051286441328,196.7373362712402
2014-03-08T12:00:00.000000000,15.239788177732141,199.25235115832191
2014-03-08T13:00:00.000000000,16.302045378341965,198.87953033510394
2014-03-08T14:00:00.000000000,16.120287732307045,198.91264973166523
2014-03-08T15:00:00.000000000,17.19781125685369,197.38136907337633
2014-03-08T16:00:00.000000000,17.281334125638324,197.2947076769747
2014-03-08T17:00:00.000000000,16.106868146024787,197.33813398918085
2014-03-08T18:00:00.000000000,14.639948432460697,199.50247156459952
2014-03-08T19:00:00.000000000,14.499982941988286,200.43465293654666
2014-03-08T20:00:00.000000000,13.822690492532175,203.89937542694926
2014-03-08T21:00:00.000000000,13.345102039751486,207.38112906113676
2014-03-08T22:00:00.000000000,12.373821869530017,211.28144167293837
2014-03-08T23:00:00.000000000,11.12566120175451,213.1723742240144
2014-03-09T00:00:00.000000000,10.48532387373212,216.4191456965669
2014-03-09T01:00:00.000000000,10.674338208878074,220.5358643761494
2014-03-09T02:00:00.000000000,9.298599114679712,225.32685712117828
2014-03-09T03:00:00.000000000,8.799471629581669,226.89971185045394
2014-03-09T04:00:00.000000000,9.086193267165177,227.50908840142947
2014-03-09T05:00:00.000000000,8.966539077867763,230.9411848574695
2014-03-09T06:00:00.000000000,9.023241664937624,227.35807025082892
2014-03-09T07:00:00.000000000,10.407894699600512,223.2968632010954
2014-03-09T08:00:00.000000000,11.95461989355614,213.0089031796475
2014-03-09T09:00:00.000000000,13.461906874785784,213.79344295663262
2014-03-09T10:00:00.000000000,14.457413978811683,215.03675306386128
2014-03-09T11:00:00.000000000,14.571099931377853,214.90351823865143
2014-03-09T12:00:00.000000000,13.147958690563078,212.8138578983281
2014-03-09T13:00:00.000000000,12.92290334887636,209.8136965607275
2014-03-09T14:00:00.000000000,11.796471146918082,207.3797245769874
2014-03-09T15:00:00.000000000,10.91119705054511,209.06109961457275
2014-03-09T16:00:00.000000000,11.482607468167064,206.09098902046028
2014-03-09T17:00:00.000000000,11.968563540547109,206.48492490762843
2014-03-09T18:00:00.000000000,12.505156699194913,213.420185499038
2014-03-09T19:00:00.000000000,12.586477562613524,219.31759026668973
2014-03-09T20:00:00.000000000,9.594400174140231,242.36680428403312
2014-03-09T21:00:00.000000000,6.551358217966145,276.2438644146592
2014-03-09T22:00:00.000000000,3.0875981826655794,298.53694778300604
2014-03-09T23:00:00.000000000,3.5154283032539926,326.3103393224019
2014-03-10T00:00:00.000000000,4.920064436863991,334.41168213626923
2014-03-10T01:00:00.000000000,7.643732915205611,21.992940436588412
2014-03-10T02:00:00.000000000,8.729447434134947,29.134378197130218
2014-03-10T03:00:00.000000000,8.396586186533654,49.52833773883009
2014-03-10T04:00:00.000000000,8.32079670773635,53.9220873868598
2014-03-10T05:00:00.000000000,8.084257938447093,58.59566349663254
2014-03-10T06:00:00.000000000,7.826237921249264,63.434948822922024
2014-03-10T07:00:00.000000000,5.786246901155968,54.3184528982074
2014-03-10T08:00:00.000000000,5.318011846545662,66.44773632710536
2014-03-10T09:00:00.000000000,4.27435889777774,72.99581724354891
2014-03-10T10:00:00.000000000,3.628357575978003,78.0706680300716
2014-03-10T11:00:00.000000000,3.585035383250348,81.98290023914933
2014-03-10T12:00:00.000000000,2.4687072146922824,79.20215251892438
2014-03-10T13:00:00.000000000,2.4665883016463233,108.61863265867845
2014-03-10T14:00:00.000000000,2.6225562862526863,127.25222171574421
2014-03-10T15:00:00.000000000,2.349068102428492,163.30082585541618
2014-03-10T16:00:00.000000000,2.650618217951945,192.52887804951655
2014-03-10T17:00:00.000000000,4.197117554119824,202.593669306291
2014-03-10T18:00:00.000000000,6.202949066823581,212.82545451294715
2014-03-10T19:00:00.000000000,5.647580587110888,217.17426695963044
2014-03-10T20:00:00.000000000,8.043254869095335,216.0863186049625
2014-03-10T21:00:00.000000000,10.33427825971999,223.97098180532092
2014-03-10T22:00:00.000000000,11.659140409112906,236.41228159832593
2014-03-10T23:00:00.000000000,11.054574150634268,255.1939479133166
2014-03-11T00:00:00.000000000,10.534432272493639,280.736817139689
2014-03-11T01:00:00.000000000,11.14997105321328,294.29523760856654
2014-03-11T02:00:00.000000000,13.746692536545874,310.75955391568135
2014-03-11T03:00:00.000000000,16.622310476575283,324.827978739453
2014-03-11T04:00:00.000000000,12.601124892851784,343.9921797658826
2014-03-11T05:00:00.000000000,10.706092296165425,7.581386260437569
2014-03-11T06:00:00.000000000,10.512709515805467,17.29306062504446
2014-03-11T07:00:00.000000000,9.589782837147398,5.985550382961549
2014-03-11T08:00:00.000000000,9.778803607803972,4.3987053549955135
2014-03-11T09:00:00.000000000,9.263503656824453,3.094058058917085
2014-03-11T10:00:00.000000000,9.96281516383255,5.760663476905449
2014-03-11T11:00:00.000000000,11.508865210801577,5.797288813348359
2014-03-11T12:00:00.000000000,11.789653124376477,357.1436707266303
2014-03-11T13:00:00.000000000,14.85869152898623,356.1410383813814
2014-03-11T14:00:00.000000000,13.550076009515475,45.2616182401369
2014-03-11T15:00:00.000000000,10.319801596370533,39.93885283354075
2014-03-11T16:00:00.000000000,11.120007053213897,39.84679798339977
2014-03-11T17:00:00.000000000,10.749551460492134,30.232460897744204
2014-03-11T18:00:00.000000000,10.788146526476343,24.87251518400251
2014-03-11T19:00:00.000000000,11.830239356783185,25.671566244812595
2014-03-11T20:00:00.000000000,12.361540781345658,22.59757860470927
2014-03-11T21:00:00.000000000,12.42488879133184,23.28941959849044
2014-03-11T22:00:00.000000000,12.126020002537873,25.851865829950555
2014-03-11T23:00:00.000000000,11.28756429557828,25.79888639872712
2014-03-12T00:00:00.000000000,10.375370312119795,26.472435852527383
2014-03-12T01:00:00.000000000,9.839724798672817,19.28660833540141
2014-03-12T02:00:00.000000000,10.117043039527251,19.48715345256329
2014-03-12T03:00:00.000000000,10.298278605570047,20.83280275030694
2014-03-12T04:00:00.000000000,9.925103733141372,20.64894502882055
2014-03-12T05:00:00.000000000,9.961403508725406,16.774993331258827
2014-03-12T06:00:00.000000000,9.565058662987571,13.836487438136828
2014-03-12T07:00:00.000000000,9.565058662987571,13.836487438136828
2014-03-12T08:00:00.000000000,8.875960940290172,8.095867308329957
2014-03-12T09:00:00.000000000,8.292486854136914,1.9868496261218525
2014-03-12T10:00:00.000000000,7.675040716504376,6.546290783294012
2014-03-12T11:00:00.000000000,6.665889426834091,358.17318747352715
2014-03-12T12:00:00.000000000,6.654415827103082,354.6106882400266
2014-03-12T13:00:00.000000000,5.97520920135856,344.2192466904846
2014-03-12T14:00:00.000000000,6.653241691085632,334.3978124485582
2014-03-12T15:00:00.000000000,7.915570099493782,338.70264595096626
2014-03-12T16:00:00.000000000,7.831227553838542,335.48035731180926
2014-03-12T17:00:00.000000000,7.799238744903248,338.3691131634821
2014-03-12T18:00:00.000000000,7.609615627612212,345.7354877019201
2014-03-12T19:00:00.000000000,7.273668262988077,340.9422954898717
2014-03-12T20:00:00.000000000,6.829269817359816,347.3119457305563
2014-03-12T21:00:00.000000000,6.792689084596763,347.2424678391233
2014-03-12T22:00:00.000000000,6.610833911088676,344.64986350757556
2014-03-12T23:00:00.000000000,5.893970668137205,334.90235041260985
2014-03-13T00:00:00.000000000,5.816195062065921,331.7826441452707
2014-03-13T01:00:00.000000000,6.009743733058984,320.3165079677276
2014-03-13T02:00:00.000000000,6.281172263200556,328.8406954916556
2014-03-13T03:00:00.000000000,6.649118248850124,337.0984346228739
2014-03-13T04:00:00.000000000,7.0367339725187845,347.69198418257207
2014-03-13T05:00:00.000000000,6.298674472717,356.5868007983448
2014-03-13T06:00:00.000000000,4.795978339982548,352.05994997587453
2014-03-13T07:00:00.000000000,5.195686719546489,344.2249981256004
2014-03-13T08:00:00.000000000,4.702211659212265,339.7826689779691
2014-03-13T09:00:00.000000000,4.400445245993497,336.56633704559994
2014-03-13T10:00:00.000000000,4.8000315597528616,342.88627875088895
2014-03-13T11:00:00.000000000,4.808846015417836,351.0273733851036
2014-03-13T12:00:00.000000000,4.242068317695595,353.23098115969253
2014-03-13T13:00:00.000000000,3.2540600390161445,357.1375683945734
2014-03-13T14:00:00.000000000,2.258871665247276,354.9203163414677
2014-03-13T15:00:00.000000000,1.2826367812193566,347.0471701834925
2014-03-13T16:00:00.000000000,0.6457799451219827,345.4256549940828
2014-03-13T17:00:00.000000000,0.5590169943749475,26.565051177077976
2014-03-13T18:00:00.000000000,0.5590169943749475,333.434948822922
2014-03-13T19:00:00.000000000,0.673145600891813,111.80140948635182
2014-03-13T20:00:00.000000000,0.9029446133974633,158.05135362466342
2014-03-13T21:00:00.000000000,1.7677669529663689,188.13010235415598
2014-03-13T22:00:00.000000000,3.5102104424946554,220.667688632563
2014-03-13T23:00:00.000000000,4.915189045279798,226.03038809229466
2014-03-14T00:00:00.000000000,5.23360535386458,229.84400037508067
2014-03-14T01:00:00.000000000,5.544396809026527,228.6561003194201
2014-03-14T02:00:00.000000000,6.136468854316789,236.6336339989404
2014-03-14T03:00:00.000000000,7.212185868375828,244.3231843181618
2014-03-14T04:00:00.000000000,7.994138477659741,243.03428556712984
2014-03-14T05:00:00.000000000,8.58058222744277,234.66609097168015
2014-03-14T06:00:00.000000000,8.48065866253079,239.2390221639136
2014-03-14T07:00:00.000000000,7.7799642095082,247.0189814926835
2014-03-14T08:00:00.000000000,7.271285390228714,246.38753588337482
2014-03-14T09:00:00.000000000,7.355154586289249,233.50013128860573
2014-03-14T10:00:00.000000000,7.629393299072786,231.85332718390364
2014-03-14T11:00:00.000000000,8.232350650111641,231.16356156827257
2014-03-14T12:00:00.000000000,8.011283289923472,226.64381332238838
2014-03-14T13:00:00.000000000,7.537084556511007,236.02003935578887
2014-03-14T14:00:00.000000000,8.80250529545331,233.08128266324474
2014-03-14T15:00:00.000000000,11.092493011822363,235.2354272951861
2014-03-14T16:00:00.000000000,11.124257370513101,245.22037523782978
2014-03-14T17:00:00.000000000,11.247029024740606,260.72617304800474
2014-03-14T18:00:00.000000000,13.291357395480036,266.22542473196756
2014-03-14T19:00:00.000000000,13.013284741197262,272.58769026420435
2014-03-14T20:00:00.000000000,12.118921154785491,285.55588559516775
2014-03-14T21:00:00.000000000,10.878222217090494,300.21865742335456
2014-03-14T22:00:00.000000000,10.872282143937904,308.0426306523617
2014-03-14T23:00:00.000000000,13.879215457361045,318.68793112207914
2014-03-15T00:00:00.000000000,8.978262825058016,311.61373644159966
2014-03-15T01:00:00.000000000,9.961390851882804,314.94917921800277
2014-03-15T02:00:00.000000000,8.659154431222923,284.71839384211813
2014-03-15T03:00:00.000000000,8.723522731729327,285.0320401905269
2014-03-15T04:00:00.000000000,12.708718303247753,265.82613550038866
2014-03-15T05:00:00.000000000,9.945021852421997,285.6784278425288
2014-03-15T06:00:00.000000000,13.827582413213392,323.30620380132115
2014-03-15T07:00:00.000000000,15.082510759700916,323.18708697872717
2014-03-15T08:00:00.000000000,13.085591049470285,339.88596624737033
2014-03-15T09:00:00.000000000,15.123892713732594,344.51644455398804
2014-03-15T10:00:00.000000000,14.410007776341304,352.5235944458625
2014-03-15T11:00:00.000000000,13.085037359637806,351.76153152545356
2014-03-15T12:00:00.000000000,13.458480753902988,348.75268833045715
2014-03-15T13:00:00.000000000,13.84100144910392,343.74186681484036
2014-03-15T14:00:00.000000000,15.123892713732594,344.51644455398804
2014-03-15T15:00:00.000000000,14.752629772464878,344.2679983741315
2014-03-15T16:00:00.000000000,14.932957257472717,347.4295781122988
2014-03-15T17:00:00.000000000,15.231062165569703,348.9759412458313
2014-03-15T18:00:00.000000000,15.54879714652285,353.5377306074056
2014-03-15T19:00:00.000000000,14.79595216991042,1.936566483177387
2014-03-15T20:00:00.000000000,14.047788303742108,2.192806876623763
2014-03-15T21:00:00.000000000,14.29624772848515,2.0042834907572455
2014-03-15T22:00:00.000000000,14.469453573078601,2.971162646180858
2014-03-15T23:00:00.000000000,14.22090393933728,5.194434379458357
2014-03-16T00:00:00.000000000,13.902890319170096,7.386994539634202
2014-03-16T01:00:00.000000000,13.4645165417566,2.6605288234231352
2014-03-16T02:00:00.000000000,13.30865117561118,3.230576239049924
2014-03-16T03:00:00.000000000,12.47528330295516,5.750579525109231
2014-03-16T04:00:00.000000000,11.269541570210258,6.3682624572700774
2014-03-16T05:00:00.000000000,10.55830697135429,3.597498393746605
2014-03-16T06:00:00.000000000,10.048151134718943,357.36184522781036
2014-03-16T07:00:00.000000000,10.681827458996276,350.5707470823572
2014-03-16T08:00:00.000000000,11.317274062365774,351.74460466356373
2014-03-16T09:00:00.000000000,11.775167355027351,352.06773646900155
2014-03-16T10:00:00.000000000,12.037158965173099,349.22683776175774
2014-03-16T11:00:00.000000000,11.739152034490047,346.4520627271039
2014-03-16T12:00:00.000000000,12.048446734029955,341.86581810180746
2014-03-16T13:00:00.000000000,13.19196222997942,325.8130284274705
2014-03-16T14:00:00.000000000,14.38256745699057,319.58234369477907
2014-03-16T15:00:00.000000000,14.840535723695552,314.761130928412
2014-03-16T16:00:00.000000000,15.098315315044875,303.8611007508728
2014-03-16T17:00:00.000000000,15.531071168125774,299.3502293574367
2014-03-16T18:00:00.000000000,16.834240410464446,308.1548436691853
2014-03-16T19:00:00.000000000,17.60443771537566,331.87011933958814
2014-03-16T20:00:00.000000000,16.45161759383761,347.71673286015516
2014-03-16T21:00:00.000000000,15.826429653155632,359.23067720764004
2014-03-16T22:00:00.000000000,15.936540684521589,3.147422712102127
2014-03-16T23:00:00.000000000,15.04103389445941,10.53482799127272
2014-03-17T00:00:00.000000000,14.234512090457724,8.585497057997088
2014-03-17T01:00:00.000000000,12.927618496422758,2.7711079890121937
2014-03-17T02:00:00.000000000,13.177331700275356,357.2814449143062
2014-03-17T03:00:00.000000000,12.080824576696209,1.7787998740022317
2014-03-17T04:00:00.000000000,13.039898211415103,358.90146209097105
2014-03-17T05:00:00.000000000,12.428226683199492,2.8825490491128107
2014-03-17T06:00:00.000000000,12.811727175780538,3.524034867310263
2014-03-17T07:00:00.000000000,11.331711702733035,5.062819268953888
2014-03-17T08:00:00.000000000,11.418660844813276,1.88198788683178
2014-03-17T09:00:00.000000000,11.434721011082368,356.4275805694583
2014-03-17T10:00:00.000000000,11.290269709526731,1.268801900731603
2014-03-17T11:00:00.000000000,11.163201366043785,0.6415831694683334
2014-03-17T12:00:00.000000000,10.952856508812534,358.69210475655353
2014-03-17T13:00:00.000000000,10.224581250042556,353.6830152447534
2014-03-17T14:00:00.000000000,9.970268301304634,352.0730733173104
2014-03-17T15:00:00.000000000,9.784060818563454,350.95886691783795
2014-03-17T16:00:00.000000000,9.58636057707078,345.65571989587244
2014-03-17T17:00:00.000000000,9.888900146191617,351.78795143571216
2014-03-17T18:00:00.000000000,9.657162296067968,355.32257327092776
2014-03-17T19:00:00.000000000,9.284472722702233,350.7025405266103
2014-03-17T20:00:00.000000000,9.618091500584553,344.9342796704727
2014-03-17T21:00:00.000000000,9.948218872672726,337.07555324529653
2014-03-17T22:00:00.000000000,9.873964907197706,334.5054739169392
2014-03-17T23:00:00.000000000,11.336123058113467,330.9760816903491
2014-03-18T00:00:00.000000000,12.45974279384899,336.34100291143676
2014-03-18T01:00:00.000000000,12.955146337032122,335.48741934620665
2014-03-18T02:00:00.000000000,13.206113896185427,343.50334384152666
2014-03-18T03:00:00.000000000,11.684233734084879,345.75562901941794
2014-03-18T04:00:00.000000000,11.714477557306552,339.1863492692387
2014-03-18T05:00:00.000000000,13.658539634719633,347.3119457305563
2014-03-18T06:00:00.000000000,14.850802636678164,356.6222122647378
2014-03-18T07:00:00.000000000,14.001460893155254,357.4415694609196
2014-03-18T08:00:00.000000000,14.612504500180007,0.0
2014-03-18T09:00:00.000000000,14.204953720565834,1.5127408496929888
2014-03-18T10:00:00.000000000,14.226936079262362,3.5260907163425372
2014-03-18T11:00:00.000000000,13.671647568568385,2.095890756252743
2014-03-18T12:00:00.000000000,12.713796639871191,6.775656169398985
2014-03-18T13:00:00.000000000,12.820017691159734,4.081642734314812
2014-03-18T14:00:00.000000000,13.79056098348221,7.814283846562489
2014-03-18T15:00:00.000000000,14.932957257472717,12.570421887701173
2014-03-18T16:00:00.000000000,13.986357815857819,17.690044760066996
2014-03-18T17:00:00.000000000,12.725690421461504,20.108117647055053
2014-03-18T18:00:00.000000000,12.316886465446416,24.588319017714298
2014-03-18T19:00:00.000000000,11.5061749232187,29.26620149897991
2014-03-18T20:00:00.000000000,11.09036989699564,35.08723964385513
2014-03-18T21:00:00.000000000,11.221479797774382,31.79566065783655
2014-03-18T22:00:00.000000000,10.38951675313086,29.556770572393134
2014-03-18T23:00:00.000000000,9.14867783417346,25.059453421458954
2014-03-19T00:00:00.000000000,7.799238744903248,21.630886836517902
2014-03-19T01:00:00.000000000,5.888788211556646,10.642051501901506
2014-03-19T02:00:00.000000000,5.640257086339239,12.804266065286754
2014-03-19T03:00:00.000000000,6.261239893184097,356.5663696375495
2014-03-19T04:00:00.000000000,6.778873431478124,354.7099187946287
2014-03-19T05:00:00.000000000,6.4319651342549875,355.5415147460581
2014-03-19T06:00:00.000000000,6.292469714925673,357.7230377676125
2014-03-19T07:00:00.000000000,6.037501500060002,0.0
2014-03-19T08:00:00.000000000,5.168551222356394,357.22755264604865
2014-03-19T09:00:00.000000000,3.9621071398905623,350.9240058227137
2014-03-19T10:00:00.000000000,4.5154090332993935,337.1971284233927
2014-03-19T11:00:00.000000000,4.589389937671455,330.6422464572087
2014-03-19T12:00:00.000000000,4.8258590284908625,320.99251360860353
2014-03-19T13:00:00.000000000,4.004471202647956,314.11472062217507
2014-03-19T14:00:00.000000000,4.503785238636889,321.7623864970601
2014-03-19T15:00:00.000000000,5.038911092686593,293.38522105721376
2014-03-19T16:00:00.000000000,6.538696419263306,268.90461212981984
2014-03-19T17:00:00.000000000,8.28796338680309,270.6048998600016
2014-03-19T18:00:00.000000000,8.720030518211608,263.4149183559753
2014-03-19T19:00:00.000000000,7.799238744903248,263.55839990066494
2014-03-19T20:00:00.000000000,7.629097259833564,271.87787744728536
2014-03-19T21:00:00.000000000,7.391929720986259,273.8785245028477
2014-03-19T22:00:00.000000000,7.179932293438552,273.993226404308
2014-03-19T23:00:00.000000000,6.879543952908507,272.0825652797309
2014-03-20T00:00:00.000000000,7.30463401638828,266.07505209108285
2014-03-20T01:00:00.000000000,6.843668724691222,262.65431841587235
2014-03-20T02:00:00.000000000,7.091688964086536,262.9125643580458
2014-03-20T03:00:00.000000000,6.976939521650794,264.96365198115166
2014-03-20T04:00:00.000000000,7.385291930709921,287.3310244218751
2014-03-20T05:00:00.000000000,5.367968944115889,309.9935780077574
2014-03-20T06:00:00.000000000,3.8945934546349736,308.74603950275497
2014-03-20T07:00:00.000000000,4.24472978121928,335.0952639866884
2014-03-20T08:00:00.000000000,3.201686908994035,330.5325443984312
2014-03-20T09:00:00.000000000,2.679932147035398,317.07906291188783
2014-03-20T10:00:00.000000000,2.7052054821172122,313.8766532443983
2014-03-20T11:00:00.000000000,2.5436834758962292,308.61574639829814
2014-03-20T12:00:00.000000000,2.516973740930515,331.52572007729225
2014-03-20T13:00:00.000000000,3.777631980922421,264.87428708860864
2014-03-20T14:00:00.000000000,4.568428669660162,278.97255815100294
2014-03-20T15:00:00.000000000,3.802979096259311,298.249524528234
2014-03-20T16:00:00.000000000,4.195288834613983,292.9742692287408
2014-03-20T17:00:00.000000000,3.676325217165723,320.5185168516173
2014-03-20T18:00:00.000000000,8.239242338021937,39.5829380049974
2014-03-20T19:00:00.000000000,6.985907142499723,69.35986174521452
2014-03-20T20:00:00.000000000,5.597682084961013,93.45660477166092
2014-03-20T21:00:00.000000000,5.4639285191011355,88.6891121855096
2014-03-20T22:00:00.000000000,8.363350324868588,81.66401765297849
2014-03-20T23:00:00.000000000,16.356425938695526,105.65068455978502
2014-03-21T00:00:00.000000000,19.648734852847753,98.15587952110843
2014-03-21T01:00:00.000000000,18.691318080926465,93.18195990666158
2014-03-21T02:00:00.000000000,18.82520634527067,89.73369148155933
2014-03-21T03:00:00.000000000,17.04060105496968,91.09282702423712
2014-03-21T04:00:00.000000000,18.138608611257883,96.0524113580015
2014-03-21T05:00:00.000000000,16.662501500060003,90.0
2014-03-21T06:00:00.000000000,16.679372177618134,87.42278496601335
2014-03-21T07:00:00.000000000,16.829181529535155,88.723188307908
2014-03-21T08:00:00.000000000,17.714337704714616,87.69485188946749
2014-03-21T09:00:00.000000000,17.368565927115192,78.79519824022697
2014-03-21T10:00:00.000000000,16.58668814754643,82.63933344734858
2014-03-21T11:00:00.000000000,17.227926681396163,85.00505021314154
2014-03-21T12:00:00.000000000,17.825448643786743,86.26075418473471
2014-03-21T13:00:00.000000000,17.266296649832007,87.51044707800088
2014-03-21T14:00:00.000000000,17.226912276044246,86.79711412839481
2014-03-21T15:00:00.000000000,16.58863017588543,84.07461291907168
2014-03-21T16:00:00.000000000,16.726561454818757,84.98389853760648
2014-03-21T17:00:00.000000000,16.539391036688347,89.13391669926921
2014-03-21T18:00:00.000000000,16.039449939584177,90.89308080856301
2014-03-21T19:00:00.000000000,14.87552520081224,90.48146580583835
2014-03-21T20:00:00.000000000,14.375543467987567,90.49821161261366
2014-03-21T21:00:00.000000000,13.63015957353398,88.4234499448163
2014-03-21T22:00:00.000000000,13.686215693170995,80.53767779197437
2014-03-21T23:00:00.000000000,13.584227986897158,79.93093730111059
2014-03-22T00:00:00.000000000,13.255004658135423,78.74305683633304
2014-03-22T01:00:00.000000000,11.611551360606386,75.66456458047992
2014-03-22T02:00:00.000000000,11.187325417632223,76.42956561483851
2014-03-22T03:00:00.000000000,10.285001215362106,73.7676493388438
2014-03-22T04:00:00.000000000,9.711286312882477,73.01114692291219
2014-03-22T05:00:00.000000000,8.731848665288284,71.64286651460867
2014-03-22T06:00:00.000000000,8.418628450552488,70.03143350606479
2014-03-22T07:00:00.000000000,9.786789565531691,65.07152586453873
2014-03-22T08:00:00.000000000,9.455487824538721,65.80679101271124
2014-03-22T09:00:00.000000000,9.100137361600648,69.07549825507886
2014-03-22T10:00:00.000000000,8.190123625440583,74.05460409907715
2014-03-22T11:00:00.000000000,7.7479836086558675,72.1496816977832
2014-03-22T12:00:00.000000000,7.081004519134273,69.32557523912612
2014-03-22T13:00:00.000000000,4.952903189039738,47.04540848888723
2014-03-22T14:00:00.000000000,4.529417732998359,39.400660663479414
2014-03-22T15:00:00.000000000,5.153882032022076,22.833654177917538
2014-03-22T16:00:00.000000000,5.948596356553097,13.364607830311627
2014-03-22T17:00:00.000000000,7.315437444199766,16.886791123944022
2014-03-22T18:00:00.000000000,6.920305267833204,16.79837178130532
2014-03-22T19:00:00.000000000,6.852235036832873,14.796762245057323
2014-03-22T20:00:00.000000000,8.139410298049853,10.619655276155129
2014-03-22T21:00:00.000000000,8.010043983239841,13.537463651222652
2014-03-22T22:00:00.000000000,9.256494098122237,15.6690664190873
2014-03-22T23:00:00.000000000,9.677690038879723,13.443918920120495
2014-03-23T00:00:00.000000000,10.137717247422707,12.09968948691386
2014-03-23T01:00:00.000000000,9.574201721347245,354.9816665856935
2014-03-23T02:00:00.000000000,10.288784857856566,0.9049695744532187
2014-03-23T03:00:00.000000000,10.170869885426397,2.324391071595926
2014-03-23T04:00:00.000000000,9.84233686561802,6.050910514079646
2014-03-23T05:00:00.000000000,9.18379326523642,3.9022613845908722
2014-03-23T06:00:00.000000000,9.645270861930213,3.7152891054287807
2014-03-23T07:00:00.000000000,10.358708400476072,6.721945138711021
2014-03-23T08:00:00.000000000,10.106379265707712,8.320511256691248
2014-03-23T09:00:00.000000000,9.951199763662757,8.669557659059876
2014-03-23T10:00:00.000000000,9.519716382329886,13.671307132195807
2014-03-23T11:00:00.000000000,9.076928169816043,22.680559607024918
2014-03-23T12:00:00.000000000,8.900220319639384,35.45349600198108
2014-03-23T13:00:00.000000000,7.59532035939938,40.795612325589616
2014-03-23T14:00:00.000000000,6.467466660138265,48.91824886406738
2014-03-23T15:00:00.000000000,6.62971530308806,45.76389846093002
2014-03-23T16:00:00.000000000,6.983238861731711,45.72522429905928
2014-03-23T17:00:00.000000000,6.373774391990981,41.82016988013578
2014-03-23T18:00:00.000000000,6.719840027857806,46.50743575877499
2014-03-23T19:00:00.000000000,6.3726597753965155,53.534684245758626
2014-03-23T20:00:00.000000000,5.848732041042038,54.30572592439307
2014-03-23T21:00:00.000000000,5.796401220752126,54.39049639036239
2014-03-23T22:00:00.000000000,6.604922406811453,60.524110996754246
2014-03-23T23:00:00.000000000,7.1730833677017865,67.45693899994211
2014-03-24T00:00:00.000000000,8.26230143483037,72.38742215707617
2014-03-24T01:00:00.000000000,7.520804478245662,68.55226367289464
2014-03-24T02:00:00.000000000,8.427076895341587,69.14554196042167
2014-03-24T03:00:00.000000000,7.47600327715284,69.44395478041656
2014-03-24T04:00:00.000000000,6.700046641628698,75.96375653207355
2014-03-24T05:00:00.000000000,6.6673176765472935,83.54118362128133
2014-03-24T06:00:00.000000000,6.391754834350794,85.85053066418175
2014-03-24T07:00:00.000000000,7.607747997974731,76.99128449780034
2014-03-24T08:00:00.000000000,9.676808616480953,84.06847307508025
2014-03-24T09:00:00.000000000,10.761621625015442,92.66300076606717
2014-03-24T10:00:00.000000000,11.447632292865487,96.45765089880274
2014-03-24T11:00:00.000000000,11.158656953235905,102.94650951563693
2014-03-24T12:00:00.000000000,11.374160929447871,102.89079505533539
2014-03-24T13:00:00.000000000,10.587565270119399,102.47745737506148
2014-03-24T14:00:00.000000000,9.941531306810509,110.07544073209442
2014-03-24T15:00:00.000000000,9.586650167588191,109.26185518265902
2014-03-24T16:00:00.000000000,9.007503854358804,123.05055221312148
2014-03-24T17:00:00.000000000,7.8814725407543405,137.24955882964161
2014-03-24T18:00:00.000000000,6.784932263833552,145.8123037401026
2014-03-24T19:00:00.000000000,6.737781112060098,173.92980789683543
2014-03-24T20:00:00.000000000,6.925823325598318,186.94543423249223
2014-03-24T21:00:00.000000000,6.67772631495195,187.20482119176896
2014-03-24T22:00:00.000000000,6.5170227271288175,190.27536878897965
2014-03-24T23:00:00.000000000,7.0367339725187845,192.30801581742793
2014-03-25T00:00:00.000000000,7.510409442899901,198.434948822922
2014-03-25T01:00:00.000000000,7.0265712345634,203.37258008733082
2014-03-25T02:00:00.000000000,6.7198558310253835,201.84097778168112
2014-03-25T03:00:00.000000000,6.8704724012949745,193.25246779358912
2014-03-25T04:00:00.000000000,8.67533930412926,184.3797170325775
2014-03-25T05:00:00.000000000,9.0722848695439,174.1480363832626
2014-03-25T06:00:00.000000000,9.808685485007102,168.16026564709523
2014-03-25T07:00:00.000000000,10.256483193839529,173.35140128494788
2014-03-25T08:00:00.000000000,9.971754935428715,169.7466041877733
2014-03-25T09:00:00.000000000,9.479961903591649,164.55279481248476
2014-03-25T10:00:00.000000000,8.937465776550155,166.08044373085409
2014-03-25T11:00:00.000000000,8.475681711150024,164.69309297996688
2014-03-25T12:00:00.000000000,8.114057302284516,163.07257945861068
2014-03-25T13:00:00.000000000,8.203254611247473,154.8408001003911
2014-03-25T14:00:00.000000000,8.385680708339303,152.86212516817193
2014-03-25T15:00:00.000000000,9.376322945597796,154.49407305290094
2014-03-25T16:00:00.000000000,10.497095788481069,151.78716123816673
2014-03-25T17:00:00.000000000,10.555673836703233,152.49438689090243
2014-03-25T18:00:00.000000000,10.090423724888574,159.47729179637577
2014-03-25T19:00:00.000000000,10.057173527260968,162.42091727009642
2014-03-25T20:00:00.000000000,10.390096459886891,163.50551442996675
2014-03-25T21:00:00.000000000,11.026884685568358,166.56241965735308
2014-03-25T22:00:00.000000000,11.637427067214515,170.41631096396554
2014-03-25T23:00:00.000000000,11.70983303073538,172.14672179891636
2014-03-26T00:00:00.000000000,12.007851132525923,175.76142678306098
2014-03-26T01:00:00.000000000,12.85045537031833,174.92165051523955
2014-03-26T02:00:00.000000000,12.889474356945833,178.99981481077316
2014-03-26T03:00:00.000000000,13.013375093481676,180.6604667120921
2014-03-26T04:00:00.000000000,13.327949325599317,183.71043019891138
2014-03-26T05:00:00.000000000,13.031325094698474,183.0792364283169
2014-03-26T06:00:00.000000000,13.309089038573301,184.7949395214107
2014-03-26T07:00:00.000000000,13.059502370370662,189.30906501403058
2014-03-26T08:00:00.000000000,12.986212037176939,190.65016362353697
2014-03-26T09:00:00.000000000,13.500734797595252,190.77935151133462
2014-03-26T10:00:00.000000000,13.312276587785961,189.29429212551176
2014-03-26T11:00:00.000000000,13.364756061169963,187.0918021108359
2014-03-26T12:00:00.000000000,13.787035285008676,188.44601925788086
2014-03-26T13:00:00.000000000,14.577071242722957,193.488101189155
2014-03-26T14:00:00.000000000,14.783791773471524,193.2960120170322
2014-03-26T15:00:00.000000000,14.755545489791434,192.82364222956616
2014-03-26T16:00:00.000000000,14.51594897039358,193.74905204257755
2014-03-26T17:00:00.000000000,14.060688500205574,189.00176050233037
2014-03-26T18:00:00.000000000,13.430601954086914,184.59094034865657
2014-03-26T19:00:00.000000000,14.437332931313009,184.12096476827455
2014-03-26T20:00:00.000000000,14.79745896845165,174.32794396482973
2014-03-26T21:00:00.000000000,15.13507887366673,167.26076886380042
2014-03-26T22:00:00.000000000,14.815910426111095,165.98722444767373
2014-03-26T23:00:00.000000000,14.214800893931276,159.19041803351183
2014-03-27T00:00:00.000000000,14.958477127259737,165.7779833968575
2014-03-27T01:00:00.000000000,16.31436461112904,169.67161233460308
2014-03-27T02:00:00.000000000,15.67988090426518,170.17725929953826
2014-03-27T03:00:00.000000000,14.606951975769137,170.3442808552735
2014-03-27T04:00:00.000000000,12.12257899782957,168.40050895446507
2014-03-27T05:00:00.000000000,7.295987888591327,168.03564961252607
2014-03-27T06:00:00.000000000,6.227094458920171,104.17583460146551
2014-03-27T07:00:00.000000000,7.3588980352209,87.17642680580661
2014-03-27T08:00:00.000000000,6.01167644973301,93.57620952252728
2014-03-27T09:00:00.000000000,6.305740629251721,96.71641401306357
2014-03-27T10:00:00.000000000,5.664119930815435,98.6307736595661
2014-03-27T11:00:00.000000000,4.562496897136337,94.2421767941508
2014-03-27T12:00:00.000000000,4.426337978366987,76.27773138066789
2014-03-27T13:00:00.000000000,5.01263671869381,59.91843724257245
2014-03-27T14:00:00.000000000,7.689642332317996,55.99996784768598
2014-03-27T15:00:00.000000000,8.76966278203864,65.22487312110462
2014-03-27T16:00:00.000000000,8.574107831168705,65.26571076951382
2014-03-27T17:00:00.000000000,8.81944698448019,65.10576218926116
2014-03-27T18:00:00.000000000,8.368550956531049,63.66459920044406
2014-03-27T19:00:00.000000000,7.47755928508539,53.35998307985068
2014-03-27T20:00:00.000000000,7.827524647801292,52.98371532495355
2014-03-27T21:00:00.000000000,8.736141975341104,50.98170388580422
2014-03-27T22:00:00.000000000,8.682857614973697,55.14313516597667
2014-03-27T23:00:00.000000000,7.8463572503671095,61.76108012560701
2014-03-28T00:00:00.000000000,7.619650416876322,62.97257229281945
2014-03-28T01:00:00.000000000,7.206430842453963,60.14418641084433
2014-03-28T02:00:00.000000000,6.894291116568838,67.61986494804046
2014-03-28T03:00:00.000000000,5.725612586163312,77.38978374592949
2014-03-28T04:00:00.000000000,5.376453291901642,72.40757543781842
2014-03-28T05:00:00.000000000,5.257435211203273,61.606980578617026
2014-03-28T06:00:00.000000000,5.165826892855754,62.62888490362667
2014-03-28T07:00:00.000000000,6.317139384246639,62.927919762007264
2014-03-28T08:00:00.000000000,6.221183569064652,67.55724663470562
2014-03-28T09:00:00.000000000,5.436695732489704,74.94128152539616
2014-03-28T10:00:00.000000000,4.685416203497828,80.78897345918335
2014-03-28T11:00:00.000000000,4.315669125408017,79.99202019855863
2014-03-28T12:00:00.000000000,4.685416203497828,80.78897345918335
2014-03-28T13:00:00.000000000,4.387998431798005,85.58879597882265
2014-03-28T14:00:00.000000000,4.5,90.0
2014-03-28T15:00:00.000000000,4.843954142735223,92.9583912496937
2014-03-28T16:00:00.000000000,4.5,90.0
2014-03-28T17:00:00.000000000,4.309310166652749,80.48305200453399
2014-03-28T18:00:00.000000000,4.3767853500028995,88.3634229583833
2014-03-28T19:00:00.000000000,3.92703109555215,85.06978093833368
2014-03-28T20:00:00.000000000,3.439204123049401,70.90650799951436
2014-03-28T21:00:00.000000000,2.6067533663115814,61.34570174842736
2014-03-28T22:00:00.000000000,2.0155644370746373,60.2551187030578
2014-03-28T23:00:00.000000000,1.918209383081457,44.20791079033984
2014-03-29T00:00:00.000000000,1.622977733911803,12.002254112355217
2014-03-29T01:00:00.000000000,2.2638462845343543,6.3401917459099195
2014-03-29T02:00:00.000000000,2.6368778887161235,354.5596679689945
2014-03-29T03:00:00.000000000,1.4479531588551162,332.77129520150845
2014-03-29T04:00:00.000000000,1.3638778584513207,340.73463750698164
2014-03-29T05:00:00.000000000,1.990172508280817,333.91778598394467
2014-03-29T06:00:00.000000000,2.2188481218262233,329.5344747199705
2014-03-29T07:00:00.000000000,2.3251344047172844,306.25383773744477
2014-03-29T08:00:00.000000000,1.5096047289005,297.6260901527339
2014-03-29T09:00:00.000000000,1.047021227171162,303.3107680261123
2014-03-29T10:00:00.000000000,0.8427080232997379,302.27587123754296
2014-03-29T11:00:00.000000000,0.9507399421075939,298.2499375486538
2014-03-29T12:00:00.000000000,1.0158889272325737,288.6580758532119
2014-03-29T13:00:00.000000000,2.2014888938258323,236.5806302657523
2014-03-29T14:00:00.000000000,2.6121404991638073,245.39723575758993
2014-03-29T15:00:00.000000000,2.0282764203780874,260.4216188642419
2014-03-29T16:00:00.000000000,1.875,270.0
2014-03-29T17:00:00.000000000,1.8915932438026946,262.40535663140855
2014-03-29T18:00:00.000000000,2.42706097986845,258.111341960372
2014-03-29T19:00:00.000000000,2.4906073556464094,252.47443162627712
2014-03-29T20:00:00.000000000,2.777390724622976,237.31123816732406
2014-03-29T21:00:00.000000000,2.8214842702364544,246.50142217818689
2014-03-29T22:00:00.000000000,2.4653199791525,243.8247259270188
2014-03-29T23:00:00.000000000,3.0364716551709745,244.91183523952964
2014-03-30T00:00:00.000000000,2.775450413896815,262.23483398157464
2014-03-30T01:00:00.000000000,3.4323825544364954,259.5085229876684
2014-03-30T02:00:00.000000000,3.384246592670221,265.76360520094113
2014-03-30T03:00:00.000000000,2.850438562747845,254.7448812969422
2014-03-30T04:00:00.000000000,2.358495283014151,237.99461679191648
2014-03-30T05:00:00.000000000,2.6061537488695405,218.5739513815856
2014-03-30T06:00:00.000000000,2.828016122349514,209.9647613062547
2014-03-30T07:00:00.000000000,3.7458310159429242,205.70995378081125
2014-03-30T08:00:00.000000000,4.701360824192126,206.36065931175966
2014-03-30T09:00:00.000000000,4.48086208223373,210.14138555207532
2014-03-30T10:00:00.000000000,4.768681065060706,205.9605219458241
2014-03-30T11:00:00.000000000,5.160820656668715,205.38575912782164
2014-03-30T12:00:00.000000000,6.028175292917977,209.43540394433293
2014-03-30T13:00:00.000000000,6.604922406811453,209.47588900324575
2014-03-30T14:00:00.000000000,6.4732377891441235,214.45725732252012
2014-03-30T15:00:00.000000000,7.500303009749791,218.43612323579907
2014-03-30T16:00:00.000000000,8.673674825969194,215.20172617441594
2014-03-30T17:00:00.000000000,9.251903172577729,218.03114846538713
2014-03-30T18:00:00.000000000,10.489771640444276,219.34225920141867
2014-03-30T19:00:00.000000000,12.06859363987387,214.15093725886445
2014-03-30T20:00:00.000000000,13.19854711690579,212.35051324971772
2014-03-30T21:00:00.000000000,13.754832087218375,212.11578210338985
2014-03-30T22:00:00.000000000,13.957808258204336,213.41968429552844
2014-03-30T23:00:00.000000000,13.156686203630132,215.95534985081795
2014-03-31T00:00:00.000000000,12.50351293716074,220.9057430625798
2014-03-31T01:00:00.000000000,13.165832265643033,221.6516625551534
2014-03-31T02:00:00.000000000,11.954361355095758,229.66523384140035
2014-03-31T03:00:00.000000000,10.700038247975815,233.2640670303508
2014-03-31T04:00:00.000000000,11.02081028807974,230.06140716323756
2014-03-31T05:00:00.000000000,10.487088487409363,231.43630133284913
2014-03-31T06:00:00.000000000,9.41291276545277,235.82468987956122
2014-03-31T07:00:00.000000000,9.801866863094121,218.58006802734567
2014-03-31T08:00:00.000000000,10.30959519202289,218.99628879306218
2014-03-31T09:00:00.000000000,8.26230043632553,227.32999842307467
2014-03-31T10:00:00.000000000,7.492535881189928,218.97351482945834
2014-03-31T11:00:00.000000000,12.40829178530156,208.78560965759542
2014-03-31T12:00:00.000000000,12.182887725157345,217.32860175031445
2014-03-31T13:00:00.000000000,10.085890411336813,221.5334530031059
2014-03-31T14:00:00.000000000,9.205190524777635,216.4966467231051
2014-03-31T15:00:00.000000000,9.574768905782323,220.55281765143252
2014-03-31T16:00:00.000000000,9.365000574584114,233.08443520794776
2014-03-31T17:00:00.000000000,7.847256310966381,247.02938312890186
2014-03-31T18:00:00.000000000,6.792574235978772,267.78553616552085
2014-03-31T19:00:00.000000000,5.9477538144818825,285.73056882329297
2014-03-31T20:00:00.000000000,4.9058983556822255,309.00197814802385
2014-03-31T21:00:00.000000000,3.226482459907976,314.2154591993912
2014-03-31T22:00:00.000000000,2.4577687544885176,279.3670043862172
2014-03-31T23:00:00.000000000,3.7303655652683747,262.68480049552545
2014-04-01T00:00:00.000000000,4.749116031121961,260.76105712262466
2014-04-01T01:00:00.000000000,7.198626995202759,260.5051538436323
2014-04-01T02:00:00.000000000,7.934209207940181,256.42371598811513
2014-04-01T03:00:00.000000000,10.326536948641511,279.8273139711365
2014-04-01T04:00:00.000000000,10.533671506400282,277.2263108174098
2014-04-01T05:00:00.000000000,11.901392490281445,267.2308824648463
2014-04-01T06:00:00.000000000,13.974993999792192,270.0001230012795
2014-04-01T07:00:00.000000000,15.127761930456643,268.9110910932444
2014-04-01T08:00:00.000000000,15.378733454030872,268.74255363434315
2014-04-01T09:00:00.000000000,14.935578972468727,272.15845599086555
2014-04-01T10:00:00.000000000,17.31948381682192,275.1345714164707
2014-04-01T11:00:00.000000000,17.863674680528916,277.7615993163538
2014-04-01T12:00:00.000000000,19.068686399433005,275.6807149362453
2014-04-01T13:00:00.000000000,22.714455136368162,273.3757460997099
2014-04-01T14:00:00.000000000,23.746769075391967,275.497561638389
2014-04-01T15:00:00.000000000,22.686241980133016,284.128183558596
2014-04-01T16:00:00.000000000,21.680706528164272,290.83833457584177
2014-04-01T17:00:00.000000000,19.027240596501244,328.2938964402464
2014-04-01T18:00:00.000000000,17.022554926541442,319.07924746488544
2014-04-01T19:00:00.000000000,8.75389788632882,29.420216218097266
2014-04-01T20:00:00.000000000,11.844849404101208,28.9723923894461
2014-04-01T21:00:00.000000000,9.176232778486234,29.009117448469397
2014-04-01T22:00:00.000000000,9.938316865140532,28.305628957801048
2014-04-01T23:00:00.000000000,9.56882960450232,33.27488798483495
2014-04-02T00:00:00.000000000,8.308504678941933,45.0
2014-04-02T01:00:00.000000000,7.301540933255117,38.047042531826094
2014-04-02T02:00:00.000000000,5.84433486378048,48.46822925891718
2014-04-02T03:00:00.000000000,5.828927247956242,49.9584414334405
2014-04-02T04:00:00.000000000,5.46678794970792,41.01337329669525
2014-04-02T05:00:00.000000000,5.115204587816943,30.387433314429416
2014-04-02T06:00:00.000000000,5.735034873477231,20.409882833803977
2014-04-02T07:00:00.000000000,7.166863172850573,358.0009592707636
2014-04-02T08:00:00.000000000,7.791513307017885,358.16128096557065
2014-04-02T09:00:00.000000000,7.934282228146635,4.246385366969093
2014-04-02T10:00:00.000000000,8.591585140468176,6.432236806359697
2014-04-02T11:00:00.000000000,9.089390813595086,12.46897295273061
2014-04-02T12:00:00.000000000,8.9499403483231,14.560273205155056
2014-04-02T13:00:00.000000000,7.78850464552964,0.919596285041564
2014-04-02T14:00:00.000000000,8.202514858261459,7.883139316729739
2014-04-02T15:00:00.000000000,8.465001476668506,16.29404745659889
2014-04-02T16:00:00.000000000,9.881715899256404,19.97071929138417
2014-04-02T17:00:00.000000000,8.380374213117639,20.976146049811746
2014-04-02T18:00:00.000000000,9.145508568449516,23.095750260941145
2014-04-02T19:00:00.000000000,6.427480066091221,13.495733280795832
2014-04-02T20:00:00.000000000,7.732017377516268,22.12822676548916
2014-04-02T21:00:00.000000000,8.105746418436738,26.565051177077976
2014-04-02T22:00:00.000000000,7.865361934646541,30.885685037569317
2014-04-02T23:00:00.000000000,8.730774470982903,39.364446679178
2014-04-03T00:00:00.000000000,8.736141975341104,39.01829611419578
2014-04-03T01:00:00.000000000,9.625811654089228,37.613956848732755
2014-04-03T02:00:00.000000000,11.350247794651885,73.36119432957372
2014-04-03T03:00:00.000000000,10.738365797457265,77.9052429229879
2014-04-03T04:00:00.000000000,10.648717627664695,75.03392583776065
2014-04-03T05:00:00.000000000,10.630213373385637,70.77672729885438
2014-04-03T06:00:00.000000000,10.29182215288593,66.14349217826162
2014-04-03T07:00:00.000000000,9.631889436295287,63.56795459129171
2014-04-03T08:00:00.000000000,9.770011514834566,73.65182845264877
2014-04-03T09:00:00.000000000,9.059603157016689,83.42408691140162
2014-04-03T10:00:00.000000000,8.541161037208397,88.32271152511106
2014-04-03T11:00:00.000000000,9.007809112098235,92.38594403038883
2014-04-03T12:00:00.000000000,8.625,90.0
2014-04-03T13:00:00.000000000,7.875,90.0
2014-04-03T14:00:00.000000000,8.378730512434446,91.70981404414152
2014-04-03T15:00:00.000000000,8.302570753296644,93.45257333842625
2014-04-03T16:00:00.000000000,8.667271159429509,91.90090336225325
2014-04-03T17:00:00.000000000,10.402073110683274,94.13467137373641
2014-04-03T18:00:00.000000000,11.366755253809242,98.21920924889906
2014-04-03T19:00:00.000000000,10.622043152074532,119.8536128561347
2014-04-03T20:00:00.000000000,8.203171139073092,143.8635126169579
2014-04-03T21:00:00.000000000,7.28857346216506,179.01732161840903
2014-04-03T22:00:00.000000000,7.546824091192717,182.8481873454951
2014-04-03T23:00:00.000000000,7.177753930535077,192.77771832809614
2014-04-04T00:00:00.000000000,5.062254573123202,185.66835870691216
2014-04-04T01:00:00.000000000,4.817580147298385,186.40587597082438
2014-04-04T02:00:00.000000000,3.9640974382906524,170.74566081899957
2014-04-04T03:00:00.000000000,3.3446061295673863,155.2549218681279
2014-04-04T04:00:00.000000000,3.314852419213968,135.7639913438373
2014-04-04T05:00:00.000000000,2.639716168320371,151.73631346084005
2014-04-04T06:00:00.000000000,7.425060606979309,209.88844068721883
2014-04-04T07:00:00.000000000,11.562724910322764,201.0997739460262
2014-04-04T08:00:00.000000000,11.506112505968295,197.05696557661705
2014-04-04T09:00:00.000000000,11.001834101714522,196.70548472805507
2014-04-04T10:00:00.000000000,9.61686536645302,199.9894745283624
2014-04-04T11:00:00.000000000,8.901976247637196,201.4129659500121
2014-04-04T12:00:00.000000000,8.036422927910372,200.29528609424696
2014-04-04T13:00:00.000000000,8.59740334207216,195.43047564339938
2014-04-04T14:00:00.000000000,7.783688295942469,197.76570066099492
2014-04-04T15:00:00.000000000,7.399938545428843,198.0064701890111
2014-04-04T16:00:00.000000000,7.246766520317872,194.995079129176
2014-04-04T17:00:00.000000000,7.352913638556048,193.06763235032923
2014-04-04T18:00:00.000000000,7.682051238940141,192.49848200613374
2014-04-04T19:00:00.000000000,7.279292019058444,158.01593154855652
2014-04-04T20:00:00.000000000,7.424451548718462,167.5549420201313
2014-04-04T21:00:00.000000000,7.522975108787198,175.52098831307694
2014-04-04T22:00:00.000000000,7.626024521334822,180.93919094573556
2014-04-04T23:00:00.000000000,7.501760242604515,181.2412258076014
2014-04-05T00:00:00.000000000,7.414282515922464,181.25587279502545
2014-04-05T01:00:00.000000000,7.661796460360978,185.6175805901268
2014-04-05T02:00:00.000000000,6.93529263893109,187.5605347789034
2014-04-05T03:00:00.000000000,6.849372944849897,189.77175971813995
2014-04-05T04:00:00.000000000,6.7650295638674045,196.09081634885214
2014-04-05T05:00:00.000000000,6.206095793653205,198.79988515865267
2014-04-05T06:00:00.000000000,5.223145603944045,201.03751102542182
2014-04-05T07:00:00.000000000,4.433696199305018,205.55364673455037
2014-04-05T08:00:00.000000000,4.596194077712559,202.38013505195957
2014-04-05T09:00:00.000000000,4.981214711292819,197.52556837372288
2014-04-05T10:00:00.000000000,5.344389581607987,190.78429786756257
2014-04-05T11:00:00.000000000,5.435547119485928,185.27793154913425
2014-04-05T12:00:00.000000000,4.500156259787737,180.4774728753404
2014-04-05T13:00:00.000000000,4.430011286667337,163.6104596659652
2014-04-05T14:00:00.000000000,5.220153254455275,163.30075576600643
2014-04-05T15:00:00.000000000,5.953320784435082,170.6959126363879
2014-04-05T16:00:00.000000000,6.134291339467156,176.84608904701213
2014-04-05T17:00:00.000000000,5.277443307375907,185.8456450996439
2014-04-05T18:00:00.000000000,4.957603324766265,195.05240457200918
2014-04-05T19:00:00.000000000,4.12517046466043,180.5208772084424
2014-04-05T20:00:00.000000000,4.538345056354631,178.895278932441
2014-04-05T21:00:00.000000000,5.006246098625197,182.86240522611175
2014-04-05T22:00:00.000000000,5.136100684124266,183.767679824249
2014-04-05T23:00:00.000000000,4.752778843742022,178.0406272992932
2014-04-06T00:00:00.000000000,4.651948516482099,173.82982490497034
2014-04-06T01:00:00.000000000,5.184244531453617,196.8183393940765
2014-04-06T02:00:00.000000000,4.402575281924975,193.12873715517944
2014-04-06T03:00:00.000000000,4.201526877294554,196.06248325323557
2014-04-06T04:00:00.000000000,4.826182483365788,204.97208426748975
2014-04-06T05:00:00.000000000,5.757307180960865,208.95794907253475
2014-04-06T06:00:00.000000000,6.596637400979381,207.0505970070861
2014-04-06T07:00:00.000000000,8.254819243198591,202.52643948070605
2014-04-06T08:00:00.000000000,8.14103367137256,199.74258686296915
2014-04-06T09:00:00.000000000,8.345095865237258,196.53483785734514
2014-04-06T10:00:00.000000000,8.610495049647263,193.43102887068164
2014-04-06T11:00:00.000000000,9.012224065876126,192.8218760777797
2014-04-06T12:00:00.000000000,8.309428009872795,197.78079806417128
2014-04-06T13:00:00.000000000,9.517896037271239,188.53449394667174
2014-04-06T14:00:00.000000000,9.961403508725406,196.77499333125883
2014-04-06T15:00:00.000000000,10.169641253585771,205.7146579562398
2014-04-06T16:00:00.000000000,11.671936888406035,211.86879696104208
2014-04-06T17:00:00.000000000,12.50711254055342,211.51371853686413
2014-04-06T18:00:00.000000000,13.255573613221491,211.62166835657902
2014-04-06T19:00:00.000000000,12.60796579997411,212.57140346370636
2014-04-06T20:00:00.000000000,13.493896164214727,212.24730966014315
2014-04-06T21:00:00.000000000,14.587121810947272,211.68791698399522
2014-04-06T22:00:00.000000000,15.086446564418637,214.63811311039464
2014-04-06T23:00:00.000000000,15.465146431740767,214.7947399243425
2014-04-07T00:00:00.000000000,16.001101577433,216.1984989598314
2014-04-07T01:00:00.000000000,16.14073719230186,218.39648028465717
2014-04-07T02:00:00.000000000,16.462678102973378,218.61904939469005
2014-04-07T03:00:00.000000000,16.540983852908482,218.9573469694719
2014-04-07T04:00:00.000000000,15.979119647117425,220.01791034004088
2014-04-07T05:00:00.000000000,15.291881140705321,219.1279432667402
2014-04-07T06:00:00.000000000,14.785495362347397,216.40488108080152
2014-04-07T07:00:00.000000000,15.172089836233578,214.3578003476999
2014-04-07T08:00:00.000000000,15.099937934893573,212.83497861103905
2014-04-07T09:00:00.000000000,14.198656869115753,212.7806961361087
2014-04-07T10:00:00.000000000,14.270767095642833,214.39997556207908
2014-04-07T11:00:00.000000000,14.75587763781306,216.2486334750044
2014-04-07T12:00:00.000000000,15.288128830499106,216.354583441274
2014-04-07T13:00:00.000000000,14.5877234558161,215.33793282212673
2014-04-07T14:00:00.000000000,13.861088972293706,215.56772096387363
2014-04-07T15:00:00.000000000,13.327526114192734,216.955899432041
2014-04-07T16:00:00.000000000,12.681322250165419,218.6774739658507
2014-04-07T17:00:00.000000000,11.837040428617655,215.28451866260875
2014-04-07T18:00:00.000000000,10.32129212207653,214.19050504948987
2014-04-07T19:00:00.000000000,10.986681115918218,202.33409522300494
2014-04-07T20:00:00.000000000,9.450033386206634,207.92099247766586
2014-04-07T21:00:00.000000000,8.333670042894703,215.90744181210835
2014-04-07T22:00:00.000000000,7.363267365516504,222.11024747401683
2014-04-07T23:00:00.000000000,8.132814598572889,217.38077983302628
2014-04-08T00:00:00.000000000,9.372933200531707,222.02706444640063
2014-04-08T01:00:00.000000000,10.702514004136393,235.901691841162
2014-04-08T02:00:00.000000000,11.922102716127112,249.43696004154586
2014-04-08T03:00:00.000000000,11.353424946266232,264.4400887424247
2014-04-08T04:00:00.000000000,10.238300423818105,283.6291407548837
2014-04-08T05:00:00.000000000,8.810415497768933,296.0925277445032
2014-04-08T06:00:00.000000000,8.482437297581562,299.77636325089173
2014-04-08T07:00:00.000000000,6.748565362401999,283.93341594530915
2014-04-08T08:00:00.000000000,5.773913646601666,277.4636497871609
2014-04-08T09:00:00.000000000,4.991047795547635,265.40328993910305
2014-04-08T10:00:00.000000000,5.293537838649921,253.96169317854748
2014-04-08T11:00:00.000000000,4.890825146442753,258.2018482232362
2014-04-08T12:00:00.000000000,4.131227827533452,257.7720578873902
2014-04-08T13:00:00.000000000,2.483005834713948,256.31358509146105
2014-04-08T14:00:00.000000000,1.67126170890049,201.96060248384686
2014-04-08T15:00:00.000000000,3.2222114474560377,184.4498491361443
2014-04-08T16:00:00.000000000,4.968791740645479,182.88399998214163
2014-04-08T17:00:00.000000000,5.452896544565423,186.9784105480439
2014-04-08T18:00:00.000000000,5.773918193072015,185.21694832680913
2014-04-08T19:00:00.000000000,5.652238147355389,201.40149181552562
2014-04-08T20:00:00.000000000,5.632744988027463,233.664156765604
2014-04-08T21:00:00.000000000,6.140402937770596,247.2455593332516
2014-04-08T22:00:00.000000000,6.224149275312817,246.31792336826862
2014-04-08T23:00:00.000000000,7.647522017947438,243.81190418190658
2014-04-09T00:00:00.000000000,8.072537829951365,242.91918522221573
2014-04-09T01:00:00.000000000,8.335032449963464,241.32098847331497
2014-04-09T02:00:00.000000000,7.671106164763977,234.88561875154937
2014-04-09T03:00:00.000000000,7.651159256334813,227.18479743483275
2014-04-09T04:00:00.000000000,8.257770083730852,226.3493579248419
2014-04-09T05:00:00.000000000,8.891869894826035,225.0
2014-04-09T06:00:00.000000000,8.722936441709,221.4562821520377
2014-04-09T07:00:00.000000000,8.171800735722869,218.72827022234503
2014-04-09T08:00:00.000000000,7.430064448952504,218.37379619855616
2014-04-09T09:00:00.000000000,6.84747382459047,213.08088053517864
2014-04-09T10:00:00.000000000,7.738272681344518,205.44743420386328
2014-04-09T11:00:00.000000000,8.113978135181634,208.02579904125022
2014-04-09T12:00:00.000000000,8.929395246962896,212.4219826586782
2014-04-09T13:00:00.000000000,9.978808934573435,206.08364330854468
2014-04-09T14:00:00.000000000,10.019234965946907,202.59791792572582
2014-04-09T15:00:00.000000000,10.372382990575218,198.6969807634892
2014-04-09T16:00:00.000000000,10.40607187671189,203.0540045241812
2014-04-09T17:00:00.000000000,9.62599017082326,201.80140948635182
2014-04-09T18:00:00.000000000,8.834039129479384,196.10131299934764
2014-04-09T19:00:00.000000000,7.754035755841285,196.09767941535657
2014-04-09T20:00:00.000000000,7.20271872829001,197.68031906296042
2014-04-09T21:00:00.000000000,6.941277224205221,198.69603805924817
2014-04-09T22:00:00.000000000,6.680433275813411,198.77401359020993
2014-04-09T23:00:00.000000000,6.100001623022164,190.38894096771455
2014-04-10T00:00:00.000000000,6.210591494708682,183.3461852434213
2014-04-10T01:00:00.000000000,7.903575342301351,181.72201235073499
2014-04-10T02:00:00.000000000,7.528995308534283,186.86547801705416
2014-04-10T03:00:00.000000000,7.131854707253146,184.2216034721601
2014-04-10T04:00:00.000000000,6.749541299403619,193.05828725864353
2014-04-10T05:00:00.000000000,7.567409844373114,194.54127953947483
2014-04-10T06:00:00.000000000,7.4659363337422615,183.7439158718336
2014-04-10T07:00:00.000000000,7.027015800772318,188.49045690278496
2014-04-10T08:00:00.000000000,6.967079900458501,184.01241184830766
2014-04-10T09:00:00.000000000,7.996898205102815,177.22260387571953
2014-04-10T10:00:00.000000000,8.222418388259262,169.13423643072633
2014-04-10T11:00:00.000000000,7.758718640336421,157.15296075577317
2014-04-10T12:00:00.000000000,7.492166415825339,144.5068493121479
2014-04-10T13:00:00.000000000,7.789418167167596,119.9388776043528
2014-04-10T14:00:00.000000000,9.01583390963118,111.29995388239587
2014-04-10T15:00:00.000000000,11.560890793934488,105.55398501809265
2014-04-10T16:00:00.000000000,14.078799895740586,97.75602417414939
2014-04-10T17:00:00.000000000,16.11289727301958,90.40005750081099
2014-04-10T18:00:00.000000000,15.877291332795524,94.65126496064727
2014-04-10T19:00:00.000000000,15.930166477140528,92.69851075201746
2014-04-10T20:00:00.000000000,15.877291332795524,94.65126496064727
2014-04-10T21:00:00.000000000,16.629836315023876,96.04056463902941
2014-04-10T22:00:00.000000000,17.36836971888637,97.98431540704297
2014-04-10T23:00:00.000000000,18.08889106970706,96.06910889654148
2014-04-11T00:00:00.000000000,18.507886253884312,94.99824710343535
2014-04-11T01:00:00.000000000,17.50963177352605,100.11461220977543
2014-04-11T02:00:00.000000000,16.458781138508524,102.99136423716277
2014-04-11T03:00:00.000000000,14.682141498216922,102.43886848171985
2014-04-11T04:00:00.000000000,13.43328422240816,95.3392368037376
2014-04-11T05:00:00.000000000,12.55244473642512,96.8631682191301
2014-04-11T06:00:00.000000000,12.077469999911754,97.91206543561981
2014-04-11T07:00:00.000000000,10.451209791165253,98.45961694628551
2014-04-11T08:00:00.000000000,7.207805331605241,102.01148334938796
2014-04-11T09:00:00.000000000,3.3570056874830705,118.95105717291995
2014-04-11T10:00:00.000000000,2.6275285797720165,207.17463089194905
2014-04-11T11:00:00.000000000,6.093096221472612,197.05952469923486
2014-04-11T12:00:00.000000000,10.909207744552159,188.56647284961076
2014-04-11T13:00:00.000000000,12.022115038544591,188.9726266148964
2014-04-11T14:00:00.000000000,11.812263383403785,189.13338230031107
2014-04-11T15:00:00.000000000,12.020874088967357,192.18631073408065
2014-04-11T16:00:00.000000000,12.10558404158394,193.92145806695783
2014-04-11T17:00:00.000000000,12.06751838614717,193.1725534233269
2014-04-11T18:00:00.000000000,10.91879855971946,190.08778134338723
2014-04-11T19:00:00.000000000,10.81620761757066,184.17525927862033
2014-04-11T20:00:00.000000000,10.896517768373691,188.11151859644073
2014-04-11T21:00:00.000000000,10.66784182023096,188.96565283762104
2014-04-11T22:00:00.000000000,10.681827458996276,189.42925291764283
2014-04-11T23:00:00.000000000,10.470710839655146,187.75285181641533
2014-04-12T00:00:00.000000000,10.119737964807369,187.30936676238719
2014-04-12T01:00:00.000000000,9.500149714677583,187.78894089260845
2014-04-12T02:00:00.000000000,9.798191682073883,189.54643781878897
2014-04-12T03:00:00.000000000,9.935802030421689,191.09789241357743
2014-04-12T04:00:00.000000000,9.317733817178496,195.00569468522798
2014-04-12T05:00:00.000000000,8.620469824783333,196.85839876773827
2014-04-12T06:00:00.000000000,8.983491804415475,201.2092261342228
2014-04-12T07:00:00.000000000,8.832726404597949,202.46392927359915
2014-04-12T08:00:00.000000000,8.418628450552488,199.96856649393519
2014-04-12T09:00:00.000000000,8.161352828327654,194.18522660515035
2014-04-12T10:00:00.000000000,8.618921422574394,192.56485762221405
2014-04-12T11:00:00.000000000,9.55003272245703,194.40002130679105
2014-04-12T12:00:00.000000000,10.525267217510441,195.85192815428695
2014-04-12T13:00:00.000000000,10.831089511217234,198.8531587644191
2014-04-12T14:00:00.000000000,10.036411702578109,198.14158710773034
2014-04-12T15:00:00.000000000,9.396716021415765,199.18212927784697
2014-04-12T16:00:00.000000000,8.983491804415475,201.2092261342228
2014-04-12T17:00:00.000000000,8.427076895341587,200.85445803957833
2014-04-12T18:00:00.000000000,8.500919067959652,197.10272896905238
2014-04-12T19:00:00.000000000,6.436093544476865,192.33568730816316
2014-04-12T20:00:00.000000000,6.206095793653205,189.2726017772003
2014-04-12T21:00:00.000000000,6.596637400979381,189.8193006387579
2014-04-12T22:00:00.000000000,6.212248736377735,189.61396177210318
2014-04-12T23:00:00.000000000,6.212248736377735,189.61396177210318
2014-04-13T00:00:00.000000000,5.275236961502298,193.7069610040798
2014-04-13T01:00:00.000000000,6.1058373709099065,202.8905516562483
2014-04-13T02:00:00.000000000,6.847672962401169,201.41296947487174
2014-04-13T03:00:00.000000000,4.895292814216708,188.81290432763765
2014-04-13T04:00:00.000000000,2.875,180.0
2014-04-13T05:00:00.000000000,2.2638462845343543,173.65980825409008
2014-04-13T06:00:00.000000000,1.8200274723201295,164.0546040990771
2014-04-13T07:00:00.000000000,0.5257422015082562,208.39309715779714
2014-04-13T08:00:00.000000000,0.6741908020595901,79.3151112361387
2014-04-13T09:00:00.000000000,2.4305682437923357,51.892444945115415
2014-04-13T10:00:00.000000000,3.365728004459065,58.671307132195864
2014-04-13T11:00:00.000000000,3.4005757950502686,68.4332569747288
2014-04-13T12:00:00.000000000,3.5171246939647687,69.18179658674472
2014-04-13T13:00:00.000000000,1.5461646096066226,75.96375653207355
2014-04-13T14:00:00.000000000,2.069118169655856,64.98310652189997
2014-04-13T15:00:00.000000000,2.358495283014151,57.994616791916485
2014-04-13T16:00:00.000000000,2.8990578189649403,55.00795551402865
2014-04-13T17:00:00.000000000,3.3000946956110213,52.69605172201659
2014-04-13T18:00:00.000000000,3.270343787309178,52.297866669954544
2014-04-13T19:00:00.000000000,4.823265943531077,55.239097859520484
2014-04-13T20:00:00.000000000,5.242997424985296,72.94745633172232
2014-04-13T21:00:00.000000000,5.093267903456356,82.52613408791939
2014-04-13T22:00:00.000000000,6.534390789260444,68.68706366972572
2014-04-13T23:00:00.000000000,6.1300999176196145,73.41266144307258
2014-04-14T00:00:00.000000000,4.862162584694181,72.030860259843
2014-04-14T01:00:00.000000000,3.683958363564045,76.85968430616566
2014-04-14T02:00:00.000000000,3.8685007560330753,73.67316156504836
2014-04-14T03:00:00.000000000,4.329566215222575,76.64581234021443
2014-04-14T04:00:00.000000000,5.075985126061738,80.0737544933483
2014-04-14T05:00:00.000000000,5.939802185258361,81.52885536698517
2014-04-14T06:00:00.000000000,6.170747523598742,83.01894259317021
2014-04-14T07:00:00.000000000,5.8270531350058725,76.35129059285464
2014-04-14T08:00:00.000000000,6.54060600115362,77.07926247199543
2014-04-14T09:00:00.000000000,6.626179140349286,88.9190758133393
2014-04-14T10:00:00.000000000,7.152554672915018,97.73358780903453
2014-04-14T11:00:00.000000000,7.739869439994897,97.42343203831473
2014-04-14T12:00:00.000000000,8.025047187496577,97.15822620727522
2014-04-14T13:00:00.000000000,7.265380899280967,96.91715947683144
2014-04-14T14:00:00.000000000,7.178527007680615,97.00126755749534
2014-04-14T15:00:00.000000000,6.883279032369802,92.81043323376946
2014-04-14T16:00:00.000000000,6.588684351728478,88.9129237696481
2014-04-14T17:00:00.000000000,6.473369436524284,86.67901655500498
2014-04-14T18:00:00.000000000,6.313538042314842,79.73573603198878
2014-04-14T19:00:00.000000000,6.5137951485552374,78.15099416942292
2014-04-14T20:00:00.000000000,6.0117073282055244,86.42366562500263
2014-04-14T21:00:00.000000000,5.859020822628983,101.07020257793937
2014-04-14T22:00:00.000000000,5.240004733989917,114.97559328799298
2014-04-14T23:00:00.000000000,3.599045012221992,110.32313682966293
2014-04-15T00:00:00.000000000,3.910101627456981,101.05848347284336
2014-04-15T01:00:00.000000000,5.47535522700096,93.9271881593279
2014-04-15T02:00:00.000000000,5.360866556524395,84.64833014925625
2014-04-15T03:00:00.000000000,5.30061732011126,79.53805974711071
2014-04-15T04:00:00.000000000,5.088419829564649,77.22692345700989
2014-04-15T05:00:00.000000000,4.180103944522401,77.91720515596046
2014-04-15T06:00:00.000000000,3.023346655611956,82.8749836510982
2014-04-15T07:00:00.000000000,1.5,90.0
2014-04-15T08:00:00.000000000,1.253058652853788,85.99589548171218
2014-04-15T09:00:00.000000000,0.5954241030112469,129.0356038081611
2014-04-15T10:00:00.000000000,1.3572156654808973,220.14335523957507
2014-04-15T11:00:00.000000000,2.42219626323751,241.3187154438328
2014-04-15T12:00:00.000000000,3.1011344275348263,247.98413550844404
2014-04-15T13:00:00.000000000,3.3658467082182724,244.48173008964358
2014-04-15T14:00:00.000000000,4.532144205643564,239.68668115043067
2014-04-15T15:00:00.000000000,5.147483059785484,252.6210640355656
2014-04-15T16:00:00.000000000,5.340428083322233,261.9267973843417
2014-04-15T17:00:00.000000000,5.25594901040716,267.2736890060937
2014-04-15T18:00:00.000000000,5.501420271166347,268.69804732742114
2014-04-15T19:00:00.000000000,7.629097259833564,235.0079798014413
2014-04-15T20:00:00.000000000,9.257598230642762,235.45163294398867
2014-04-15T21:00:00.000000000,9.464316727207345,249.67422640785725
2014-04-15T22:00:00.000000000,8.925988571980794,249.76326169017818
2014-04-15T23:00:00.000000000,8.592313176690755,249.29761236438108
2014-04-16T00:00:00.000000000,8.298052782939608,252.46577128880105
2014-04-16T01:00:00.000000000,8.544453083047022,240.17195079500868
2014-04-16T02:00:00.000000000,8.273640371686456,243.04782106877104
2014-04-16T03:00:00.000000000,8.051591457593958,242.24145939893998
2014-04-16T04:00:00.000000000,8.87852042853988,234.74364128703715
2014-04-16T05:00:00.000000000,7.953969134966517,239.8083770390424
2014-04-16T06:00:00.000000000,7.230891472557984,241.8401082361471
2014-04-16T07:00:00.000000000,6.626179140349286,234.21102654081665
2014-04-16T08:00:00.000000000,5.963430220938282,236.97613244420336
2014-04-16T09:00:00.000000000,5.159775975057131,243.68323474084053
2014-04-16T10:00:00.000000000,4.828301978956992,248.74949449286675
2014-04-16T11:00:00.000000000,6.0864720887351265,221.08630896375172
2014-04-16T12:00:00.000000000,5.755827068116429,234.1007113049713
2014-04-16T13:00:00.000000000,6.081849707291914,235.29741030573058
2014-04-16T14:00:00.000000000,6.388466169590319,239.42077312751098
2014-04-16T15:00:00.000000000,6.223169347364214,248.43366295440003
2014-04-16T16:00:00.000000000,6.10455772353739,259.38034472384487
2014-04-16T17:00:00.000000000,5.880316743169538,267.56335175318986
2014-04-16T18:00:00.000000000,5.635115814023856,266.5663848622266
2014-04-16T19:00:00.000000000,4.0945848385398,257.6609127216738
2014-04-16T20:00:00.000000000,3.8423825600012482,257.410562295422
2014-04-16T21:00:00.000000000,4.035003097892243,253.81079374297303
2014-04-16T22:00:00.000000000,4.244481711587412,256.3730051401085
2014-04-16T23:00:00.000000000,4.7762432936357,263.99099404250546
2014-04-17T00:00:00.000000000,4.905927200833395,276.4368857836707
2014-04-17T01:00:00.000000000,5.155971753636115,279.3481281095948
2014-04-17T02:00:00.000000000,5.755432216610669,272.4895529219991
2014-04-17T03:00:00.000000000,6.307350879193005,265.4532449448681
2014-04-17T04:00:00.000000000,6.635604719993498,266.7602997038979
2014-04-17T05:00:00.000000000,7.152359750459984,275.0131137550358
2014-04-17T06:00:00.000000000,7.117079631098946,295.7099376613226
2014-04-17T07:00:00.000000000,6.286618107153759,304.79600724974074
2014-04-17T08:00:00.000000000,5.525509026325086,307.6476206401076
2014-04-17T09:00:00.000000000,6.5079041249966565,307.50818449335213
2014-04-17T10:00:00.000000000,8.094925608078713,301.3582511366883
2014-04-17T11:00:00.000000000,8.793366419521693,296.41936214012554
2014-04-17T12:00:00.000000000,8.666550393687997,289.63715330868274
2014-04-17T13:00:00.000000000,9.23029203833209,290.8648251432212
2014-04-17T14:00:00.000000000,10.815997156436007,294.07679181270555
2014-04-17T15:00:00.000000000,9.8739644324454,305.88339469754845
2014-04-17T16:00:00.000000000,9.510654036480197,314.78701834585763
2014-04-17T17:00:00.000000000,9.276727527161547,308.5995295537312
2014-04-17T18:00:00.000000000,9.528330336458875,298.95242265605486
2014-04-17T19:00:00.000000000,11.807679130611023,300.96376901531187
2014-04-17T20:00:00.000000000,12.797516526202331,306.7803609535802
2014-04-17T21:00:00.000000000,14.992688057944015,321.29543659652006
2014-04-17T22:00:00.000000000,16.451945555671035,42.13605444559994
2014-04-17T23:00:00.000000000,14.381946081891304,51.705721518186635
2014-04-18T00:00:00.000000000,14.763650462453507,49.11983137438432
2014-04-18T01:00:00.000000000,16.18708222558172,40.6156923490189
2014-04-18T02:00:00.000000000,15.916080857192785,40.859976147118005
2014-04-18T03:00:00.000000000,15.745761590554581,42.007494527207996
2014-04-18T04:00:00.000000000,15.188289135138909,41.99772783125445
2014-04-18T05:00:00.000000000,14.697036252336341,39.824289831618614
2014-04-18T06:00:00.000000000,14.806067263671805,40.102851886566384
2014-04-18T07:00:00.000000000,14.24900427143643,40.01794429908108
2014-04-18T08:00:00.000000000,14.344959850150458,39.69689988122718
2014-04-18T09:00:00.000000000,14.685269075382102,37.981915948607025
2014-04-18T10:00:00.000000000,14.792024960814489,40.7850994647917
2014-04-18T11:00:00.000000000,14.814152873266789,45.34185615399713
2014-04-18T12:00:00.000000000,13.54470818169567,50.24181912713772
2014-04-18T13:00:00.000000000,11.905022463802696,53.238393403482974
2014-04-18T14:00:00.000000000,11.577580105615706,53.34042773187059
2014-04-18T15:00:00.000000000,11.664778538985933,50.784037268026225
2014-04-18T16:00:00.000000000,11.932159438400358,50.82461305702725
2014-04-18T17:00:00.000000000,11.51261747396953,50.728100342798655
2014-04-18T18:00:00.000000000,11.082491111066753,51.410838795631435
2014-04-18T19:00:00.000000000,10.360519109907264,50.87596129927988
2014-04-18T20:00:00.000000000,10.05996297715397,48.52609071634254
2014-04-18T21:00:00.000000000,10.082472415037891,47.009553813021114
2014-04-18T22:00:00.000000000,9.997655975277405,47.533558888394566
2014-04-18T23:00:00.000000000,9.410765112359355,50.389311759973396
2014-04-19T00:00:00.000000000,9.155770038614994,51.095861544595834
2014-04-19T01:00:00.000000000,8.600954873631286,44.234524562697345
2014-04-19T02:00:00.000000000,8.111615135918171,39.18379167319722
2014-04-19T03:00:00.000000000,7.9621978970205545,31.519113743794833
2014-04-19T04:00:00.000000000,8.13930605846572,26.446992150498374
2014-04-19T05:00:00.000000000,7.799238744903248,21.630886836517902
2014-04-19T06:00:00.000000000,7.917633097258723,18.692402213513105
2014-04-19T07:00:00.000000000,6.5,22.6198649480404
2014-04-19T08:00:00.000000000,6.384796394561067,23.051300916472997
2014-04-19T09:00:00.000000000,6.76040864149498,19.44003482817618
2014-04-19T10:00:00.000000000,6.942847038499408,13.535856369134251
2014-04-19T11:00:00.000000000,6.880101860678865,9.410979874892234
2014-04-19T12:00:00.000000000,6.5565940749208185,4.373570954634317
2014-04-19T13:00:00.000000000,5.981743057002699,349.1596945456694
2014-04-19T14:00:00.000000000,6.610833911088676,344.64986350757556
2014-04-19T15:00:00.000000000,6.76040864149498,340.5599651718238
2014-04-19T16:00:00.000000000,7.341119855845004,334.4821169268281
2014-04-19T17:00:00.000000000,7.396156096243508,329.5344550805401
2014-04-19T18:00:00.000000000,7.988272654335229,339.86369657175186
2014-04-19T19:00:00.000000000,9.40442331842453,339.7826689779691
2014-04-19T20:00:00.000000000,10.328428407245063,331.04642682506005
2014-04-19T21:00:00.000000000,11.90108463497642,343.5255590147041
2014-04-19T22:00:00.000000000,12.776255050443257,344.1008059960385
2014-04-19T23:00:00.000000000,13.715805480869573,340.29349068059804
2014-04-20T00:00:00.000000000,14.443739797998253,336.9186020942302
2014-04-20T01:00:00.000000000,14.850448528213276,334.5781265135384
2014-04-20T02:00:00.000000000,15.017121790280815,334.35211737584183
2014-04-20T03:00:00.000000000,14.94233328882129,342.9747994005945
2014-04-20T04:00:00.000000000,15.448182432041225,347.3806801375434
2014-04-20T05:00:00.000000000,14.772595400411088,349.76453563098846
2014-04-20T06:00:00.000000000,12.962084130262387,353.3547217897256
2014-04-20T07:00:00.000000000,10.662352811971274,64.51644697073533
2014-04-20T08:00:00.000000000,10.285001215362106,73.7676493388438
2014-04-20T09:00:00.000000000,9.67115556694235,75.78414652632648
2014-04-20T10:00:00.000000000,8.519279605694368,75.55596427550779
2014-04-20T11:00:00.000000000,8.042940001119412,68.09937315592492
2014-04-20T12:00:00.000000000,7.363856818050017,59.38651303520385
2014-04-20T13:00:00.000000000,3.604011079628742,73.89081771043476
2014-04-20T14:00:00.000000000,3.545440256458531,64.97089269207885
2014-04-20T15:00:00.000000000,3.7684739931571416,62.329963768411744
2014-04-20T16:00:00.000000000,2.9712160810011783,67.75097634278762
2014-04-20T17:00:00.000000000,1.940521837032503,75.06858282186244
2014-04-20T18:00:00.000000000,1.5103807466993215,114.44395478041656
2014-04-20T19:00:00.000000000,2.5995477466651264,174.48130270532226
2014-04-20T20:00:00.000000000,4.9766471003986945,184.32144404537053
2014-04-20T21:00:00.000000000,5.899536665075212,185.22741623730215
2014-04-20T22:00:00.000000000,7.379236071572721,190.73889710090546
2014-04-20T23:00:00.000000000,8.514959533825557,190.4026563453458
2014-04-21T00:00:00.000000000,10.426896085975526,190.56903010900453
2014-04-21T01:00:00.000000000,10.655757363409311,195.86231283551822
2014-04-21T02:00:00.000000000,7.071089893010235,224.8568124175738
2014-04-21T03:00:00.000000000,9.805437412559348,300.9136539391567
2014-04-21T04:00:00.000000000,10.378982710869922,271.58731643978206
2014-04-21T05:00:00.000000000,11.716634621866756,262.8295000459392
2014-04-21T06:00:00.000000000,14.260532204915107,252.66096082395828
2014-04-21T07:00:00.000000000,14.920176491851402,243.47789336156586
2014-04-21T08:00:00.000000000,18.023128797007544,267.0979519206021
2014-04-21T09:00:00.000000000,19.400057218232018,269.8892879788867
2014-04-21T10:00:00.000000000,19.2181841020945,276.0109816298755
2014-04-21T11:00:00.000000000,20.671232503191515,279.29147109419193
2014-04-21T12:00:00.000000000,20.233016744589822,297.4041228222623
2014-04-21T13:00:00.000000000,20.249836692354975,314.87496996552846
2014-04-21T14:00:00.000000000,18.353885673374062,317.1803364673808
2014-04-21T15:00:00.000000000,17.353481868087922,317.1016665286454
2014-04-21T16:00:00.000000000,16.613080216805134,325.173980105254
2014-04-21T17:00:00.000000000,15.597689192558017,336.5783299160609
2014-04-21T18:00:00.000000000,16.664572268176514,333.10820929159587
2014-04-21T19:00:00.000000000,16.437550279312482,337.5108527992108
2014-04-21T20:00:00.000000000,13.066395905263514,348.9695594335623
2014-04-21T21:00:00.000000000,9.976534969617457,52.125016348901795
2014-04-21T22:00:00.000000000,8.75089281159357,45.57872556560778
2014-04-21T23:00:00.000000000,8.125087468028068,38.31566055632396
2014-04-22T00:00:00.000000000,8.356322456679134,34.640947511916295
2014-04-22T01:00:00.000000000,8.226188667204989,15.873638817100414
2014-04-22T02:00:00.000000000,9.022541216309294,10.375844920051065
2014-04-22T03:00:00.000000000,10.051430246487312,10.750966993188058
2014-04-22T04:00:00.000000000,10.025352162826591,8.604945011438588
2014-04-22T05:00:00.000000000,10.1625706935415,0.21143100699555362
2014-04-22T06:00:00.000000000,11.03756520824831,359.80533009116306
2014-04-22T07:00:00.000000000,9.24746586909084,9.33499846313822
2014-04-22T08:00:00.000000000,8.618921422574394,12.56485762221405
2014-04-22T09:00:00.000000000,8.450221890577785,7.650650955359424
2014-04-22T10:00:00.000000000,8.875,0.0
2014-04-22T11:00:00.000000000,9.449687202549805,5.084630856551485
2014-04-22T12:00:00.000000000,8.11730404752711,9.752424941653771
2014-04-22T13:00:00.000000000,6.329494450586082,9.090276920822305
2014-04-22T14:00:00.000000000,5.762215285808055,3.731396999160438
2014-04-22T15:00:00.000000000,6.0,0.0
2014-04-22T16:00:00.000000000,5.798706752371601,352.5685920288275
2014-04-22T17:00:00.000000000,5.202434247579542,340.7814402057732
2014-04-22T18:00:00.000000000,4.640177798317646,332.7446716250569
2014-04-22T19:00:00.000000000,3.500202242425681,334.6246368021998
2014-04-22T20:00:00.000000000,3.6763602924631855,342.1811110854772
2014-04-22T21:00:00.000000000,4.00195264839553,321.3401917459099
2014-04-22T22:00:00.000000000,5.138701197773616,311.0548137709624
2014-04-22T23:00:00.000000000,6.1300999176196145,309.2072035049678
2014-04-23T00:00:00.000000000,7.47704821436909,321.7889745744388
2014-04-23T01:00:00.000000000,9.10725275472037,321.85602988400416
2014-04-23T02:00:00.000000000,9.93013997829093,322.8271871006506
2014-04-23T03:00:00.000000000,10.672022101667602,319.8936941638797
2014-04-23T04:00:00.000000000,11.636260168199964,316.5669811130904
2014-04-23T05:00:00.000000000,12.791955156549509,317.3760548240766
2014-04-23T06:00:00.000000000,13.622132725825278,317.23117460803127
2014-04-23T07:00:00.000000000,13.153530637332077,311.9184111430641
2014-04-23T08:00:00.000000000,13.682821883326877,308.8069566046017
2014-04-23T09:00:00.000000000,14.17527306847822,307.2235767932936
2014-04-23T10:00:00.000000000,14.847615229545879,306.6480195327508
2014-04-23T11:00:00.000000000,15.678063879350752,308.3958495101399
2014-04-23T12:00:00.000000000,16.118594017289567,309.4300958571653
2014-04-23T13:00:00.000000000,15.963734126367028,301.74859378224585
2014-04-23T14:00:00.000000000,16.474653338521186,300.8072024223678
2014-04-23T15:00:00.000000000,18.230069077572065,306.7206150365237
2014-04-23T16:00:00.000000000,19.816744731663558,311.5735195725234
2014-04-23T17:00:00.000000000,21.285572188947068,315.71378070971286
2014-04-23T18:00:00.000000000,17.366427605975847,30.82939032381489
2014-04-23T19:00:00.000000000,16.13564766991191,22.45256641125411
2014-04-23T20:00:00.000000000,18.932717269124076,24.703805232771174
2014-04-23T21:00:00.000000000,18.897466533431878,22.272939117034127
2014-04-23T22:00:00.000000000,18.57388590554028,24.788604467339155
2014-04-23T23:00:00.000000000,18.23463005196014,27.91768759781121
2014-04-24T00:00:00.000000000,17.4693738601927,31.15359248914342
2014-04-24T01:00:00.000000000,16.679576228296213,32.4514360216246
2014-04-24T02:00:00.000000000,16.171182352932913,34.51308329184616
2014-04-24T03:00:00.000000000,15.514400664467306,39.11401297039396
2014-04-24T04:00:00.000000000,14.022851777630098,43.55526791433357
2014-04-24T05:00:00.000000000,13.125390163379484,39.86145921245168
2014-04-24T06:00:00.000000000,11.416122841268553,39.669019942459556
2014-04-24T07:00:00.000000000,10.659502802663921,39.28940686250036
2014-04-24T08:00:00.000000000,9.167445247360181,39.855578845404125
2014-04-24T09:00:00.000000000,8.151878617840184,35.63980919808665
2014-04-24T10:00:00.000000000,7.504165509901817,29.981639368849358
2014-04-24T11:00:00.000000000,7.133428382501066,25.9813316635109
2014-04-24T12:00:00.000000000,6.5,22.6198649480404
2014-04-24T13:00:00.000000000,4.802165721117585,4.478773870634029
2014-04-24T14:00:00.000000000,4.914900812834375,352.69424046668917
2014-04-24T15:00:00.000000000,5.032705534799349,345.6186054089094
2014-04-24T16:00:00.000000000,5.457219988235768,339.9047688080952
2014-04-24T17:00:00.000000000,4.978076937934969,331.504361381755
2014-04-24T18:00:00.000000000,5.340002340823457,327.4259428654275
2014-04-24T19:00:00.000000000,5.376453291901642,305.5376777919744
2014-04-24T20:00:00.000000000,5.891586245468343,294.1723307836307
2014-04-24T21:00:00.000000000,6.821381824821127,283.78159723565363
2014-04-24T22:00:00.000000000,7.219212889064967,279.2666189907208
2014-04-24T23:00:00.000000000,7.946107537656409,289.29004621918875
2014-04-25T00:00:00.000000000,7.988272654335229,290.13630342824814
2014-04-25T01:00:00.000000000,8.062433230773978,285.00579188877396
2014-04-25T02:00:00.000000000,9.161137121754418,279.4237636255683
2014-04-25T03:00:00.000000000,10.041618070622063,271.6406592841269
2014-04-25T04:00:00.000000000,11.075003000120004,270.0
2014-04-25T05:00:00.000000000,12.44330416284163,265.9676935338621
2014-04-25T06:00:00.000000000,12.54310842112141,268.2867787906535
2014-04-25T07:00:00.000000000,11.043869990353329,268.05411977249696
2014-04-25T08:00:00.000000000,10.538242873637275,270.67963326332966
2014-04-25T09:00:00.000000000,10.16380064130754,270.91609892440124
2014-04-25T10:00:00.000000000,11.841301826168388,260.03057629419936
2014-04-25T11:00:00.000000000,13.6735673450281,267.694748584156
2014-04-25T12:00:00.000000000,15.495175258150253,271.8029199387237
2014-04-25T13:00:00.000000000,17.353052736122844,271.07314772360684
2014-04-25T14:00:00.000000000,17.197071295044175,281.53047532780016
2014-04-25T15:00:00.000000000,18.500863426563395,287.70045792073654
2014-04-25T16:00:00.000000000,19.544255999517254,292.64527271777894
2014-04-25T17:00:00.000000000,21.543218443793908,302.6573430328887
2014-04-25T18:00:00.000000000,23.752231557327335,311.41569816551873
2014-04-25T19:00:00.000000000,24.291795976816868,318.8806423746596
2014-04-25T20:00:00.000000000,17.92405179787256,22.684413999025082
2014-04-25T21:00:00.000000000,19.890959353701504,18.161682910508148
2014-04-25T22:00:00.000000000,20.13691888690057,25.08564853625319
2014-04-25T23:00:00.000000000,19.756242509546272,26.127318111770933
2014-04-26T00:00:00.000000000,18.86124621335049,26.615997863531447
2014-04-26T01:00:00.000000000,19.12010575988117,18.68369451540633
2014-04-26T02:00:00.000000000,16.388414273654245,16.66576455699726
2014-04-26T03:00:00.000000000,16.825323739590242,23.327144540665813
2014-04-26T04:00:00.000000000,16.86363378151441,24.665390416006744
2014-04-26T05:00:00.000000000,16.46647022564122,27.7322058603836
2014-04-26T06:00:00.000000000,16.171182352932913,34.51308329184616
2014-04-26T07:00:00.000000000,15.157778618752953,37.96615486752688
2014-04-26T08:00:00.000000000,14.460605929644117,44.64978571175567
2014-04-26T09:00:00.000000000,13.992957928985874,50.43689991204917
2014-04-26T10:00:00.000000000,12.857667603065062,53.41975643651773
2014-04-26T11:00:00.000000000,12.08368166586693,57.2469657088713
2014-04-26T12:00:00.000000000,10.675748491405114,61.84463831848507
2014-04-26T13:00:00.000000000,8.03108355786296,65.15012222136022
2014-04-26T14:00:00.000000000,7.095092756698361,62.39659960419448
2014-04-26T15:00:00.000000000,6.237100427131326,55.864067654836845
2014-04-26T16:00:00.000000000,6.033759193073585,50.04245106917091
2014-04-26T17:00:00.000000000,5.482928049865327,46.847610265994604
2014-04-26T18:00:00.000000000,4.881406047441659,50.19442890773479
2014-04-26T19:00:00.000000000,4.698736532303125,61.38954033403479
2014-04-26T20:00:00.000000000,4.919667163538607,62.7838884426925
2014-04-26T21:00:00.000000000,4.123105625617661,75.96375653207355
2014-04-26T22:00:00.000000000,3.893102875599359,84.47245984834382
2014-04-26T23:00:00.000000000,3.907124902021946,82.64762064010768
2014-04-27T00:00:00.000000000,3.252402957814422,92.20259816176582
2014-04-27T01:00:00.000000000,3.1349840509961133,113.49856567595214
2014-04-27T02:00:00.000000000,2.7414640249326636,133.1523897340054
2014-04-27T03:00:00.000000000,2.9261749776799064,160.01689347809997
2014-04-27T04:00:00.000000000,3.2596012026013246,175.6012946450045
2014-04-27T05:00:00.000000000,3.2715630820756,186.581944655178
2014-04-27T06:00:00.000000000,3.937579950005683,202.98366288156066
2014-04-27T07:00:00.000000000,4.0423171697219065,200.45237382281593
2014-04-27T08:00:00.000000000,4.955568634139957,196.56083208777827
2014-04-27T09:00:00.000000000,5.790617410950235,193.73626830562256
2014-04-27T10:00:00.000000000,6.174544517614234,201.3706222693432
2014-04-27T11:00:00.000000000,7.358977594632408,205.1285989783618
2014-04-27T12:00:00.000000000,8.284192566349695,210.163094995535
2014-04-27T13:00:00.000000000,9.041476925173884,208.93919255288824
2014-04-27T14:00:00.000000000,9.88060834984905,210.65298500884197
2014-04-27T15:00:00.000000000,11.548933348018057,223.24570097029522
2014-04-27T16:00:00.000000000,13.002076274224777,221.99950082853542
2014-04-27T17:00:00.000000000,14.578910223888268,223.71462653253278
2014-04-27T18:00:00.000000000,16.18055183519922,222.58930364690437
2014-04-27T19:00:00.000000000,16.52746608880726,223.25316213464524
2014-04-27T20:00:00.000000000,16.60662941134155,229.8852013215137
2014-04-27T21:00:00.000000000,16.30819241414737,236.34647459900305
2014-04-27T22:00:00.000000000,15.647975131867177,242.75946480856936
2014-04-27T23:00:00.000000000,14.06974400936676,252.41822859590093
2014-04-28T00:00:00.000000000,12.951889586620434,255.46752906891635
2014-04-28T01:00:00.000000000,12.803376224221555,251.79501348860697
2014-04-28T02:00:00.000000000,12.708544416663493,261.6865986800122
2014-04-28T03:00:00.000000000,12.006568701712068,262.8231934364969
2014-04-28T04:00:00.000000000,11.580757352776494,265.04633241113106
2014-04-28T05:00:00.000000000,11.586422678673165,260.0600559330492
2014-04-28T06:00:00.000000000,11.58871498975865,256.9081086155788
2014-04-28T07:00:00.000000000,13.028657674262533,254.01686350842564
2014-04-28T08:00:00.000000000,13.957902800154269,247.68409429449292
2014-04-28T09:00:00.000000000,14.383522433383284,243.4127422243942
2014-04-28T10:00:00.000000000,14.157441753654421,248.66836158529952
2014-04-28T11:00:00.000000000,15.184151277774255,254.5794812770152
2014-04-28T12:00:00.000000000,14.89045863673234,260.5298303549725
2014-04-28T13:00:00.000000000,16.27178450653688,252.42811429859532
2014-04-28T14:00:00.000000000,17.249592976226282,256.89030187748773
2014-04-28T15:00:00.000000000,17.833215861860847,260.478309227842
2014-04-28T16:00:00.000000000,18.326143774409285,263.6167027048058
2014-04-28T17:00:00.000000000,15.986701627981956,275.9691933109746
2014-04-28T18:00:00.000000000,14.882822568098769,273.80454043097654
2014-04-28T19:00:00.000000000,16.392998250712505,281.5241935309831
2014-04-28T20:00:00.000000000,16.8234847524945,285.6472033956376
2014-04-28T21:00:00.000000000,15.417228471758293,284.70104617970327
2014-04-28T22:00:00.000000000,15.787674097463553,294.312585205358
2014-04-28T23:00:00.000000000,16.008265650767992,299.828142884366
2014-04-29T00:00:00.000000000,17.383424469181367,306.2848700963705
2014-04-29T01:00:00.000000000,17.94131082796734,298.2791505868635
2014-04-29T02:00:00.000000000,17.88454311428577,308.1594911573366
2014-04-29T03:00:00.000000000,17.897930805323742,320.9527233770567
2014-04-29T04:00:00.000000000,19.276425133701423,317.9437581190073
2014-04-29T05:00:00.000000000,13.102802879308689,347.1569692659646
2014-04-29T06:00:00.000000000,12.677916596942174,357.1742689156752
2014-04-29T07:00:00.000000000,13.372409280051487,4.825908937001657
2014-04-29T08:00:00.000000000,12.429735239094066,8.676069315306563
2014-04-29T09:00:00.000000000,11.746071262931142,16.062648633475874
2014-04-29T10:00:00.000000000,9.913690029449176,23.008870082822853
2014-04-29T11:00:00.000000000,8.51194014311661,29.95360816780152
2014-04-29T12:00:00.000000000,8.375932783875477,37.72499504211078
2014-04-29T13:00:00.000000000,9.207673430351448,48.30186567443502
2014-04-29T14:00:00.000000000,10.06618721264412,61.84380855172742
2014-04-29T15:00:00.000000000,11.000065289065644,65.85241254355162
2014-04-29T16:00:00.000000000,12.165969489267875,62.46080706727747
2014-04-29T17:00:00.000000000,12.093386622447824,60.2551187030578
2014-04-29T18:00:00.000000000,11.567797386006847,60.193687459820126
2014-04-29T19:00:00.000000000,11.264914962555945,55.53404876614911
2014-04-29T20:00:00.000000000,10.97965657372049,54.2651679127128
2014-04-29T21:00:00.000000000,10.852550764766253,52.95851754913332
2014-04-29T22:00:00.000000000,10.90011467829582,53.39292518739251
2014-04-29T23:00:00.000000000,10.39793487853438,53.65358188024828
2014-04-30T00:00:00.000000000,9.732108160024826,51.93784462840256
2014-04-30T01:00:00.000000000,8.754463147446565,46.7357045889284
2014-04-30T02:00:00.000000000,8.574125319821258,44.40934278535332
2014-04-30T03:00:00.000000000,8.487122598383978,43.806510576017956
2014-04-30T04:00:00.000000000,8.423637812027044,44.57916440920195
2014-04-30T05:00:00.000000000,8.40851502942107,41.987212495816664
2014-04-30T06:00:00.000000000,7.424621202458749,45.0
2014-04-30T07:00:00.000000000,6.568974034280146,46.31070162365074
2014-04-30T08:00:00.000000000,6.187184335382291,45.0
2014-04-30T09:00:00.000000000,6.62971530308806,44.23610153906998
2014-04-30T10:00:00.000000000,6.366415789123422,43.408859728805396
2014-04-30T11:00:00.000000000,5.632066182852592,38.421481478110024
2014-04-30T12:00:00.000000000,4.926015123809508,35.70669140060289
2014-04-30T13:00:00.000000000,4.43353696274205,21.50143432404792
2014-04-30T14:00:00.000000000,4.731873307686925,12.20046872738078
2014-04-30T15:00:00.000000000,5.0,0.0
2014-04-30T16:00:00.000000000,5.877246952232121,358.4156124619311
2014-04-30T17:00:00.000000000,6.251249875024993,358.85423716182487
2014-04-30T18:00:00.000000000,5.696889347545884,353.7014593660463
2014-04-30T19:00:00.000000000,4.295710069359895,351.6341138759674
2014-04-30T20:00:00.000000000,4.310234912391667,343.14160123226173
2014-04-30T21:00:00.000000000,5.106674553953874,338.45902408146156
2014-04-30T22:00:00.000000000,5.512769267799986,327.03059609653786
2014-04-30T23:00:00.000000000,5.8576872569299905,320.1944289077348
2014-05-01T00:00:00.000000000,6.225314870595845,318.5002265992928
2014-05-01T01:00:00.000000000,7.697697398447263,307.2792880495823
2014-05-01T02:00:00.000000000,8.49787748429699,307.40930278999895
2014-05-01T03:00:00.000000000,8.716885881809143,313.8379734362586
2014-05-01T04:00:00.000000000,9.343523304319511,309.9527790944668
2014-05-01T05:00:00.000000000,10.307764064044152,309.0938588862295
2014-05-01T06:00:00.000000000,11.142542349033276,313.18169703554815
2014-05-01T07:00:00.000000000,11.41887144160928,311.8939729043836
2014-05-01T08:00:00.000000000,12.027691506561997,306.54835063687295
2014-05-01T09:00:00.000000000,11.92829038366201,300.4077068065431
2014-05-01T10:00:00.000000000,11.85339021554123,294.4839624029856
2014-05-01T11:00:00.000000000,12.249396605137287,291.3019811062677
2014-05-01T12:00:00.000000000,12.451839903762489,286.92511864670786
2014-05-01T13:00:00.000000000,13.346167843770617,275.37419061154696
2014-05-01T14:00:00.000000000,14.520548748358209,279.41366833370955
2014-05-01T15:00:00.000000000,14.01444154663777,284.99067003960556
2014-05-01T16:00:00.000000000,13.60253639734586,287.8188910628643
2014-05-01T17:00:00.000000000,12.98303176176711,293.43038345507887
2014-05-01T18:00:00.000000000,12.491361474113365,292.53607072640085
2014-05-01T19:00:00.000000000,12.39650414890653,294.42004480560104
2014-05-01T20:00:00.000000000,11.35300070465954,298.25802961470686
2014-05-01T21:00:00.000000000,10.091372161740754,302.3514512432117
2014-05-01T22:00:00.000000000,10.571618010115508,314.5209495577391
2014-05-01T23:00:00.000000000,13.664788591088477,91.04829606214105
2014-05-02T00:00:00.000000000,9.593690751600333,81.98603931816177
2014-05-02T01:00:00.000000000,9.79260573654105,97.33366172251914
2014-05-02T02:00:00.000000000,9.339004463079922,106.3246259085821
2014-05-02T03:00:00.000000000,11.84053593013833,106.11988194189166
2014-05-02T04:00:00.000000000,13.608987774194734,114.58768965723908
2014-05-02T05:00:00.000000000,15.879715810664674,111.37427754106659
2014-05-02T06:00:00.000000000,18.260481075618376,103.57964183434098
2014-05-02T07:00:00.000000000,17.11604876577882,104.93950688752295
2014-05-02T08:00:00.000000000,18.547988636987128,107.77556659075225
2014-05-02T09:00:00.000000000,18.815130393589452,105.13493516796137
2014-05-02T10:00:00.000000000,19.026581369578633,107.70882484194817
2014-05-02T11:00:00.000000000,17.99882423904994,109.17737850164758
2014-05-02T12:00:00.000000000,17.13407006115379,106.0946794737547
2014-05-02T13:00:00.000000000,13.654467169582585,114.50039764722209
2014-05-02T14:00:00.000000000,12.551453287237592,117.45824705374747
2014-05-02T15:00:00.000000000,11.893534535477452,120.71593041758865
2014-05-02T16:00:00.000000000,11.794494327234366,123.37011107733463
2014-05-02T17:00:00.000000000,11.503001484363395,127.40538805312161
2014-05-02T18:00:00.000000000,11.314931173585537,128.94650973966588
2014-05-02T19:00:00.000000000,12.347648567978219,121.96851420630259
2014-05-02T20:00:00.000000000,13.539527207703767,116.30484110203679
2014-05-02T21:00:00.000000000,13.696917470618596,110.84980885301604
2014-05-02T22:00:00.000000000,14.744172577666065,108.28134120297261
2014-05-02T23:00:00.000000000,15.650725254418463,107.667961825323
2014-05-03T00:00:00.000000000,16.976538979648755,106.38002065558436
2014-05-03T01:00:00.000000000,14.735162028291375,104.74356283647074
2014-05-03T02:00:00.000000000,17.060088568861055,100.2560370451182
2014-05-03T03:00:00.000000000,18.494748848103,97.76865287724252
2014-05-03T04:00:00.000000000,18.884669389600848,94.55577460576109
2014-05-03T05:00:00.000000000,18.741256625271053,91.14652671038709
2014-05-03T06:00:00.000000000,19.119043602371985,88.50143360446447
2014-05-03T07:00:00.000000000,18.221772228075068,80.8026026806225
2014-05-03T08:00:00.000000000,18.13379971266229,80.07667473927393
2014-05-03T09:00:00.000000000,18.322274243508836,80.57623637443169
2014-05-03T10:00:00.000000000,19.223041568502005,81.02156474387107
2014-05-03T11:00:00.000000000,19.32753096671691,81.44541657625729
2014-05-03T12:00:00.000000000,19.57606202468837,79.32865646811132
2014-05-03T13:00:00.000000000,18.539723796603532,77.14436808999369
2014-05-03T14:00:00.000000000,17.841713216693705,78.56410647830495
2014-05-03T15:00:00.000000000,19.612004944791526,73.71350456288275
2014-05-03T16:00:00.000000000,19.0550055485289,77.11243788447058
2014-05-03T17:00:00.000000000,18.670088283645878,79.58536126757002
2014-05-03T18:00:00.000000000,18.827243842486272,78.51102061636504
2014-05-03T19:00:00.000000000,19.133993307573462,78.3156893237882
2014-05-03T20:00:00.000000000,18.734540023232967,75.19417093849319
2014-05-03T21:00:00.000000000,17.96435996505768,74.66795801278079
2014-05-03T22:00:00.000000000,17.338656823470465,74.40071013465831
2014-05-03T23:00:00.000000000,16.01857163394255,73.07806405359804
2014-05-04T00:00:00.000000000,15.226715682553596,71.17832189091325
2014-05-04T01:00:00.000000000,14.06956210061696,66.98856733287647
2014-05-04T02:00:00.000000000,13.763041958555787,63.57458638625599
2014-05-04T03:00:00.000000000,12.947183703952255,63.01439451260899
2014-05-04T04:00:00.000000000,12.58781653028038,57.57244500422752
2014-05-04T05:00:00.000000000,12.250637738501617,53.71473287486117
2014-05-04T06:00:00.000000000,12.278665440511032,54.53012783259993
2014-05-04T07:00:00.000000000,11.820064688419508,49.58929071978582
2014-05-04T08:00:00.000000000,11.502717070327341,47.642545294064746
2014-05-04T09:00:00.000000000,10.988553361951325,43.93993619652076
2014-05-04T10:00:00.000000000,10.659502802663921,39.28940686250036
2014-05-04T11:00:00.000000000,10.460857893268924,31.96184684599922
2014-05-04T12:00:00.000000000,9.490695765511441,29.164544119594268
2014-05-04T13:00:00.000000000,7.710585256645568,19.903749537307817
2014-05-04T14:00:00.000000000,8.531192765375778,10.98065001017352
2014-05-04T15:00:00.000000000,8.288444131047564,359.13587594430794
2014-05-04T16:00:00.000000000,9.132068067693865,352.9236276195309
2014-05-04T17:00:00.000000000,10.50935541373887,350.8290009573559
2014-05-04T18:00:00.000000000,11.316720939156408,355.88286414271715
2014-05-04T19:00:00.000000000,13.003770643685217,1.3770686428842396
2014-05-04T20:00:00.000000000,13.303772551500893,21.091625674903014
2014-05-04T21:00:00.000000000,14.239081566730588,28.297346294307317
2014-05-04T22:00:00.000000000,14.808513340776203,35.62200726135387
2014-05-04T23:00:00.000000000,14.900132004066332,37.94665531362182
2014-05-05T00:00:00.000000000,12.001421305497054,42.04487694007378
2014-05-05T01:00:00.000000000,12.968338525025805,36.21821899391057
2014-05-05T02:00:00.000000000,13.919738520436496,55.98171449326759
2014-05-05T03:00:00.000000000,15.065784948105048,50.72397138211386
2014-05-05T04:00:00.000000000,15.065784948105048,50.72397138211386
2014-05-05T05:00:00.000000000,15.106385263441869,54.42925291764283
2014-05-05T06:00:00.000000000,14.058462646298976,49.326870895828904
2014-05-05T07:00:00.000000000,13.460295794066592,51.52300976836193
2014-05-05T08:00:00.000000000,13.850193865152525,56.41032374064258
2014-05-05T09:00:00.000000000,13.50380941076438,56.707096570341946
2014-05-05T10:00:00.000000000,11.51103735835758,49.09502445664771
2014-05-05T11:00:00.000000000,12.205822798593665,48.03023730675511
2014-05-05T12:00:00.000000000,13.055041841265911,51.99991545778926
2014-05-05T13:00:00.000000000,11.695546438217917,44.00402347113476
2014-05-05T14:00:00.000000000,12.16255993210593,44.583613656642854
2014-05-05T15:00:00.000000000,12.846139852641212,46.301061558428216
2014-05-05T16:00:00.000000000,13.95270122959596,48.26841674420541
2014-05-05T17:00:00.000000000,13.665984065456962,45.741171729345865
2014-05-05T18:00:00.000000000,14.022851777630098,43.55526791433357
2014-05-05T19:00:00.000000000,14.206393713831762,38.211026436971224
2014-05-05T20:00:00.000000000,15.128230991797386,38.05353178388839
2014-05-05T21:00:00.000000000,15.9509463234567,42.55458200034417
2014-05-05T22:00:00.000000000,16.516934717973662,48.067578579962
2014-05-05T23:00:00.000000000,16.25643352576892,51.869991413852006
2014-05-06T00:00:00.000000000,15.978839792491094,56.2602103453404
2014-05-06T01:00:00.000000000,15.239024775311202,55.35834802962762
2014-05-06T02:00:00.000000000,14.99315279774384,55.289742622277856
2014-05-06T03:00:00.000000000,14.855861611750214,56.67094962262763
2014-05-06T04:00:00.000000000,14.408489484988419,61.50061981366923
2014-05-06T05:00:00.000000000,14.084506380738084,66.46088630290893
2014-05-06T06:00:00.000000000,13.152287657022894,68.65362429117425
2014-05-06T07:00:00.000000000,12.326926827072512,67.33544256530388
2014-05-06T08:00:00.000000000,13.163040112375256,71.73711005780586
2014-05-06T09:00:00.000000000,13.300664179391823,73.45547719854528
2014-05-06T10:00:00.000000000,13.061742182873562,78.23841586068806
2014-05-06T11:00:00.000000000,11.871830191743335,83.16680389843498
2014-05-06T12:00:00.000000000,10.947525473311849,85.4156453536807
2014-05-06T13:00:00.000000000,8.43568648590687,85.75106241060598
2014-05-06T14:00:00.000000000,8.430126236444313,83.44403375873719
2014-05-06T15:00:00.000000000,8.415184911871428,88.55302508132758
2014-05-06T16:00:00.000000000,8.005164402592664,92.05819206098954
2014-05-06T17:00:00.000000000,8.514959533825557,100.4026563453458
2014-05-06T18:00:00.000000000,8.896006512111308,106.32138788560445
2014-05-06T19:00:00.000000000,7.727478841020646,97.43540233208262
2014-05-06T20:00:00.000000000,7.351329972416337,106.80188790662305
2014-05-06T21:00:00.000000000,6.491771595562105,132.97127806864637
2014-05-06T22:00:00.000000000,7.133864055468588,134.07709083150212
2014-05-06T23:00:00.000000000,6.683211510954034,127.7057856516414
2014-05-07T00:00:00.000000000,6.73145600891813,121.3286928678042
2014-05-07T01:00:00.000000000,5.783811909045537,124.78910790124672
2014-05-07T02:00:00.000000000,5.886664641401658,116.07533605210301
2014-05-07T03:00:00.000000000,6.5185926194418515,109.02560173940833
2014-05-07T04:00:00.000000000,6.4055639876594785,107.02052561151987
2014-05-07T05:00:00.000000000,6.013006735402847,110.69545073406329
2014-05-07T06:00:00.000000000,4.775734876644298,118.10778149455007
2014-05-07T07:00:00.000000000,2.57390753524675,150.94539590092285
2014-05-07T08:00:00.000000000,2.9730283150597026,184.82366062852805
2014-05-07T09:00:00.000000000,3.34519163872393,202.63636758668773
2014-05-07T10:00:00.000000000,3.206879456814447,213.87589833686002
2014-05-07T11:00:00.000000000,3.822814521093949,203.71521855321024
2014-05-07T12:00:00.000000000,4.694713101005058,204.0399458496875
2014-05-07T13:00:00.000000000,6.559820881700963,210.96375653207352
2014-05-07T14:00:00.000000000,6.450158078514182,204.3796412894567
2014-05-07T15:00:00.000000000,6.700046641628698,216.6561084159669
2014-05-07T16:00:00.000000000,6.779774422954907,227.9892306793361
2014-05-07T17:00:00.000000000,6.848461267914258,228.92229956841027
2014-05-07T18:00:00.000000000,6.833968466418322,230.1944289077348
2014-05-07T19:00:00.000000000,5.8576872569299905,219.80557109226518
2014-05-07T20:00:00.000000000,6.505875708772937,219.77739144201428
2014-05-07T21:00:00.000000000,7.036269775328298,224.28024185548537
2014-05-07T22:00:00.000000000,7.143814998039461,229.25734071702232
2014-05-07T23:00:00.000000000,7.850159234053791,232.76516601842533
2014-05-08T00:00:00.000000000,8.14900300650331,228.73139699916044
2014-05-08T01:00:00.000000000,7.424621202458749,225.0
2014-05-08T02:00:00.000000000,7.95495128834866,225.0
2014-05-08T03:00:00.000000000,8.511840245400919,225.1784980651874
2014-05-08T04:00:00.000000000,8.953954439981073,224.6040896840437
2014-05-08T05:00:00.000000000,9.12155743828369,221.44445834088526
2014-05-08T06:00:00.000000000,9.901460737600376,218.49036824478316
2014-05-08T07:00:00.000000000,9.452422916279813,218.71898073367313
2014-05-08T08:00:00.000000000,9.906880838665975,219.6759980904637
2014-05-08T09:00:00.000000000,11.013190238385677,225.0
2014-05-08T10:00:00.000000000,11.432335986730656,226.46199307737476
2014-05-08T11:00:00.000000000,10.852104563260855,228.0814745014295
2014-05-08T12:00:00.000000000,12.134567779310018,229.3026828657444
2014-05-08T13:00:00.000000000,13.210426496795385,231.1454519025956
2014-05-08T14:00:00.000000000,13.782348312243455,231.25903630512224
2014-05-08T15:00:00.000000000,13.733223938276176,234.37138987113886
2014-05-08T16:00:00.000000000,13.954492841996215,236.69426930321788
2014-05-08T17:00:00.000000000,13.913603934324094,240.21042699334686
2014-05-08T18:00:00.000000000,13.561948338603926,243.74197471176282
2014-05-08T19:00:00.000000000,13.460876331573543,241.12627258573949
2014-05-08T20:00:00.000000000,13.058696957924317,243.26326117770844
2014-05-08T21:00:00.000000000,12.592713815492743,247.83950903312927
2014-05-08T22:00:00.000000000,12.476090557579667,250.87522014067594
2014-05-08T23:00:00.000000000,12.886260025814593,249.56104874330794
2014-05-09T00:00:00.000000000,13.28166304357015,246.71644811056177
2014-05-09T01:00:00.000000000,13.730791561004263,238.7410550866265
2014-05-09T02:00:00.000000000,14.718513712060261,239.92920957053934
2014-05-09T03:00:00.000000000,14.97060541585847,243.199613037355
2014-05-09T04:00:00.000000000,14.994430762142246,245.2081814445266
2014-05-09T05:00:00.000000000,15.28901949753463,246.8936841721839
2014-05-09T06:00:00.000000000,14.996174489184014,247.45362316428748
2014-05-09T07:00:00.000000000,14.786247348027084,243.75988692206363
2014-05-09T08:00:00.000000000,15.530516712770993,252.81930995953064
2014-05-09T09:00:00.000000000,15.68761525319972,259.254164772231
2014-05-09T10:00:00.000000000,15.312439180109036,261.97575662914744
2014-05-09T11:00:00.000000000,14.75891575134371,268.0100344799226
2014-05-09T12:00:00.000000000,15.117392940888134,273.602939473774
2014-05-09T13:00:00.000000000,12.835925472892558,273.46150316584817
2014-05-09T14:00:00.000000000,13.551053767795985,274.97436431162987
2014-05-09T15:00:00.000000000,14.614583324480112,289.0703497795881
2014-05-09T16:00:00.000000000,12.715084884123323,283.7630347817176
2014-05-09T17:00:00.000000000,13.944528392932414,273.03169949489694
2014-05-09T18:00:00.000000000,15.1783362201938,274.20329492868217
2014-05-09T19:00:00.000000000,13.999141976219438,284.9544972214342
2014-05-09T20:00:00.000000000,11.97482824894549,290.7240620828841
2014-05-09T21:00:00.000000000,10.933049026632782,309.38621836998254
2014-05-09T22:00:00.000000000,10.352279027761906,313.87483287488794
2014-05-09T23:00:00.000000000,8.86682790802348,324.29333565579276
2014-05-10T00:00:00.000000000,6.949066666638747,343.4883697601407
2014-05-10T01:00:00.000000000,7.517158937284204,350.4280378214049
2014-05-10T02:00:00.000000000,7.186141175902405,13.0693178962822
2014-05-10T03:00:00.000000000,6.9473466157951265,8.27589282707521
2014-05-10T04:00:00.000000000,7.391929720986259,356.1214754971523
2014-05-10T05:00:00.000000000,8.462584252212414,348.32493176246487
2014-05-10T06:00:00.000000000,9.192126140810503,345.83147988142014
2014-05-10T07:00:00.000000000,11.731270553884322,351.4209410393745
2014-05-10T08:00:00.000000000,12.350070619528083,355.53014050040923
2014-05-10T09:00:00.000000000,11.990400757260744,354.6163016858769
2014-05-10T10:00:00.000000000,11.62220991488143,352.5845364321193
2014-05-10T11:00:00.000000000,10.82406201220429,357.35237216867273
2014-05-10T12:00:00.000000000,9.679107180141575,355.5558966305612
2014-05-10T13:00:00.000000000,8.5703810804145,354.9795847622789
2014-05-10T14:00:00.000000000,8.983223696901453,352.8057631955852
2014-05-10T15:00:00.000000000,8.881319875233272,351.66461088720246
2014-05-10T16:00:00.000000000,8.610495049647263,350.81116392264124
2014-05-10T17:00:00.000000000,9.26509896000047,351.46541349992833
2014-05-10T18:00:00.000000000,9.690523721657152,353.33334010909863
2014-05-10T19:00:00.000000000,11.161777880011947,357.36832637389887
2014-05-10T20:00:00.000000000,11.862827192717706,359.57739077400856
2014-05-10T21:00:00.000000000,11.42186917064447,357.679323889892
2014-05-10T22:00:00.000000000,11.211746151029072,353.9843253207772
2014-05-10T23:00:00.000000000,13.16309502887075,359.45589695503264
2014-05-11T00:00:00.000000000,12.882798179775186,9.663395611092085
2014-05-11T01:00:00.000000000,12.198291560252683,12.426913172390982
2014-05-11T02:00:00.000000000,11.54167370079114,13.9760466680371
2014-05-11T03:00:00.000000000,10.8845164024018,7.6555322654443785
2014-05-11T04:00:00.000000000,11.536208420737447,14.623491149521044
2014-05-11T05:00:00.000000000,11.394476857303216,11.581129772515851
2014-05-11T06:00:00.000000000,11.394476857303216,11.581129772515851
2014-05-11T07:00:00.000000000,10.401759369280928,8.500131288605758
2014-05-11T08:00:00.000000000,9.80448093865063,9.762556017236193
2014-05-11T09:00:00.000000000,9.193146019649737,4.67953471767936
2014-05-11T10:00:00.000000000,10.087191698570361,5.68939780075101
2014-05-11T11:00:00.000000000,10.087191698570361,5.68939780075101
2014-05-11T12:00:00.000000000,10.652825328932781,12.193362993166886
2014-05-11T13:00:00.000000000,8.977559988707318,11.810581514783678
2014-05-11T14:00:00.000000000,8.214592152823032,16.53221593465662
2014-05-11T15:00:00.000000000,7.185151276222842,20.042707399889025
2014-05-11T16:00:00.000000000,6.801069832260715,16.00325231092586
2014-05-11T17:00:00.000000000,6.643841132959156,11.94417718844636
2014-05-11T18:00:00.000000000,5.662501500060002,0.0
2014-05-11T19:00:00.000000000,2.9788068060637576,347.88845654480315
2014-05-11T20:00:00.000000000,3.7796549429692345,334.5366647145625
2014-05-11T21:00:00.000000000,4.331731104538546,336.17180286215404
2014-05-11T22:00:00.000000000,4.0200486922314465,328.0890508480499
2014-05-11T23:00:00.000000000,4.056245184896988,326.30993247402023
2014-05-12T00:00:00.000000000,4.093783149474762,308.30464671137327
2014-05-12T01:00:00.000000000,4.254739545477313,302.5228612508595
2014-05-12T02:00:00.000000000,5.055147659758984,298.0224913469528
2014-05-12T03:00:00.000000000,5.236724834066782,291.4204743979105
2014-05-12T04:00:00.000000000,5.20183176627748,291.57132863113515
2014-05-12T05:00:00.000000000,4.740417199436511,293.79377077659626
2014-05-12T06:00:00.000000000,5.736396952791883,281.30993247402023
2014-05-12T07:00:00.000000000,4.900524087965768,281.6252723253255
2014-05-12T08:00:00.000000000,3.7817188865860634,311.3819137959424
2014-05-12T09:00:00.000000000,2.4653853654145026,300.4655449194599
2014-05-12T10:00:00.000000000,3.2596012026013246,265.6012946450045
2014-05-12T11:00:00.000000000,5.896238207535378,265.13548556223947
2014-05-12T12:00:00.000000000,7.0400639201643616,263.8844964337146
2014-05-12T13:00:00.000000000,6.963846000041697,255.76421935139996
2014-05-12T14:00:00.000000000,8.538515678969032,252.0955524937518
2014-05-12T15:00:00.000000000,9.641132388812105,251.87044061777897
2014-05-12T16:00:00.000000000,9.848770227152816,257.7630407846158
2014-05-12T17:00:00.000000000,10.688846440976773,265.9764438444107
2014-05-12T18:00:00.000000000,10.94087965391305,274.12759897230194
2014-05-12T19:00:00.000000000,9.788850410094055,270.9511921648324
2014-05-12T20:00:00.000000000,10.255554847859853,268.11412137377897
2014-05-12T21:00:00.000000000,11.00773171400683,272.1475932306997
2014-05-12T22:00:00.000000000,10.645568326773352,285.6681604217525
2014-05-12T23:00:00.000000000,9.962886214675624,293.1230817200619
2014-05-13T00:00:00.000000000,9.686373524934078,294.87843498560596
2014-05-13T01:00:00.000000000,10.093395458308251,297.99320054104544
2014-05-13T02:00:00.000000000,10.16831299625601,301.5798264155167
2014-05-13T03:00:00.000000000,9.586597544311722,304.37385682856785
2014-05-13T04:00:00.000000000,9.602557099628127,307.0638182400628
2014-05-13T05:00:00.000000000,10.246260103518813,307.76463024593977
2014-05-13T06:00:00.000000000,10.740417671724668,303.8010383198234
2014-05-13T07:00:00.000000000,10.851769273303614,304.20261654840584
2014-05-13T08:00:00.000000000,10.990876207661106,302.08140196520645
2014-05-13T09:00:00.000000000,10.69438466328004,302.4455815557304
2014-05-13T10:00:00.000000000,10.860266599685144,302.5926711031616
2014-05-13T11:00:00.000000000,10.770344656209733,301.32879363323735
2014-05-13T12:00:00.000000000,10.580214128874024,299.59385475081984
2014-05-13T13:00:00.000000000,9.092663298589224,298.0447859661124
2014-05-13T14:00:00.000000000,9.510604534647975,300.1372662501116
2014-05-13T15:00:00.000000000,9.374787700120743,296.36013228575524
2014-05-13T16:00:00.000000000,9.524210496747747,292.29024175352356
2014-05-13T17:00:00.000000000,9.662126229454687,286.5360157060389
2014-05-13T18:00:00.000000000,9.327796805412948,281.20456445894564
2014-05-13T19:00:00.000000000,8.38525491562421,280.304846468766
2014-05-13T20:00:00.000000000,8.754463147446565,279.86580694308435
2014-05-13T21:00:00.000000000,9.370832406995657,279.21102654081665
2014-05-13T22:00:00.000000000,10.312077227150784,279.77060519338886
2014-05-13T23:00:00.000000000,10.95351720854182,284.06796753285323
2014-05-14T00:00:00.000000000,10.702112166037779,286.00056307679597
2014-05-14T01:00:00.000000000,11.035095666036218,275.9818551360113
2014-05-14T02:00:00.000000000,11.205656772693638,273.2614236509339
2014-05-14T03:00:00.000000000,11.533788601606165,272.23609774906697
2014-05-14T04:00:00.000000000,11.516925904510494,280.1269621784864
2014-05-14T05:00:00.000000000,10.639505112760418,287.22161293169984
2014-05-14T06:00:00.000000000,10.8702833005981,291.52009723172176
2014-05-14T07:00:00.000000000,12.696730930081912,275.5367056711035
2014-05-14T08:00:00.000000000,13.24662399268751,274.11265478092787
2014-05-14T09:00:00.000000000,13.04135079295728,274.56303976414415
2014-05-14T10:00:00.000000000,13.074827267544467,275.5962196459989
2014-05-14T11:00:00.000000000,13.332315783979807,275.86568388481294
2014-05-14T12:00:00.000000000,13.532411359518466,278.39216090488185
2014-05-14T13:00:00.000000000,12.780033991886715,279.28737164610106
2014-05-14T14:00:00.000000000,13.201983733584031,280.63973907442926
2014-05-14T15:00:00.000000000,13.355536702621936,281.2258912411007
2014-05-14T16:00:00.000000000,13.443095586757332,282.2399657957234
2014-05-14T17:00:00.000000000,13.585056000317463,284.11304140985817
2014-05-14T18:00:00.000000000,13.884871349761527,289.51164568237675
2014-05-14T19:00:00.000000000,13.55595162503115,287.54953233781146
2014-05-14T20:00:00.000000000,13.910251681270175,288.7118332078751
2014-05-14T21:00:00.000000000,14.348029790770912,290.2348083052673
2014-05-14T22:00:00.000000000,14.739170208204058,293.1731471463015
2014-05-14T23:00:00.000000000,15.256342409061768,295.9982541993309
2014-05-15T00:00:00.000000000,15.480231954332554,298.24125986975065
2014-05-15T01:00:00.000000000,15.278485880420956,298.8087851603849
2014-05-15T02:00:00.000000000,15.138093404565351,308.0243896569999
2014-05-15T03:00:00.000000000,15.1499468777451,314.73259344950327
2014-05-15T04:00:00.000000000,15.120382243063752,316.60790222081243
2014-05-15T05:00:00.000000000,14.885549266482572,317.075790929145
2014-05-15T06:00:00.000000000,14.704873988395747,316.61890724581536
2014-05-15T07:00:00.000000000,14.713459296623805,316.58354195487374
2014-05-15T08:00:00.000000000,14.993291554134373,319.93759521795425
2014-05-15T09:00:00.000000000,14.723656105233195,323.8403390214218
2014-05-15T10:00:00.000000000,13.695492713590008,324.32256045409906
2014-05-15T11:00:00.000000000,13.391486970603063,319.2015458254573
2014-05-15T12:00:00.000000000,14.328256615501338,322.5503437775465
2014-05-15T13:00:00.000000000,13.820122584969818,323.3478294723389
2014-05-15T14:00:00.000000000,14.175066528310177,334.7908343031263
2014-05-15T15:00:00.000000000,14.455792085819247,337.31535638172403
2014-05-15T16:00:00.000000000,14.58927484028247,336.09235560727546
2014-05-15T17:00:00.000000000,14.758088543356127,333.543476350678
2014-05-15T18:00:00.000000000,14.803247891167578,336.61720005702995
2014-05-15T19:00:00.000000000,13.27001880974976,329.4250235900948
2014-05-15T20:00:00.000000000,12.789520660925254,328.99786551523067
2014-05-15T21:00:00.000000000,12.61005619821296,327.83812257958334
2014-05-15T22:00:00.000000000,12.853136591411996,325.459937706767
2014-05-15T23:00:00.000000000,11.665403219419856,337.30931450387766
2014-05-16T00:00:00.000000000,5.964911769118197,18.700591195290997
2014-05-16T01:00:00.000000000,13.31468996875228,316.29334578434833
2014-05-16T02:00:00.000000000,13.533816433252197,319.23229471780377
2014-05-16T03:00:00.000000000,11.829327929247409,322.1250737000379
2014-05-16T04:00:00.000000000,10.30362111908308,321.15567485702627
2014-05-16T05:00:00.000000000,8.320769664795069,319.08127161641704
2014-05-16T06:00:00.000000000,6.435502564121944,307.5820927567823
2014-05-16T07:00:00.000000000,6.11699524166234,264.37101289692134
2014-05-16T08:00:00.000000000,6.559935689301566,263.10517698915385
2014-05-16T09:00:00.000000000,8.915341007976071,268.5538886995228
2014-05-16T10:00:00.000000000,12.211691447849914,283.97948604068347
2014-05-16T11:00:00.000000000,14.143282790073686,294.93439467773567
2014-05-16T12:00:00.000000000,15.629147184566085,292.27801427746215
2014-05-16T13:00:00.000000000,16.32910580895807,290.9462651220315
2014-05-16T14:00:00.000000000,16.984991467787935,294.84882123064006
2014-05-16T15:00:00.000000000,17.34253291877578,298.7818863820115
2014-05-16T16:00:00.000000000,18.233554623655998,303.0255452448787
2014-05-16T17:00:00.000000000,17.886447476746522,304.2342743087735
2014-05-16T18:00:00.000000000,17.772516066248365,307.82905761471386
2014-05-16T19:00:00.000000000,15.137483747093867,301.4587578391278
2014-05-16T20:00:00.000000000,16.56991528144744,311.942239017701
2014-05-16T21:00:00.000000000,16.47485819820579,320.91247508321277
2014-05-16T22:00:00.000000000,17.422530385659595,323.1958902074407
2014-05-16T23:00:00.000000000,14.34998356208408,302.3334477631297
2014-05-17T00:00:00.000000000,16.480566531190018,298.742305811634
2014-05-17T01:00:00.000000000,17.159591766581894,294.7169021569672
2014-05-17T02:00:00.000000000,16.27397555468026,307.63571380853017
2014-05-17T03:00:00.000000000,16.475596281856234,316.8753825557215
2014-05-17T04:00:00.000000000,15.70195828444847,318.58239191857325
2014-05-17T05:00:00.000000000,14.246509696132273,324.859754929899
2014-05-17T06:00:00.000000000,12.416696075707337,332.73852196292415
2014-05-17T07:00:00.000000000,9.077874744409483,344.26061617217704
2014-05-17T08:00:00.000000000,7.831314711533543,344.25570562829125
2014-05-17T09:00:00.000000000,6.84393997722874,342.7896335528679
2014-05-17T10:00:00.000000000,7.278586072787627,344.4600870219945
2014-05-17T11:00:00.000000000,8.738037008202715,342.8611132680307
2014-05-17T12:00:00.000000000,9.198681740057932,345.35946412678703
2014-05-17T13:00:00.000000000,7.293247077905617,350.82826309277283
2014-05-17T14:00:00.000000000,7.849069164747665,337.232739809641
2014-05-17T15:00:00.000000000,6.036825175990458,336.83261023579473
2014-05-17T16:00:00.000000000,6.296993631208857,318.6215285966173
2014-05-17T17:00:00.000000000,5.261676758989371,305.4270125973013
2014-05-17T18:00:00.000000000,7.215230775142663,279.07075621728904
2014-05-17T19:00:00.000000000,5.801308336351791,273.953738253188
2014-05-17T20:00:00.000000000,8.512027666256841,287.34409197248004
2014-05-17T21:00:00.000000000,11.413274092628747,304.1078481783838
2014-05-17T22:00:00.000000000,11.815393953355985,303.30347316763897
2014-05-17T23:00:00.000000000,11.576837827748564,301.57921518902765
2014-05-18T00:00:00.000000000,11.904514380283954,298.7449841192565
2014-05-18T01:00:00.000000000,12.724561879179305,294.6769411343205
2014-05-18T02:00:00.000000000,12.751977749269551,301.69585559558567
2014-05-18T03:00:00.000000000,12.874243994184857,309.56342517684453
2014-05-18T04:00:00.000000000,12.831619150300586,319.108144541019
2014-05-18T05:00:00.000000000,12.07693045320582,327.29692048418895
2014-05-18T06:00:00.000000000,11.382028665768152,322.0478411441866
2014-05-18T07:00:00.000000000,10.886752337387271,324.15654079686044
2014-05-18T08:00:00.000000000,9.790129032756086,318.10534958080444
2014-05-18T09:00:00.000000000,8.961418738832528,305.1754755503629
2014-05-18T10:00:00.000000000,9.200964106951641,294.6502038433904
2014-05-18T11:00:00.000000000,10.275921695357008,289.6914070052822
2014-05-18T12:00:00.000000000,12.88256561484586,297.7586462481052
2014-05-18T13:00:00.000000000,12.855558358778419,303.25752216574176
2014-05-18T14:00:00.000000000,13.12914570970599,309.2818024409283
2014-05-18T15:00:00.000000000,13.820863093780776,311.6637247155682
2014-05-18T16:00:00.000000000,14.841311966550423,310.1145508864284
2014-05-18T17:00:00.000000000,15.19429248247058,315.3666620644007
2014-05-18T18:00:00.000000000,14.860338576207827,320.3240572977826
2014-05-18T19:00:00.000000000,14.30653761462302,320.1752453893647
2014-05-18T20:00:00.000000000,14.23519307444227,325.012134639048
2014-05-18T21:00:00.000000000,13.170872208691192,324.4244235938918
2014-05-18T22:00:00.000000000,12.495571826059939,334.3321394876904
2014-05-18T23:00:00.000000000,11.744005299419282,336.4090407107941
2014-05-19T00:00:00.000000000,11.606182313535793,332.6898183393995
2014-05-19T01:00:00.000000000,12.660385946532342,313.71989073646716
2014-05-19T02:00:00.000000000,13.72290869555945,316.550167805581
2014-05-19T03:00:00.000000000,12.914788091621917,332.56691315413
2014-05-19T04:00:00.000000000,11.99136303393611,331.6183555436094
2014-05-19T05:00:00.000000000,11.617200818694622,331.5322511995537
2014-05-19T06:00:00.000000000,10.532767863882325,331.42755954042696
2014-05-19T07:00:00.000000000,10.117728238706182,325.3675814274229
2014-05-19T08:00:00.000000000,12.583143529205026,335.0897440354375
2014-05-19T09:00:00.000000000,11.917700124742003,335.85448753954165
2014-05-19T10:00:00.000000000,12.102857062378252,333.17033705015297
2014-05-19T11:00:00.000000000,12.84219124070028,340.25991947558725
2014-05-19T12:00:00.000000000,11.568186367096366,343.4253191461655
2014-05-19T13:00:00.000000000,7.493275438993998,353.00538531001723
2014-05-19T14:00:00.000000000,6.186510907148283,343.6888369994723
2014-05-19T15:00:00.000000000,18.97816370224942,335.35929683843176
2014-05-19T16:00:00.000000000,10.304400028696822,34.42262536009838
2014-05-19T17:00:00.000000000,7.223710875389027,105.4550985704783
2014-05-19T18:00:00.000000000,6.489471891924542,81.91670382710782
2014-05-19T19:00:00.000000000,6.287731713255259,75.96369022760541
2014-05-19T20:00:00.000000000,5.591287731818584,64.58064293090183
2014-05-19T21:00:00.000000000,5.3852960794005345,61.88838390631321
2014-05-19T22:00:00.000000000,5.278922213581265,46.63108615798399
2014-05-19T23:00:00.000000000,5.2156322220113935,26.626439304542203
2014-05-20T00:00:00.000000000,6.756812949690241,29.60025063248861
2014-05-20T01:00:00.000000000,4.763942536092531,32.897803156617954
2014-05-20T02:00:00.000000000,4.897848531555643,17.8337991368972
2014-05-20T03:00:00.000000000,6.399462868085102,12.40741852740075
2014-05-20T04:00:00.000000000,8.125,14.25003269780359
2014-05-20T05:00:00.000000000,8.861690406662083,15.545739240366288
2014-05-20T06:00:00.000000000,9.604110232790271,19.77922745597806
2014-05-20T07:00:00.000000000,9.799146186627269,31.277111583649173
2014-05-20T08:00:00.000000000,9.740202479891188,71.05348409959146
2014-05-20T09:00:00.000000000,8.86080590220222,70.21024631510818
2014-05-20T10:00:00.000000000,7.5817323210366485,67.40919029251216
2014-05-20T11:00:00.000000000,7.011475699730533,60.87593579697176
2014-05-20T12:00:00.000000000,7.35005198021189,51.00539214263898
2014-05-20T13:00:00.000000000,3.9250796170268956,52.76516601842536
2014-05-20T14:00:00.000000000,3.816084380618437,31.607502246248885
2014-05-20T15:00:00.000000000,4.017539669997049,5.3558250428552014
2014-05-20T16:00:00.000000000,3.625193975845534,359.40728247437363
2014-05-20T17:00:00.000000000,2.646607306999236,7.326374450851802
2014-05-20T18:00:00.000000000,3.225774356618422,14.359284921248047
2014-05-20T19:00:00.000000000,1.6273539834626485,3.082128086905925
2014-05-20T20:00:00.000000000,1.0875010862508387,313.6027644680528
2014-05-20T21:00:00.000000000,3.0561938093531493,263.6598393099419
2014-05-20T22:00:00.000000000,4.505014496366993,267.29639347005036
2014-05-20T23:00:00.000000000,5.8557914579712,265.46998206800725
2014-05-21T00:00:00.000000000,6.942847038499408,283.53585636913425
2014-05-21T01:00:00.000000000,6.048102862731566,290.56989987313693
2014-05-21T02:00:00.000000000,6.677961898158507,289.6898910966195
2014-05-21T03:00:00.000000000,8.208000636634177,299.7665450282461
2014-05-21T04:00:00.000000000,9.904618183381494,316.8410265011605
2014-05-21T05:00:00.000000000,11.535628403079052,318.9542462623009
2014-05-21T06:00:00.000000000,12.659909596387006,321.53456795251896
2014-05-21T07:00:00.000000000,11.53782061102473,321.8637011148563
2014-05-21T08:00:00.000000000,10.821929449215729,318.5588296874986
2014-05-21T09:00:00.000000000,11.068611357293998,316.18968797927783
2014-05-21T10:00:00.000000000,11.12526963589414,317.9601770829406
2014-05-21T11:00:00.000000000,10.886484865868958,317.9785994165064
2014-05-21T12:00:00.000000000,10.430239129676046,320.2999970368268
2014-05-21T13:00:00.000000000,9.42532225176812,321.73189588425146
2014-05-21T14:00:00.000000000,9.60998385161663,313.78791011948886
2014-05-21T15:00:00.000000000,10.532570135453483,311.198767785541
2014-05-21T16:00:00.000000000,13.22302654370192,315.22984942171706
2014-05-21T17:00:00.000000000,14.059563806719101,321.31638149621466
2014-05-21T18:00:00.000000000,13.513352136281716,323.76614432612746
2014-05-21T19:00:00.000000000,13.155158646316382,317.4260569382462
2014-05-21T20:00:00.000000000,14.286741107651723,313.7947503214317
2014-05-21T21:00:00.000000000,15.52316439900985,318.9833926542507
2014-05-21T22:00:00.000000000,15.747429270142602,320.6370431098336
2014-05-21T23:00:00.000000000,15.825068407230978,322.9943688422459
2014-05-22T00:00:00.000000000,13.736974478953677,330.0288096493048
2014-05-22T01:00:00.000000000,11.90752637536393,343.84810398977936
2014-05-22T02:00:00.000000000,12.916020309083493,329.14088047281393
2014-05-22T03:00:00.000000000,13.18490948319705,330.275364354996
2014-05-22T04:00:00.000000000,14.79874819767715,327.27644270183794
2014-05-22T05:00:00.000000000,15.700841133144962,324.6903760516894
2014-05-22T06:00:00.000000000,16.788152305688076,324.9136384450833
2014-05-22T07:00:00.000000000,15.990639512616152,317.0273509349515
2014-05-22T08:00:00.000000000,16.51419265261226,317.88387199925745
2014-05-22T09:00:00.000000000,17.648183813029274,328.43770976507585
2014-05-22T10:00:00.000000000,17.47730352402146,332.48195393777576
2014-05-22T11:00:00.000000000,16.295894336372363,338.86784983454504
2014-05-22T12:00:00.000000000,14.596093678213343,348.43989018366506
2014-05-22T13:00:00.000000000,10.79627842783734,354.018774617305
2014-05-22T14:00:00.000000000,10.740414465530923,358.66623036859966
2014-05-22T15:00:00.000000000,11.207596740169091,357.8907222584999
2014-05-22T16:00:00.000000000,11.25200673713257,1.0821172910870587
2014-05-22T17:00:00.000000000,10.928304693603833,3.081669154664098
2014-05-22T18:00:00.000000000,9.772555300482498,8.60685519091237
2014-05-22T19:00:00.000000000,8.89961375566378,10.520784313874344
2014-05-22T20:00:00.000000000,8.702989988368467,7.676224540646672
2014-05-22T21:00:00.000000000,8.389912097274918,3.416588191771325
2014-05-22T22:00:00.000000000,8.835055257854624,60.9689891425495
2014-05-22T23:00:00.000000000,9.566362787098527,67.48954320268638
2014-05-23T00:00:00.000000000,9.908340206083754,56.37005331036414
2014-05-23T01:00:00.000000000,8.87146074359423,40.08464346226481
2014-05-23T02:00:00.000000000,8.980882473343028,34.7960262782683
2014-05-23T03:00:00.000000000,9.839334327077214,27.2161115573075
2014-05-23T04:00:00.000000000,10.32752073290738,24.300468285101545
2014-05-23T05:00:00.000000000,10.794240362341391,28.34569362307667
2014-05-23T06:00:00.000000000,10.97446679174468,27.32389825910019
2014-05-23T07:00:00.000000000,9.355813700582114,22.796521467942625
2014-05-23T08:00:00.000000000,9.180389799105853,21.569616544921132
2014-05-23T09:00:00.000000000,9.439355499108073,23.40780373209276
2014-05-23T10:00:00.000000000,10.28315041474679,21.387535883374824
2014-05-23T11:00:00.000000000,10.659342468031438,19.667372743160342
2014-05-23T12:00:00.000000000,10.365343800452958,19.221574237504683
2014-05-23T13:00:00.000000000,9.82167758590805,21.110811036693065
2014-05-23T14:00:00.000000000,10.320640726234007,16.89864869403823
2014-05-23T15:00:00.000000000,10.513516221913505,16.366468861367878
2014-05-23T16:00:00.000000000,10.879229090853666,20.163089505532866
2014-05-23T17:00:00.000000000,10.716438015404268,22.856354248835828
2014-05-23T18:00:00.000000000,11.09405809431337,33.51101879784079
2014-05-23T19:00:00.000000000,9.98514521677076,34.286876977208976
2014-05-23T20:00:00.000000000,9.27032274851349,36.39090428308299
2014-05-23T21:00:00.000000000,7.325042661991806,36.67434966957319
2014-05-23T22:00:00.000000000,6.261602549500548,33.02387906432068
2014-05-23T23:00:00.000000000,5.669792961351718,19.713322948197117
2014-05-24T00:00:00.000000000,5.3040212091291385,16.42764557567648
2014-05-24T01:00:00.000000000,5.130453120775345,7.419389818209254
2014-05-24T02:00:00.000000000,5.348158138492492,356.3819137959424
2014-05-24T03:00:00.000000000,5.249834817580142,353.16264267893274
2014-05-24T04:00:00.000000000,6.73145600891813,344.93151184050777
2014-05-24T05:00:00.000000000,6.30599912781472,346.2392148882088
2014-05-24T06:00:00.000000000,5.398205720422296,354.6854543300552
2014-05-24T07:00:00.000000000,5.061635962077553,8.950575429568687
2014-05-24T08:00:00.000000000,5.020271407005801,18.886087369709287
2014-05-24T09:00:00.000000000,5.082583888890744,10.342673775833703
2014-05-24T10:00:00.000000000,4.251837837923738,358.3153156821037
2014-05-24T11:00:00.000000000,3.910101627456981,348.9415165271567
2014-05-24T12:00:00.000000000,4.43353696274205,319.5739212599009
2014-05-24T13:00:00.000000000,2.675116819879087,307.40535663140855
2014-05-24T14:00:00.000000000,2.766992952647332,288.434948822922
2014-05-24T15:00:00.000000000,4.026649334427663,263.40448485593697
2014-05-24T16:00:00.000000000,5.125,270.0
2014-05-24T17:00:00.000000000,5.474215410689166,280.9250738342655
2014-05-24T18:00:00.000000000,4.7224379549192355,279.13819521485345
2014-05-24T19:00:00.000000000,4.445116474843319,218.83597474314962
2014-05-24T20:00:00.000000000,5.47519924064627,210.60484284300884
2014-05-24T21:00:00.000000000,6.730897518108114,205.9940499513696
2014-05-24T22:00:00.000000000,7.605425556793913,223.13524668711625
2014-05-24T23:00:00.000000000,7.495677475284926,235.80644338133862
2014-05-25T00:00:00.000000000,8.105746418436738,250.1678701497816
2014-05-25T01:00:00.000000000,8.869757482814745,246.75901488521046
2014-05-25T02:00:00.000000000,8.793618074492025,254.83776963116196
2014-05-25T03:00:00.000000000,7.872193958089944,257.9942381655082
2014-05-25T04:00:00.000000000,7.468477773381941,265.9691122050151
2014-05-25T05:00:00.000000000,7.344150405211312,272.43878021056076
2014-05-25T06:00:00.000000000,6.797966827978772,279.7395128992604
2014-05-25T07:00:00.000000000,5.911661500563475,285.82896919130496
2014-05-25T08:00:00.000000000,5.053957449311775,295.8045778256598
2014-05-25T09:00:00.000000000,4.175674873667612,289.9539680460807
2014-05-25T10:00:00.000000000,4.958861320880883,295.85456557493774
2014-05-25T11:00:00.000000000,5.280872301122295,292.25474776300905
2014-05-25T12:00:00.000000000,6.227459353540575,308.480198248343
2014-05-25T13:00:00.000000000,6.299169964204948,305.5509059121444
2014-05-25T14:00:00.000000000,5.815095622686573,310.6413725474872
2014-05-25T15:00:00.000000000,4.765517672573333,300.93802266451314
2014-05-25T16:00:00.000000000,3.8555552096609236,291.49098868442485
2014-05-25T17:00:00.000000000,4.126893504804794,268.2642954110716
2014-05-25T18:00:00.000000000,5.361450642071765,258.2971142171133
2014-05-25T19:00:00.000000000,5.2317816730310405,254.33680857453078
2014-05-25T20:00:00.000000000,7.423315175805011,247.84029405706414
2014-05-25T21:00:00.000000000,9.548305640891305,236.9132501812674
2014-05-25T22:00:00.000000000,10.431691335234992,242.9129797421612
2014-05-25T23:00:00.000000000,10.318078443488442,248.68840535124883
2014-05-26T00:00:00.000000000,10.76549557229415,252.63805516047262
2014-05-26T01:00:00.000000000,10.923203161377536,243.4936074543142
2014-05-26T02:00:00.000000000,9.020408356441793,248.62616803781282
2014-05-26T03:00:00.000000000,9.748890591548399,260.4048296614979
2014-05-26T04:00:00.000000000,8.32508746587769,270.25809758209294
2014-05-26T05:00:00.000000000,7.747461332678986,239.13142727917108
2014-05-26T06:00:00.000000000,9.331717277345474,244.53341187830114
2014-05-26T07:00:00.000000000,11.170532696040409,222.95947323067602
2014-05-26T08:00:00.000000000,12.241958957985256,219.65583975373832
2014-05-26T09:00:00.000000000,14.74731764309835,210.45572872714033
2014-05-26T10:00:00.000000000,15.717979971267374,220.58153268249552
2014-05-26T11:00:00.000000000,16.555327738545262,220.03823821809286
2014-05-26T12:00:00.000000000,17.816123907939414,221.1027726196605
2014-05-26T13:00:00.000000000,17.960416095899184,218.27374771897902
2014-05-26T14:00:00.000000000,17.212011314506476,223.9702300314324
2014-05-26T15:00:00.000000000,16.574257810062768,234.76380153724608
2014-05-26T16:00:00.000000000,16.376228475032367,239.3438270205943
2014-05-26T17:00:00.000000000,16.104214561091677,259.80656703553086
2014-05-26T18:00:00.000000000,16.597510130491376,280.6329200986591
2014-05-26T19:00:00.000000000,14.273341216885564,281.9791490682543
2014-05-26T20:00:00.000000000,12.779693370159471,267.02851231312525
2014-05-26T21:00:00.000000000,14.040460034973009,268.8267539507652
2014-05-26T22:00:00.000000000,14.869659815468925,275.5476687703338
2014-05-26T23:00:00.000000000,14.950625887568904,282.65352149969044
2014-05-27T00:00:00.000000000,13.825002882134099,297.0516254203684
2014-05-27T01:00:00.000000000,14.052618713254278,306.6456689131023
2014-05-27T02:00:00.000000000,15.977655145543393,316.55330619836445
2014-05-27T03:00:00.000000000,14.635155423405688,333.63192379217134
2014-05-27T04:00:00.000000000,13.719135547420434,345.3813346482057
2014-05-27T05:00:00.000000000,13.36930656169492,355.33423872806156
2014-05-27T06:00:00.000000000,10.651437696386342,4.037710620977123
2014-05-27T07:00:00.000000000,8.258980361492373,6.081630998955973
2014-05-27T08:00:00.000000000,7.403546447480424,11.689369175439197
2014-05-27T09:00:00.000000000,6.3860198872224005,3.366460663429791
2014-05-27T10:00:00.000000000,6.423457051173595,356.6531821393928
2014-05-27T11:00:00.000000000,6.843668724691222,352.65431841587235
2014-05-27T12:00:00.000000000,6.966437396546387,350.7066914006029
2014-05-27T13:00:00.000000000,8.793641168480779,354.28940686250036
2014-05-27T14:00:00.000000000,9.155770038614994,355.30131948270053
2014-05-27T15:00:00.000000000,9.625811654089228,0.7440592028887067
2014-05-27T16:00:00.000000000,9.722718241315029,8.130102354155952
2014-05-27T17:00:00.000000000,8.853848033482391,13.055247223796584
2014-05-27T18:00:00.000000000,9.884489111734608,9.462322208025626
2014-05-27T19:00:00.000000000,9.55174379307945,9.795145256989485
2014-05-27T20:00:00.000000000,9.57755500446992,5.241819127137717
2014-05-27T21:00:00.000000000,10.75072671962226,359.33380002981687
2014-05-27T22:00:00.000000000,11.912560528762848,359.8196289351324
2014-05-27T23:00:00.000000000,12.904698756654492,356.11209043916693
2014-05-28T00:00:00.000000000,16.070787285923856,351.9518304841344
2014-05-28T01:00:00.000000000,14.526641873269158,10.41067909042357
2014-05-28T02:00:00.000000000,15.696383384853558,16.65990918329169
2014-05-28T03:00:00.000000000,15.923102790893232,14.548966741545826
2014-05-28T04:00:00.000000000,15.287351798136916,29.91920868855749
2014-05-28T05:00:00.000000000,12.704196785989408,37.8057631955852
2014-05-28T06:00:00.000000000,12.331985423162145,38.41491835597532
2014-05-28T07:00:00.000000000,11.299587711607318,32.072560582139204
2014-05-28T08:00:00.000000000,10.064084887034527,39.30442263046916
2014-05-28T09:00:00.000000000,8.64886403532097,40.8976969447981
2014-05-28T10:00:00.000000000,8.125087468028068,38.31566055632396
2014-05-28T11:00:00.000000000,7.906682300434235,39.22567409733671
2014-05-28T12:00:00.000000000,7.663112878472545,39.50640324901673
2014-05-28T13:00:00.000000000,6.467466660138265,48.91824886406738
2014-05-28T14:00:00.000000000,6.114787404317505,49.14462374110428
2014-05-28T15:00:00.000000000,5.100551440775791,53.9726266148964
2014-05-28T16:00:00.000000000,4.081206929328627,62.65012421993015
2014-05-28T17:00:00.000000000,2.8904219826561253,67.09424191499687
2014-05-28T18:00:00.000000000,1.845602882529175,61.699244233993625
2014-05-28T19:00:00.000000000,1.3050383136138188,73.30075576600638
2014-05-28T20:00:00.000000000,1.6055577613818524,73.2580962968674
2014-05-28T21:00:00.000000000,1.7544586059522749,94.08561677997488
2014-05-28T22:00:00.000000000,1.5662455107677085,118.61045966596521
2014-05-28T23:00:00.000000000,1.9830913020576593,149.71754471332235
2014-05-29T00:00:00.000000000,3.199070290652189,164.82344130809065
2014-05-29T01:00:00.000000000,2.8812146287914295,170.0064145640696
2014-05-29T02:00:00.000000000,3.7146022818138595,181.92842309187566
2014-05-29T03:00:00.000000000,3.4627015789111084,180.6205327360044
2014-05-29T04:00:00.000000000,2.8402504708496634,177.47758638479502
2014-05-29T05:00:00.000000000,1.8395805839303403,177.27373345195304
2014-05-29T06:00:00.000000000,1.8753734927426435,168.46537018232232
2014-05-29T07:00:00.000000000,2.6010815058356016,144.78240703180728
2014-05-29T08:00:00.000000000,1.461432683250158,194.8682662679391
2014-05-29T09:00:00.000000000,3.4984157468433854,231.81975760222852
2014-05-29T10:00:00.000000000,5.275236961502298,233.67317404787977
2014-05-29T11:00:00.000000000,5.3852960794005345,241.8883839063132
2014-05-29T12:00:00.000000000,5.478651750202782,235.22216863363613
2014-05-29T13:00:00.000000000,5.058857947995947,235.36753315116292
2014-05-29T14:00:00.000000000,5.357897599705393,233.825216685744
2014-05-29T15:00:00.000000000,5.709889379486571,225.0
2014-05-29T16:00:00.000000000,5.622195865581218,225.90080246885225
2014-05-29T17:00:00.000000000,5.777896392803659,233.79946982646
2014-05-29T18:00:00.000000000,6.302393948971436,224.437516649671
2014-05-29T19:00:00.000000000,5.445311215883052,209.27179146536017
2014-05-29T20:00:00.000000000,3.87808684000111,199.1942521052619
2014-05-29T21:00:00.000000000,6.346683596829578,225.63832773014045
2014-05-29T22:00:00.000000000,7.866561740568556,229.70475794361172
2014-05-29T23:00:00.000000000,7.545293832226206,219.0155644994354
2014-05-30T00:00:00.000000000,7.08416206728284,220.49163799868361
2014-05-30T01:00:00.000000000,6.557556947876815,189.76760261626578
2014-05-30T02:00:00.000000000,7.5553050641014305,197.3257533621043
2014-05-30T03:00:00.000000000,7.714149995263507,211.88731902115458
2014-05-30T04:00:00.000000000,6.308093748361843,234.92427632449716
2014-05-30T05:00:00.000000000,5.401070620724978,228.3774951945743
2014-05-30T06:00:00.000000000,5.565307926103797,200.5108936227857
2014-05-30T07:00:00.000000000,13.337173985319561,184.94650608928637
2014-05-30T08:00:00.000000000,11.357741329717664,191.61910901755246
2014-05-30T09:00:00.000000000,10.811596783084356,190.6603482945353
2014-05-30T10:00:00.000000000,11.817624549798492,190.3590524880837
2014-05-30T11:00:00.000000000,11.478437866830433,187.69773030395987
2014-05-30T12:00:00.000000000,11.280514172678478,192.80426606528675
2014-05-30T13:00:00.000000000,10.733271868354029,194.8454520820838
2014-05-30T14:00:00.000000000,10.896451944915453,195.5030087010807
2014-05-30T15:00:00.000000000,10.250762166785453,195.56151032532847
2014-05-30T16:00:00.000000000,10.028864591767105,202.72973207994468
2014-05-30T17:00:00.000000000,9.688178078876945,207.0940298920467
2014-05-30T18:00:00.000000000,9.56882960450232,199.85521436932103
2014-05-30T19:00:00.000000000,10.961580634196876,187.20605700138327
2014-05-30T20:00:00.000000000,12.002870651949298,178.74687615735706
2014-05-30T21:00:00.000000000,12.520289697623484,176.7376774680987
2014-05-30T22:00:00.000000000,13.007724222241334,176.80492664363726
2014-05-30T23:00:00.000000000,13.252845954910088,177.2428637362334
2014-05-31T00:00:00.000000000,14.16567848495577,178.7865143859974
2014-05-31T01:00:00.000000000,15.932598632653395,177.12189235631547
2014-05-31T02:00:00.000000000,15.677039713837203,177.5322867430924
2014-05-31T03:00:00.000000000,15.652881076897163,178.90182424982083
2014-05-31T04:00:00.000000000,15.572223232306012,177.97594333805102
2014-05-31T05:00:00.000000000,15.937683983946542,180.26963586579723
2014-05-31T06:00:00.000000000,15.133008652629448,182.98294296689232
2014-05-31T07:00:00.000000000,13.674595997296915,182.40994040088984
2014-05-31T08:00:00.000000000,13.782768051777373,178.07700545885518
2014-05-31T09:00:00.000000000,13.287554420456896,180.1617062450604
2014-05-31T10:00:00.000000000,12.268582678934312,176.84608904701213
2014-05-31T11:00:00.000000000,11.306698410164605,170.83968641732304
2014-05-31T12:00:00.000000000,10.906885838203715,155.34411886652674
2014-05-31T13:00:00.000000000,10.547606175627232,150.30568384593266
2014-05-31T14:00:00.000000000,9.638927077890347,151.2413223861373
2014-05-31T15:00:00.000000000,9.297866974513646,143.63853346443295
2014-05-31T16:00:00.000000000,9.46843827423779,144.67341654840402
2014-05-31T17:00:00.000000000,10.924754975154634,152.46743694916495
2014-05-31T18:00:00.000000000,11.797149928739735,157.51092513788808
2014-05-31T19:00:00.000000000,10.932359114817757,151.96993858945336
2014-05-31T20:00:00.000000000,11.525154015438565,154.90805971365387
2014-05-31T21:00:00.000000000,11.225934013263577,156.08936880427268
2014-05-31T22:00:00.000000000,10.461622233635321,158.1859282507329
2014-05-31T23:00:00.000000000,10.392505662954179,158.77451050876823
2014-06-01T00:00:00.000000000,10.186092983696517,156.80152027866518
2014-06-01T01:00:00.000000000,11.506020459822288,164.49928802696672
2014-06-01T02:00:00.000000000,10.983633242617733,169.5086113284549
2014-06-01T03:00:00.000000000,12.63434686185132,171.63749682599087
2014-06-01T04:00:00.000000000,13.538093726814624,180.5290947054638
2014-06-01T05:00:00.000000000,13.050747435235241,182.5801912397322
2014-06-01T06:00:00.000000000,12.502570645773908,184.587689226572
2014-06-01T07:00:00.000000000,12.988741700149188,183.64176097950232
2014-06-01T08:00:00.000000000,12.763710000364439,179.2144882542027
2014-06-01T09:00:00.000000000,13.178426704758218,178.6956571108375
2014-06-01T10:00:00.000000000,13.653081429323956,176.3255673348565
2014-06-01T11:00:00.000000000,14.699175771746157,175.95262586139177
2014-06-01T12:00:00.000000000,15.346789628124602,176.17044288104694
2014-06-01T13:00:00.000000000,14.981929436527464,177.08270843865296
2014-06-01T14:00:00.000000000,14.201255742300276,179.24352879595926
2014-06-01T15:00:00.000000000,13.813598118380789,182.54136774172133
2014-06-01T16:00:00.000000000,13.597652533714978,182.21274272800517
2014-06-01T17:00:00.000000000,13.078483368705381,183.7813068851319
2014-06-01T18:00:00.000000000,12.634423785953652,182.2113304478959
2014-06-01T19:00:00.000000000,12.700024147856118,179.94362691678634
2014-06-01T20:00:00.000000000,12.646980130676464,174.44158209368334
2014-06-01T21:00:00.000000000,12.974424287194196,173.86100326292376
2014-06-01T22:00:00.000000000,13.55039066452023,175.71482194180055
2014-06-01T23:00:00.000000000,13.47942471702963,177.1296504256859
2014-06-02T00:00:00.000000000,13.082753252372358,175.94560264182724
2014-06-02T01:00:00.000000000,12.263026585450753,180.52565518140807
2014-06-02T02:00:00.000000000,12.102855931399793,178.75723021536646
2014-06-02T03:00:00.000000000,11.425017061123503,175.35611235069996
2014-06-02T04:00:00.000000000,11.771303685236367,174.27126572303132
2014-06-02T05:00:00.000000000,11.688212165885675,174.66134548789125
2014-06-02T06:00:00.000000000,11.747165505391054,173.6463637565572
2014-06-02T07:00:00.000000000,10.799683508758397,177.28002572664275
2014-06-02T08:00:00.000000000,10.290864863498017,178.5383623358988
2014-06-02T09:00:00.000000000,9.757712092202057,177.72408776576538
2014-06-02T10:00:00.000000000,9.376023212105771,179.15975098947206
2014-06-02T11:00:00.000000000,9.376423251912065,180.993034979341
2014-06-02T12:00:00.000000000,7.564093145109255,165.9408281572579
2014-06-02T13:00:00.000000000,7.139968168934273,162.5802050395714
2014-06-02T14:00:00.000000000,7.074896047203779,168.6901151750601
2014-06-02T15:00:00.000000000,6.635723161449513,170.12961032132
2014-06-02T16:00:00.000000000,6.560725241894907,166.33445191803696
2014-06-02T17:00:00.000000000,6.8344840195243535,173.2779456465048
2014-06-02T18:00:00.000000000,6.066018368803257,174.44214806354955
2014-06-02T19:00:00.000000000,4.905927200833395,173.56311421632927
2014-06-02T20:00:00.000000000,3.2621175542427587,165.8040678950956
2014-06-02T21:00:00.000000000,2.240675824420839,144.53674275096557
2014-06-02T22:00:00.000000000,1.6828611609781525,95.54126547458213
2014-06-02T23:00:00.000000000,1.452259050499769,48.48932999972038
2014-06-03T00:00:00.000000000,1.7400590793787691,24.171419372124262
2014-06-03T01:00:00.000000000,3.0725070544245265,36.73003272284927
2014-06-03T02:00:00.000000000,3.814219463016874,13.262028472251473
2014-06-03T03:00:00.000000000,4.908998585448638,343.7339545984189
2014-06-03T04:00:00.000000000,4.218513605597933,340.43756021214966
2014-06-03T05:00:00.000000000,4.361373677033249,330.2754795714968
2014-06-03T06:00:00.000000000,7.561638671048155,345.25165276662915
2014-06-03T07:00:00.000000000,7.4130375015913685,5.806726905531605
2014-06-03T08:00:00.000000000,8.0,0.0
2014-06-03T09:00:00.000000000,8.500919067959652,359.1574757392596
2014-06-03T10:00:00.000000000,9.055385138137417,353.6598082540901
2014-06-03T11:00:00.000000000,10.826026399441698,355.1649305338601
2014-06-03T12:00:00.000000000,9.867316516594661,348.3057306967821
2014-06-03T13:00:00.000000000,9.49506450741647,339.17910714668915
2014-06-03T14:00:00.000000000,11.381654613399663,333.23796358061554
2014-06-03T15:00:00.000000000,11.848665373834974,327.4500082161103
2014-06-03T16:00:00.000000000,12.115495726165268,325.2113809910581
2014-06-03T17:00:00.000000000,13.247320292838808,329.8058290615068
2014-06-03T18:00:00.000000000,14.222981603842323,341.0236436224876
2014-06-03T19:00:00.000000000,10.257756496926534,37.27484567441104
2014-06-03T20:00:00.000000000,8.387203168418647,34.49532349859817
2014-06-03T21:00:00.000000000,9.88060834984905,30.652985008841995
2014-06-03T22:00:00.000000000,9.34160719576669,24.507405230129734
2014-06-03T23:00:00.000000000,9.615254806816093,26.23193993315664
2014-06-04T00:00:00.000000000,9.208938985493486,19.836924018797163
2014-06-04T01:00:00.000000000,9.256156511402928,12.478450555832865
2014-06-04T02:00:00.000000000,9.841788937415382,16.98502118164339
2014-06-04T03:00:00.000000000,9.799148387161855,18.59673279092317
2014-06-04T04:00:00.000000000,9.816830757067006,19.565496272138944
2014-06-04T05:00:00.000000000,9.045623588979192,23.624840311677474
2014-06-04T06:00:00.000000000,8.871734870555859,28.623340615642633
2014-06-04T07:00:00.000000000,8.475231788181771,27.207518458410163
2014-06-04T08:00:00.000000000,7.4541207219820205,25.10397068347993
2014-06-04T09:00:00.000000000,7.081004519134273,20.674424760873876
2014-06-04T10:00:00.000000000,6.490596051287473,18.295381925082552
2014-06-04T11:00:00.000000000,7.7479836086558675,17.850318302216806
2014-06-04T12:00:00.000000000,8.585052416846388,16.059987307160668
2014-06-04T13:00:00.000000000,7.784892692800703,10.173187063856687
2014-06-04T14:00:00.000000000,8.31038506929733,15.708637829015743
2014-06-04T15:00:00.000000000,7.981513256482557,19.20111360127288
2014-06-04T16:00:00.000000000,7.831227553838542,28.61045966596521
2014-06-04T17:00:00.000000000,7.325042661991806,36.67434966957319
2014-06-04T18:00:00.000000000,7.267220926874317,40.815083874881566
2014-06-04T19:00:00.000000000,6.653241691085632,25.602187551441773
2014-06-04T20:00:00.000000000,7.276440912369078,30.221016809693424
2014-06-04T21:00:00.000000000,6.691879407162086,32.79953127261922
2014-06-04T22:00:00.000000000,6.496393230093141,30.018367427609064
2014-06-04T23:00:00.000000000,6.987712429686843,26.565051177077976
2014-06-05T00:00:00.000000000,6.264982043070834,28.61045966596521
2014-06-05T01:00:00.000000000,6.653241691085632,25.602187551441773
2014-06-05T02:00:00.000000000,7.501041594338749,23.57470620191259
2014-06-05T03:00:00.000000000,7.47600327715284,20.55604521958344
2014-06-05T04:00:00.000000000,7.1417470455965315,23.738474759652263
2014-06-05T05:00:00.000000000,7.010037446404977,21.991129917177147
2014-06-05T06:00:00.000000000,7.081004519134273,20.674424760873876
2014-06-05T07:00:00.000000000,6.167823500889254,33.17476605293331
2014-06-05T08:00:00.000000000,6.206095793653205,34.33021719550334
2014-06-05T09:00:00.000000000,5.87632963677158,38.08877288097534
2014-06-05T10:00:00.000000000,5.581345703595753,35.61225323959707
2014-06-05T11:00:00.000000000,5.027255127106319,31.476830422721775
2014-06-05T12:00:00.000000000,4.697073557013984,25.201123645475093
2014-06-05T13:00:00.000000000,3.599045012221992,20.32313682966293
2014-06-05T14:00:00.000000000,3.1349840509961133,4.573921259900885
2014-06-05T15:00:00.000000000,3.5355339059327378,351.86989764584405
2014-06-05T16:00:00.000000000,4.21678194835825,348.02386755579664
2014-06-05T17:00:00.000000000,3.8588372601082828,335.0952311919048
2014-06-05T18:00:00.000000000,5.162637162865846,342.0915116522162
2014-06-05T19:00:00.000000000,4.006009591810284,308.1574073384515
2014-06-05T20:00:00.000000000,5.126798486873996,315.59271752562637
2014-06-05T21:00:00.000000000,5.602581435195901,317.9842924116029
2014-06-05T22:00:00.000000000,5.762215285808055,319.3987053549955
2014-06-05T23:00:00.000000000,5.948858608002191,314.40408759618754
2014-06-06T00:00:00.000000000,6.866314910578094,317.6561640666023
2014-06-06T01:00:00.000000000,6.329494450586082,9.090276920822305
2014-06-06T02:00:00.000000000,6.269693122440562,21.39839065176102
2014-06-06T03:00:00.000000000,5.28707149563915,6.788974574438782
2014-06-06T04:00:00.000000000,6.1300999176196145,357.66269414087617
2014-06-06T05:00:00.000000000,6.915788096811527,353.7741709355742
2014-06-06T06:00:00.000000000,7.509369147937795,2.8624052261117754
2014-06-06T07:00:00.000000000,8.223442101699263,19.53665493812838
2014-06-06T08:00:00.000000000,6.653241691085632,25.602187551441773
2014-06-06T09:00:00.000000000,7.4927047853228546,27.84757825978818
2014-06-06T10:00:00.000000000,5.664431876878012,25.207866969510746
2014-06-06T11:00:00.000000000,8.877640452282352,32.34744349944202
2014-06-06T12:00:00.000000000,9.218682089999826,25.97439826059167
2014-06-06T13:00:00.000000000,7.263661988809209,11.21325875302955
2014-06-06T14:00:00.000000000,9.086093257824775,13.768602147155605
2014-06-06T15:00:00.000000000,9.81231689734035,12.956328389623366
2014-06-06T16:00:00.000000000,10.76140855692635,12.954712694946352
2014-06-06T17:00:00.000000000,11.232613374750935,13.711499159268783
2014-06-06T18:00:00.000000000,11.918997441060217,9.659893078442337
2014-06-06T19:00:00.000000000,12.854960132182441,13.495733280795832
2014-06-06T20:00:00.000000000,12.786579291464298,16.060807447111756
2014-06-06T21:00:00.000000000,12.961540315919688,25.2305402755494
2014-06-06T22:00:00.000000000,12.301549699123278,42.11703654746043
2014-06-06T23:00:00.000000000,11.405179744309162,62.59242456218158
2014-06-07T00:00:00.000000000,12.884033456723746,72.49675267689952
2014-06-07T01:00:00.000000000,12.488427307468175,70.71266251502709
2014-06-07T02:00:00.000000000,12.235822815687696,68.86162700625653
2014-06-07T03:00:00.000000000,11.666118205676291,69.2930659145917
2014-06-07T04:00:00.000000000,11.16788278286169,68.8059391253704
2014-06-07T05:00:00.000000000,12.035424368872158,68.04388942983155
2014-06-07T06:00:00.000000000,11.579138109713815,72.40613964263616
2014-06-07T07:00:00.000000000,10.626457610679044,75.48970231433378
2014-06-07T08:00:00.000000000,10.382295590991513,78.1895048978169
2014-06-07T09:00:00.000000000,10.188912423007022,80.11010673395856
2014-06-07T10:00:00.000000000,10.25,77.31961650818016
2014-06-07T11:00:00.000000000,9.813169059367711,78.76162494821432
2014-06-07T12:00:00.000000000,10.35743388773116,78.86636327817143
2014-06-07T13:00:00.000000000,9.566944907526478,85.50368764215494
2014-06-07T14:00:00.000000000,9.507398434903209,87.73949808885874
2014-06-07T15:00:00.000000000,9.18642160888469,94.13561689434061
2014-06-07T16:00:00.000000000,7.385141576174997,128.40231855146828
2014-06-07T17:00:00.000000000,7.0826473060549,129.05460914409127
2014-06-07T18:00:00.000000000,7.572863988413613,122.66702778318313
2014-06-07T19:00:00.000000000,6.637229776063844,121.44489352522857
2014-06-07T20:00:00.000000000,6.9504728238734605,115.22852930757108
2014-06-07T21:00:00.000000000,7.158234225365464,126.04942457043131
2014-06-07T22:00:00.000000000,6.9532919532414095,126.00464499694692
2014-06-07T23:00:00.000000000,7.001440850868611,122.38488514113465
2014-06-08T00:00:00.000000000,6.308093748361843,125.07572367550284
2014-06-08T01:00:00.000000000,4.660488452121381,105.07988499155795
2014-06-08T02:00:00.000000000,4.317479009792636,112.1094483437517
2014-06-08T03:00:00.000000000,3.4842958542879954,114.81817655742731
2014-06-08T04:00:00.000000000,3.094854600784987,133.36342295838324
2014-06-08T05:00:00.000000000,2.6826412777472695,126.28249824990542
2014-06-08T06:00:00.000000000,2.6368778887161235,95.44033203100548
2014-06-08T07:00:00.000000000,3.920480581251713,93.65610031942015
2014-06-08T08:00:00.000000000,4.155192534648665,105.70863782901574
2014-06-08T09:00:00.000000000,4.229731078922158,108.97040780848658
2014-06-08T10:00:00.000000000,4.056245184896988,123.69006752597977
2014-06-08T11:00:00.000000000,3.893102875599359,137.60256220249983
2014-06-08T12:00:00.000000000,3.9915718065784227,153.99664471528683
2014-06-08T13:00:00.000000000,3.891055380611217,136.82240146574776
2014-06-08T14:00:00.000000000,3.5772274668741,158.90496091134207
2014-06-08T15:00:00.000000000,3.7160532624786855,177.4936796001423
2014-06-08T16:00:00.000000000,3.384246592670221,184.23639479905881
2014-06-08T17:00:00.000000000,2.6201728902390182,189.0579256857491
2014-06-08T18:00:00.000000000,2.71960621236366,209.15697307900587
2014-06-08T19:00:00.000000000,4.527848701404096,214.08491774385712
2014-06-08T20:00:00.000000000,4.702694145465292,216.35209093502797
2014-06-08T21:00:00.000000000,5.297538649021993,216.6535991664603
2014-06-08T22:00:00.000000000,5.625,216.86989764584402
2014-06-08T23:00:00.000000000,6.749282163674407,219.43874886746363
2014-06-09T00:00:00.000000000,6.013006735402847,226.68468431789628
2014-06-09T01:00:00.000000000,4.661091335423362,227.06483748280806
2014-06-09T02:00:00.000000000,5.238350370115433,230.42202341484864
2014-06-09T03:00:00.000000000,5.890260689315183,236.51227910526728
2014-06-09T04:00:00.000000000,6.700046641628698,233.3438915840331
2014-06-09T05:00:00.000000000,5.238350370115433,230.42202341484864
2014-06-09T06:00:00.000000000,5.199833885535069,228.80115361195408
2014-06-09T07:00:00.000000000,5.91429976320264,223.88686226608573
2014-06-09T08:00:00.000000000,6.320812009770403,220.58905335963212
2014-06-09T09:00:00.000000000,7.545993199161177,217.8000724681336
2014-06-09T10:00:00.000000000,7.400380057807842,217.45057823173673
2014-06-09T11:00:00.000000000,8.690871647884348,220.333141628561
2014-06-09T12:00:00.000000000,9.616789224406018,222.52417775418053
2014-06-09T13:00:00.000000000,9.58570813702732,221.98721916031977
2014-06-09T14:00:00.000000000,10.49440963020749,223.6969565202764
2014-06-09T15:00:00.000000000,11.23401642334566,222.74542503406497
2014-06-09T16:00:00.000000000,10.612492638395562,226.90915243299636
2014-06-09T17:00:00.000000000,9.900196304201584,229.2496271118847
2014-06-09T18:00:00.000000000,9.070039966835868,240.25511870305778
2014-06-09T19:00:00.000000000,7.59317127424372,237.0947570770121
2014-06-09T20:00:00.000000000,8.110459372828506,235.2322484826155
2014-06-09T21:00:00.000000000,9.045105243357137,236.4417024146327
2014-06-09T22:00:00.000000000,9.969484690795207,239.8986954344003
2014-06-09T23:00:00.000000000,11.615380395782216,241.03523286864348
2014-06-10T00:00:00.000000000,11.573260543247464,241.4142316925916
2014-06-10T01:00:00.000000000,10.692991078381066,245.112595054195
2014-06-10T02:00:00.000000000,10.886123551967055,245.58327255198867
2014-06-10T03:00:00.000000000,10.545801764856327,244.7410454897979
2014-06-10T04:00:00.000000000,10.60770046304178,241.10934517184614
2014-06-10T05:00:00.000000000,10.35863988359774,243.2494187609854
2014-06-10T06:00:00.000000000,9.786702297655056,248.81011272680996
2014-06-10T07:00:00.000000000,7.997548904995315,252.44295994184156
2014-06-10T08:00:00.000000000,7.835903536709836,249.45464842526505
2014-06-10T09:00:00.000000000,8.076478764698246,245.299176567686
2014-06-10T10:00:00.000000000,7.593468220229589,251.7738288350256
2014-06-10T11:00:00.000000000,7.486121984188258,246.6883611950025
2014-06-10T12:00:00.000000000,8.54152468749062,241.4096247745173
2014-06-10T13:00:00.000000000,8.779493656333873,238.2107884671418
2014-06-10T14:00:00.000000000,8.98416940927226,244.18362483585793
2014-06-10T15:00:00.000000000,9.1577224713073,247.5305295328406
2014-06-10T16:00:00.000000000,8.898111083903522,251.99774909561208
2014-06-10T17:00:00.000000000,8.538678518877406,254.11221786180914
2014-06-10T18:00:00.000000000,7.987773609544886,260.360804641252
2014-06-10T19:00:00.000000000,8.180282535594156,248.76763729605238
2014-06-10T20:00:00.000000000,8.758255344971895,248.7452822463888
2014-06-10T21:00:00.000000000,9.3150167304052,248.42705054233912
2014-06-10T22:00:00.000000000,10.32728606537088,259.75098888654844
2014-06-10T23:00:00.000000000,10.81411801707341,256.15651635440463
2014-06-11T00:00:00.000000000,11.093481739336328,256.51180936149603
2014-06-11T01:00:00.000000000,11.203920880710848,265.07180029211884
2014-06-11T02:00:00.000000000,11.166203331991522,271.47538448381613
2014-06-11T03:00:00.000000000,11.05058130717084,272.7879731320951
2014-06-11T04:00:00.000000000,10.826825948201844,276.829645484087
2014-06-11T05:00:00.000000000,9.993974978089886,278.84969097937073
2014-06-11T06:00:00.000000000,9.906318125914073,281.35248702875765
2014-06-11T07:00:00.000000000,10.121587720018212,280.1719490899201
2014-06-11T08:00:00.000000000,10.382295590991513,281.8104951021831
2014-06-11T09:00:00.000000000,10.376491644609874,293.1985796377101
2014-06-11T10:00:00.000000000,9.406989718527592,294.8283280385595
2014-06-11T11:00:00.000000000,8.882369142888786,287.95050502381827
2014-06-11T12:00:00.000000000,9.238351274263493,291.8446335047694
2014-06-11T13:00:00.000000000,9.817183966918918,291.0427783185578
2014-06-11T14:00:00.000000000,9.665695386351056,291.3886559460897
2014-06-11T15:00:00.000000000,8.856504877118049,286.31198741859896
2014-06-11T16:00:00.000000000,9.54126771518527,286.98684375535856
2014-06-11T17:00:00.000000000,10.140644191215703,285.9551053331975
2014-06-11T18:00:00.000000000,10.607404995468109,287.3459767247571
2014-06-11T19:00:00.000000000,10.175714470633094,286.6318376274669
2014-06-11T20:00:00.000000000,9.807986438429836,283.4872190952013
2014-06-11T21:00:00.000000000,10.680004681646913,286.31385242626055
2014-06-11T22:00:00.000000000,10.286892800442306,283.56344127145843
2014-06-11T23:00:00.000000000,10.156586532885939,283.523160650416
2014-06-12T00:00:00.000000000,9.55003272245703,284.400021306791
2014-06-12T01:00:00.000000000,8.669270442199851,275.7927964950321
2014-06-12T02:00:00.000000000,8.75803202780168,272.4540316745271
2014-06-12T03:00:00.000000000,8.75089281159357,269.1815445383114
2014-06-12T04:00:00.000000000,9.165911506151573,271.5629347339552
2014-06-12T05:00:00.000000000,8.864061842699348,277.5359196849463
2014-06-12T06:00:00.000000000,8.398288516120413,274.2678933002908
2014-06-12T07:00:00.000000000,6.930458137814556,262.74680538727466
2014-06-12T08:00:00.000000000,7.501041594338749,246.42529379808738
2014-06-12T09:00:00.000000000,8.961104716337251,251.5397864432769
2014-06-12T10:00:00.000000000,11.37492590586096,256.0095705394514
2014-06-12T11:00:00.000000000,11.111010900848843,253.66502576972857
2014-06-12T12:00:00.000000000,11.303132911445251,252.62707811660502
2014-06-12T13:00:00.000000000,9.01127765635928,246.2796044276954
2014-06-12T14:00:00.000000000,9.884717698903279,245.57404239144498
2014-06-12T15:00:00.000000000,10.17503071248436,232.98932676639689
2014-06-12T16:00:00.000000000,11.029854236962146,238.57967275147433
2014-06-12T17:00:00.000000000,10.636023693091325,240.42216131873866
2014-06-12T18:00:00.000000000,9.878234570862434,243.95374974621757
2014-06-12T19:00:00.000000000,9.31820521555513,249.01216824876028
2014-06-12T20:00:00.000000000,8.442685713914964,245.78774407204418
2014-06-12T21:00:00.000000000,8.509351817279533,234.3253589492562
2014-06-12T22:00:00.000000000,8.486183593051914,224.16451009678113
2014-06-12T23:00:00.000000000,9.176473838743114,215.18384427617065
2014-06-13T00:00:00.000000000,8.897762112636906,212.55145521644124
2014-06-13T01:00:00.000000000,7.224482019537942,200.88094890683865
2014-06-13T02:00:00.000000000,6.37546515751937,211.04083723294923
2014-06-13T03:00:00.000000000,5.584424376162397,239.01425685134166
2014-06-13T04:00:00.000000000,5.2216496435513555,258.95905981967627
2014-06-13T05:00:00.000000000,4.250900608987671,268.8205678524328
2014-06-13T06:00:00.000000000,3.5355339059327378,278.13010235415595
2014-06-13T07:00:00.000000000,2.414150989478496,248.74949449286675
2014-06-13T08:00:00.000000000,1.5461646096066226,255.96375653207352
2014-06-13T09:00:00.000000000,1.5,270.0
2014-06-13T10:00:00.000000000,1.625,292.61986494804046
2014-06-13T11:00:00.000000000,1.419616840905848,320.0005593034729
2014-06-13T12:00:00.000000000,1.5103807466993215,24.44395478041656
2014-06-13T13:00:00.000000000,1.4279013401988752,20.497361624790358
2014-06-13T14:00:00.000000000,2.0489695244919437,33.30230778429973
2014-06-13T15:00:00.000000000,2.050152433357091,52.43140797117252
2014-06-13T16:00:00.000000000,2.985617145188203,67.08486719748373
2014-06-13T17:00:00.000000000,4.214352691932265,88.30032664551982
2014-06-13T18:00:00.000000000,5.8854811814159875,97.32123586571902
2014-06-13T19:00:00.000000000,5.798706752371601,97.43140797117252
2014-06-13T20:00:00.000000000,7.7868222588104485,96.45191516136236
2014-06-13T21:00:00.000000000,10.217937658842903,97.73359809902286
2014-06-13T22:00:00.000000000,13.85068570743138,98.45917899914605
2014-06-13T23:00:00.000000000,14.093992514543208,96.62077608231499
2014-06-14T00:00:00.000000000,13.94296417552595,95.65948184016247
2014-06-14T01:00:00.000000000,13.445491809524857,95.86960044301475
2014-06-14T02:00:00.000000000,13.375584099395436,90.53545898556456
2014-06-14T03:00:00.000000000,13.134520356678427,87.81835859644855
2014-06-14T04:00:00.000000000,12.16507060147872,88.82245210282201
2014-06-14T05:00:00.000000000,11.318528784751955,85.75660181854732
2014-06-14T06:00:00.000000000,11.366467892498466,83.24231775473334
2014-06-14T07:00:00.000000000,10.266822998738789,86.71957117783819
2014-06-14T08:00:00.000000000,11.166558483363922,85.0552699454513
2014-06-14T09:00:00.000000000,11.787561154726772,90.18228378842218
2014-06-14T10:00:00.000000000,11.822768313788805,94.42658867581213
2014-06-14T11:00:00.000000000,11.175435007256253,92.75680126715093
2014-06-14T12:00:00.000000000,10.680803492190174,93.35464744181121
2014-06-14T13:00:00.000000000,9.375,90.0
2014-06-14T14:00:00.000000000,9.146379064963359,86.08175113593262
2014-06-14T15:00:00.000000000,8.5449180803563,84.12260739335687
2014-06-14T16:00:00.000000000,7.918530482355927,78.15792388467224
2014-06-14T17:00:00.000000000,7.915570099493782,74.42745640318975
2014-06-14T18:00:00.000000000,7.436492973059396,74.39856296176208
2014-06-14T19:00:00.000000000,6.490377492873585,74.35775354279127
2014-06-14T20:00:00.000000000,7.315437444199766,70.01689347810003
2014-06-14T21:00:00.000000000,6.778873431478124,67.21759426951832
2014-06-14T22:00:00.000000000,7.103036322587686,61.630953706721414
2014-06-14T23:00:00.000000000,7.325042661991806,53.32565033042681
2014-06-15T00:00:00.000000000,7.786205751198718,42.397437797500174
2014-06-15T01:00:00.000000000,9.009275906716743,38.634972059069696
2014-06-15T02:00:00.000000000,8.284484088542676,34.98493195367678
2014-06-15T03:00:00.000000000,9.303897032964198,30.699722550814386
2014-06-15T04:00:00.000000000,8.63286901113105,35.39301037511365
2014-06-15T05:00:00.000000000,8.980882473343028,34.7960262782683
2014-06-15T06:00:00.000000000,8.58659153788171,26.82615843081146
2014-06-15T07:00:00.000000000,7.160974182211648,21.50424973737171
2014-06-15T08:00:00.000000000,7.7308230480331135,14.036243467926454
2014-06-15T09:00:00.000000000,8.156669050537726,15.101098161385437
2014-06-15T10:00:00.000000000,8.825566554051926,15.610988533679631
2014-06-15T11:00:00.000000000,9.474877788848614,11.413700411939033
2014-06-15T12:00:00.000000000,9.26509896000047,8.534586500071669
2014-06-15T13:00:00.000000000,8.728088406824357,8.814777670315266
2014-06-15T14:00:00.000000000,9.125,0.0
2014-06-15T15:00:00.000000000,9.619066215784503,352.53328289273594
2014-06-15T16:00:00.000000000,10.2010200771137,343.6302724883543
2014-06-15T17:00:00.000000000,11.29476017238961,335.6190153333249
2014-06-15T18:00:00.000000000,12.476227394529165,335.7460802756834
2014-06-15T19:00:00.000000000,10.415501457590834,332.6353743644453
2014-06-15T20:00:00.000000000,12.482487732819928,327.2647737278924
2014-06-15T21:00:00.000000000,13.506186262744446,333.03180097321444
2014-06-15T22:00:00.000000000,13.25410592808761,338.41934850835634
2014-06-15T23:00:00.000000000,14.335737758006871,338.3563007935891
2014-06-16T00:00:00.000000000,14.140017051025685,14.331070341234238
2014-06-16T01:00:00.000000000,11.935695062036263,9.038134867132896
2014-06-16T02:00:00.000000000,12.861213769082482,6.137255234814859
2014-06-16T03:00:00.000000000,12.37606833222679,13.4327074609252
2014-06-16T04:00:00.000000000,13.335509682385291,21.442378224235995
2014-06-16T05:00:00.000000000,15.408749859710937,27.5420589843107
2014-06-16T06:00:00.000000000,15.726661362241149,32.33846808105943
2014-06-16T07:00:00.000000000,16.542018757293317,42.02905255951714
2014-06-16T08:00:00.000000000,16.508418533518093,47.45490703972422
2014-06-16T09:00:00.000000000,17.115136129400014,50.9284684187528
2014-06-16T10:00:00.000000000,16.881287972274173,51.916641049641896
2014-06-16T11:00:00.000000000,16.315393582104043,48.19877324564328
2014-06-16T12:00:00.000000000,15.088377198279597,47.014261385457985
2014-06-16T13:00:00.000000000,14.011096048801885,48.00139324419109
2014-06-16T14:00:00.000000000,13.035583425327069,47.83718887889211
2014-06-16T15:00:00.000000000,12.152533351123893,49.83978758389145
2014-06-16T16:00:00.000000000,12.720242248627454,55.935153185346735
2014-06-16T17:00:00.000000000,12.848693605318276,56.78918422780106
2014-06-16T18:00:00.000000000,12.55487952948972,54.72757855140162
2014-06-16T19:00:00.000000000,12.177078877957554,54.18883607735876
2014-06-16T20:00:00.000000000,10.852550764766253,52.95851754913332
2014-06-16T21:00:00.000000000,10.449051415715772,52.14304440847661
2014-06-16T22:00:00.000000000,9.67219870238209,47.77612637621246
2014-06-16T23:00:00.000000000,9.519627257060897,40.04638338234588
2014-06-17T00:00:00.000000000,9.4505290857179,37.47617956136139
2014-06-17T01:00:00.000000000,9.705098182835751,32.74852339571055
2014-06-17T02:00:00.000000000,10.579528976451968,31.323660272885547
2014-06-17T03:00:00.000000000,9.76160500320218,27.450993712097443
2014-06-17T04:00:00.000000000,10.904414243782194,25.096250462692183
2014-06-17T05:00:00.000000000,11.507804432808493,23.697083355963514
2014-06-17T06:00:00.000000000,10.880380007748661,23.207240974704632
2014-06-17T07:00:00.000000000,10.608074754638563,21.42529379808741
2014-06-17T08:00:00.000000000,10.07796368824519,22.844000302494976
2014-06-17T09:00:00.000000000,9.963997691689817,19.798876354524907
2014-06-17T10:00:00.000000000,9.479998173899487,17.574883137463473
2014-06-17T11:00:00.000000000,8.776744840770979,26.20011484134733
2014-06-17T12:00:00.000000000,8.519727606361116,27.053787437605422
2014-06-17T13:00:00.000000000,7.054475529761231,29.744881296942197
2014-06-17T14:00:00.000000000,6.847672962401169,21.412969474871772
2014-06-17T15:00:00.000000000,7.300351702942244,13.869689260665211
2014-06-17T16:00:00.000000000,7.945124291035352,12.724355685422381
2014-06-17T17:00:00.000000000,7.882932512713781,14.69731927951193
2014-06-17T18:00:00.000000000,7.551903733496608,12.425942865427487
2014-06-17T19:00:00.000000000,6.893157839481119,4.159642293712636
2014-06-17T20:00:00.000000000,7.027846398435298,5.102165252358191
2014-06-17T21:00:00.000000000,7.8769626982205825,5.7377466174374945
2014-06-17T22:00:00.000000000,8.163219389497508,15.270549010316074
2014-06-17T23:00:00.000000000,8.018424719772066,27.883345633294027
2014-06-18T00:00:00.000000000,6.993300365349683,28.855661219716524
2014-06-18T01:00:00.000000000,6.30599912781472,13.760785111791222
2014-06-18T02:00:00.000000000,5.963808628870206,358.79900624280606
2014-06-18T03:00:00.000000000,4.958229999132097,347.3301988452419
2014-06-18T04:00:00.000000000,2.666049371315639,357.0437875893077
2014-06-18T05:00:00.000000000,1.1108187129355407,50.93744221978761
2014-06-18T06:00:00.000000000,2.39589591284628,107.30048227431809
2014-06-18T07:00:00.000000000,2.368086622337227,93.93481079315643
2014-06-18T08:00:00.000000000,2.1574374238206206,50.4069747601838
2014-06-18T09:00:00.000000000,3.090027829507646,357.6815978338035
2014-06-18T10:00:00.000000000,3.1978766960073313,341.77752750567055
2014-06-18T11:00:00.000000000,4.808846015417836,332.10272896905235
2014-06-18T12:00:00.000000000,5.344230123514216,333.61475385102625
2014-06-18T13:00:00.000000000,3.524425765367108,329.52414328844117
2014-06-18T14:00:00.000000000,3.1775109520721596,307.00514058955304
2014-06-18T15:00:00.000000000,3.8017265814363874,279.4623222080256
2014-06-18T16:00:00.000000000,4.889401803901986,274.3987053549955
2014-06-18T17:00:00.000000000,6.175417687298306,277.3264204641614
2014-06-18T18:00:00.000000000,7.047485534809332,273.05017572443575
2014-06-18T19:00:00.000000000,6.4055639876594785,275.59933933652053
2014-06-18T20:00:00.000000000,6.704582480535367,276.422766012734
2014-06-18T21:00:00.000000000,7.422400470023276,276.47870426543034
2014-06-18T22:00:00.000000000,8.857376869028437,278.93059010041895
2014-06-18T23:00:00.000000000,8.560347940564496,265.8130494507643
2014-06-19T00:00:00.000000000,10.003124511871277,268.56790381583534
2014-06-19T01:00:00.000000000,10.561562004560857,273.86819537014935
2014-06-19T02:00:00.000000000,10.007028779812718,272.1475854282985
2014-06-19T03:00:00.000000000,10.286590123248171,282.63453146519225
2014-06-19T04:00:00.000000000,8.14900300650331,290.6589100633075
2014-06-19T05:00:00.000000000,9.180389799105853,291.56961654492113
2014-06-19T06:00:00.000000000,8.890384257080331,283.00065274328955
2014-06-19T07:00:00.000000000,9.219544457292887,282.5288077091515
2014-06-19T08:00:00.000000000,9.64122009913683,283.49573328079583
2014-06-19T09:00:00.000000000,10.253048327204938,271.39718102729637
2014-06-19T10:00:00.000000000,11.634601018680737,277.4075216148281
2014-06-19T11:00:00.000000000,11.035454227171622,279.7824070318073
2014-06-19T12:00:00.000000000,10.601726409015589,288.7767591078043
2014-06-19T13:00:00.000000000,11.27497228377968,273.81407483429035
2014-06-19T14:00:00.000000000,12.510428269602597,294.1833676490548
2014-06-19T15:00:00.000000000,11.143026821206245,297.5998918171649
2014-06-19T16:00:00.000000000,11.602568279906345,293.2229168573616
2014-06-19T17:00:00.000000000,11.02978920922789,293.3691131634821
2014-06-19T18:00:00.000000000,11.51697117301246,295.7307056015312
2014-06-19T19:00:00.000000000,11.40406921779649,293.4459899924686
2014-06-19T20:00:00.000000000,11.37635896164645,291.46239495717634
2014-06-19T21:00:00.000000000,10.96712325426333,289.5088707338756
2014-06-19T22:00:00.000000000,10.883395201539672,287.5817223130235
2014-06-19T23:00:00.000000000,10.645341286821047,287.9881733671412
2014-06-20T00:00:00.000000000,10.448004186824955,289.0636024283876
2014-06-20T01:00:00.000000000,9.99576640890275,277.4005248501931
2014-06-20T02:00:00.000000000,10.035476401881315,280.26017236770167
2014-06-20T03:00:00.000000000,9.08670109008088,282.39204153460366
2014-06-20T04:00:00.000000000,8.170918628752936,281.73969603576694
2014-06-20T05:00:00.000000000,7.856217926754372,279.43235875252566
2014-06-20T06:00:00.000000000,8.282598044301487,283.9733246849802
2014-06-20T07:00:00.000000000,9.162330925510812,283.41060079764725
2014-06-20T08:00:00.000000000,10.051430246487312,280.75096699318806
2014-06-20T09:00:00.000000000,10.087191698570361,275.689397800751
2014-06-20T10:00:00.000000000,8.88405374042091,279.9659596677716
2014-06-20T11:00:00.000000000,8.468775707723742,283.0516752286431
2014-06-20T12:00:00.000000000,7.685508294040268,286.34222092311734
2014-06-20T13:00:00.000000000,7.498010535317469,284.77760619909736
2014-06-20T14:00:00.000000000,7.675040716504376,286.0735741647464
2014-06-20T15:00:00.000000000,7.84666384437308,284.76679427356447
2014-06-20T16:00:00.000000000,7.224621901021309,284.3247751550352
2014-06-20T17:00:00.000000000,6.10455772353739,280.61965527615513
2014-06-20T18:00:00.000000000,6.051459213495267,277.4773443885949
2014-06-20T19:00:00.000000000,5.340002340823457,253.68614757373945
2014-06-20T20:00:00.000000000,4.814836561327574,249.1654162374387
2014-06-20T21:00:00.000000000,4.630216057300323,246.61863309429066
2014-06-20T22:00:00.000000000,3.7520827549509086,240.01836063115064
2014-06-20T23:00:00.000000000,4.7860474297691615,220.76360520094116
2014-06-21T00:00:00.000000000,5.632341341485948,223.47128662540246
2014-06-21T01:00:00.000000000,5.510346483025071,227.11430390285452
2014-06-21T02:00:00.000000000,5.736642602623812,238.90779837663348
2014-06-21T03:00:00.000000000,6.477713455542529,240.2688439101867
2014-06-21T04:00:00.000000000,6.30016053265008,243.23160505296045
2014-06-21T05:00:00.000000000,6.020653877460216,243.2221648503422
2014-06-21T06:00:00.000000000,6.170216353605318,241.30618629784576
2014-06-21T07:00:00.000000000,5.965381252459204,244.29406561863217
2014-06-21T08:00:00.000000000,6.526495766269349,241.76614671452404
2014-06-21T09:00:00.000000000,6.933839124179332,242.04903097210982
2014-06-21T10:00:00.000000000,7.323976037645126,242.56027205180067
2014-06-21T11:00:00.000000000,7.921775108022616,244.08188413863272
2014-06-21T12:00:00.000000000,8.173891362135908,246.57130719125462
2014-06-21T13:00:00.000000000,7.683179680314654,248.02549200852803
2014-06-21T14:00:00.000000000,9.056247843339978,249.81419699053515
2014-06-21T15:00:00.000000000,10.17801647483569,247.08784757710953
2014-06-21T16:00:00.000000000,10.741776877550182,250.48970294437527
2014-06-21T17:00:00.000000000,10.831089511217234,251.1468412355809
2014-06-21T18:00:00.000000000,10.751665550682686,253.10296720866285
2014-06-21T19:00:00.000000000,9.882117688026186,251.56505117707798
2014-06-21T20:00:00.000000000,9.819852486741677,254.4954068929843
2014-06-21T21:00:00.000000000,9.82344135219425,255.25643716352926
2014-06-21T22:00:00.000000000,10.907488808783478,250.58910555652548
2014-06-21T23:00:00.000000000,11.298846832258672,261.0899856737068
2014-06-22T00:00:00.000000000,11.651642957651799,266.1245864449868
2014-06-22T01:00:00.000000000,11.543396380615196,265.0302592718897
2014-06-22T02:00:00.000000000,12.41219158730641,260.7273982227997
2014-06-22T03:00:00.000000000,13.324374107779578,258.0891967866892
2014-06-22T04:00:00.000000000,13.397814961368955,259.24571028146806
2014-06-22T05:00:00.000000000,13.599915311836021,260.4770758899456
2014-06-22T06:00:00.000000000,13.43328422240816,264.6607631962624
2014-06-22T07:00:00.000000000,13.831576193623054,263.7741709355742
2014-06-22T08:00:00.000000000,13.81399460200151,258.51721600560734
2014-06-22T09:00:00.000000000,15.492924641705553,253.11479188744136
2014-06-22T10:00:00.000000000,18.08911108288246,256.81842725729575
2014-06-22T11:00:00.000000000,18.322605786203013,257.67045845892557
2014-06-22T12:00:00.000000000,19.943692180971613,256.5908708051009
2014-06-22T13:00:00.000000000,19.94722003346741,249.83898480990376
2014-06-22T14:00:00.000000000,20.401575332615256,253.88583527115804
2014-06-22T15:00:00.000000000,20.33741966688362,251.62073883871454
2014-06-22T16:00:00.000000000,21.457457087337875,254.10962891142833
2014-06-22T17:00:00.000000000,22.25650469565388,256.4554633202386
2014-06-22T18:00:00.000000000,23.60533448564075,261.56525665672575
2014-06-22T19:00:00.000000000,23.67439736065298,259.1350501896447
2014-06-22T20:00:00.000000000,24.978513835943968,263.3906692871741
2014-06-22T21:00:00.000000000,25.68750750030001,270.0
2014-06-22T22:00:00.000000000,24.57577494655485,272.62373354937915
2014-06-22T23:00:00.000000000,23.45779071916418,279.29166636227626
2014-06-23T00:00:00.000000000,19.755739663007,291.6465738288807
2014-06-23T01:00:00.000000000,17.77400865316681,295.53784064700244
2014-06-23T02:00:00.000000000,19.455150769864613,298.09630875840685
2014-06-23T03:00:00.000000000,21.156923254659894,308.0412479312711
2014-06-23T04:00:00.000000000,17.29647957542913,321.04272822277767
2014-06-23T05:00:00.000000000,11.448935540040393,10.696510735778133
2014-06-23T06:00:00.000000000,13.439680055715613,18.434948822922024
2014-06-23T07:00:00.000000000,13.712729318558972,18.0550726746701
2014-06-23T08:00:00.000000000,14.54151667479349,19.58755924862004
2014-06-23T09:00:00.000000000,15.346704547023348,10.797393943114571
2014-06-23T10:00:00.000000000,13.237827586246057,4.332313002281353
2014-06-23T11:00:00.000000000,14.764169912444693,5.343749615027718
2014-06-23T12:00:00.000000000,14.958361865645486,1.9155324251909747
2014-06-23T13:00:00.000000000,14.444664209119464,351.5403339711237
2014-06-23T14:00:00.000000000,13.106708954349937,347.32894733605116
2014-06-23T15:00:00.000000000,13.08308325143377,336.9379843529262
2014-06-23T16:00:00.000000000,14.20381350602636,329.8923763163699
2014-06-23T17:00:00.000000000,14.800175441999897,326.12203736543813
2014-06-23T18:00:00.000000000,14.650085323983612,323.3256503304268
2014-06-23T19:00:00.000000000,12.321277383506416,306.044471776986
2014-06-23T20:00:00.000000000,12.666078408013341,286.807570440959
2014-06-23T21:00:00.000000000,10.76536708385492,273.06175625709824
2014-06-23T22:00:00.000000000,7.323433389696173,247.9443522427852
2014-06-23T23:00:00.000000000,4.348131782731522,198.434948822922
2014-06-24T00:00:00.000000000,7.138461773149151,112.65845779403367
2014-06-24T01:00:00.000000000,7.772145778354907,117.80145877993414
2014-06-24T02:00:00.000000000,8.500919067959652,70.23283132320836
2014-06-24T03:00:00.000000000,12.504556279147284,55.05489560440549
2014-06-24T04:00:00.000000000,13.846131995158562,43.536824647640174
2014-06-24T05:00:00.000000000,14.415152513150307,31.52613208542715
2014-06-24T06:00:00.000000000,14.722317051071771,20.5275801040533
2014-06-24T07:00:00.000000000,12.502807424294426,6.890547497217085
2014-06-24T08:00:00.000000000,14.752273561700983,6.324107326295405
2014-06-24T09:00:00.000000000,17.99008698434216,14.074863167072522
2014-06-24T10:00:00.000000000,17.97763840877975,15.031500179305965
2014-06-24T11:00:00.000000000,16.864854879733084,15.035366070118414
2014-06-24T12:00:00.000000000,16.14838084729896,9.805012765836523
2014-06-24T13:00:00.000000000,17.2898919958198,0.9527752845338
2014-06-24T14:00:00.000000000,18.572310874101188,17.630077415632854
2014-06-24T15:00:00.000000000,19.40754719440426,21.6575046793198
2014-06-24T16:00:00.000000000,19.995964091523675,31.63331522957907
2014-06-24T17:00:00.000000000,22.118496682010246,32.70215255293516
2014-06-24T18:00:00.000000000,21.969890952179174,30.00770646726596
2014-06-24T19:00:00.000000000,21.07524395496658,26.261097735251383
2014-06-24T20:00:00.000000000,20.708989689780573,27.539482069787766
2014-06-24T21:00:00.000000000,19.81412989437129,25.643614914750685
2014-06-24T22:00:00.000000000,19.348171593390493,27.012016624797866
2014-06-24T23:00:00.000000000,18.714679786389688,22.917188058392753
2014-06-25T00:00:00.000000000,18.078586139887545,20.352032155925315
2014-06-25T01:00:00.000000000,18.78418192608206,16.746720277779332
2014-06-25T02:00:00.000000000,18.4966299435611,11.697211324847558
2014-06-25T03:00:00.000000000,17.12082840261735,8.100526263289566
2014-06-25T04:00:00.000000000,17.86877813266165,4.011369225373301
2014-06-25T05:00:00.000000000,17.33627278148816,357.933948992501
2014-06-25T06:00:00.000000000,16.74453883702047,350.9806783732817
2014-06-25T07:00:00.000000000,15.985707801672252,344.44231457104974
2014-06-25T08:00:00.000000000,18.352948596993816,331.9688365303298
2014-06-25T09:00:00.000000000,17.631873844164513,328.2142093231904
2014-06-25T10:00:00.000000000,21.0172490700286,328.2005074525552
2014-06-25T11:00:00.000000000,23.219317015657353,330.2053869406555
2014-06-25T12:00:00.000000000,22.4603188648778,325.5670240789365
2014-06-25T13:00:00.000000000,23.68380834686745,347.81231572767643
2014-06-25T14:00:00.000000000,23.325467965392797,5.319524213843863
2014-06-25T15:00:00.000000000,22.791702123222723,6.392246170471481
2014-06-25T16:00:00.000000000,22.677927524597752,2.8434793617977334
2014-06-25T17:00:00.000000000,23.27534165831317,359.6922920843645
2014-06-25T18:00:00.000000000,25.4795153199702,6.563688412438182
2014-06-25T19:00:00.000000000,25.492512674129557,10.538541623503477
2014-06-25T20:00:00.000000000,24.638205624666973,14.875245292862417
2014-06-25T21:00:00.000000000,23.877278481637436,12.48651302766865
2014-06-25T22:00:00.000000000,23.203430633723436,12.538851776391425
2014-06-25T23:00:00.000000000,22.959457532221776,12.674297223506471
2014-06-26T00:00:00.000000000,22.683883296819907,10.89506786598264
2014-06-26T01:00:00.000000000,22.357307109165344,7.8084501154060035
2014-06-26T02:00:00.000000000,22.707841416540678,11.204780793417683
2014-06-26T03:00:00.000000000,22.04078158320163,8.906745621256334
2014-06-26T04:00:00.000000000,21.855686924078253,9.979506753682415
2014-06-26T05:00:00.000000000,19.333144939643237,8.664486602712145
2014-06-26T06:00:00.000000000,18.65577183190704,7.701190994701278
2014-06-26T07:00:00.000000000,15.719298440253214,7.769268528365785
2014-06-26T08:00:00.000000000,15.39823746256977,5.590261833797285
2014-06-26T09:00:00.000000000,15.075003000120004,0.0
2014-06-26T10:00:00.000000000,12.985504225445073,353.9217098117119
2014-06-26T11:00:00.000000000,12.057533142261049,347.8513061742338
2014-06-26T12:00:00.000000000,11.472918448538437,336.7030438120082
2014-06-26T13:00:00.000000000,11.518796860501396,316.0112608139116
2014-06-26T14:00:00.000000000,13.139268177004137,313.4580904994111
2014-06-26T15:00:00.000000000,13.461456147583618,300.27942073070733
2014-06-26T16:00:00.000000000,14.232644271235301,296.38502871770174
2014-06-26T17:00:00.000000000,15.071344026129609,294.9709735062393
2014-06-26T18:00:00.000000000,16.137169862000714,292.11459398943606
2014-06-26T19:00:00.000000000,16.583621014142203,289.18611002732257
2014-06-26T20:00:00.000000000,17.04854482361262,295.30621477459977
2014-06-26T21:00:00.000000000,17.161632526590925,295.1278265882659
2014-06-26T22:00:00.000000000,16.940605991308537,298.32366468211353
2014-06-26T23:00:00.000000000,16.463646983715446,296.0786928022666
2014-06-27T00:00:00.000000000,16.16022267306837,289.8505942120349
2014-06-27T01:00:00.000000000,16.674610067550432,283.7028975400632
2014-06-27T02:00:00.000000000,17.784663309506364,280.48855549793245
2014-06-27T03:00:00.000000000,18.53488232932961,278.8842484361528
2014-06-27T04:00:00.000000000,19.589248347687676,276.1908158297429
2014-06-27T05:00:00.000000000,20.08779476243142,274.96202933019583
2014-06-27T06:00:00.000000000,20.22705163685182,274.1108499134835
2014-06-27T07:00:00.000000000,21.185373290505282,271.79202550683243
2014-06-27T08:00:00.000000000,22.579956841398847,272.95110790171725
2014-06-27T09:00:00.000000000,22.235021327223635,279.57882241284676
2014-06-27T10:00:00.000000000,22.404713263557067,278.2114787172577
2014-06-27T11:00:00.000000000,21.504232880851674,275.97240648271406
2014-06-27T12:00:00.000000000,21.283374469143332,276.7118114227271
2014-06-27T13:00:00.000000000,21.878946505022522,280.5010205661492
2014-06-27T14:00:00.000000000,21.14912879606036,284.09374518567586
2014-06-27T15:00:00.000000000,21.18964575151716,291.0545031455273
2014-06-27T16:00:00.000000000,19.589052841342998,295.9600689852476
2014-06-27T17:00:00.000000000,18.191219977145373,294.04643438511755
2014-06-27T18:00:00.000000000,17.104393319176623,293.38002808292345
2014-06-27T19:00:00.000000000,16.251233528678895,290.721099081778
2014-06-27T20:00:00.000000000,15.158021803652348,291.2749699717067
2014-06-27T21:00:00.000000000,14.540218298928174,296.27870868934735
2014-06-27T22:00:00.000000000,14.432846005310724,304.02039143638245
2014-06-27T23:00:00.000000000,14.16867800338856,315.1072326891694
2014-06-28T00:00:00.000000000,13.212146328802024,317.79924319225984
2014-06-28T01:00:00.000000000,14.644694068632052,311.08930895670807
2014-06-28T02:00:00.000000000,15.427949547091266,306.43352715038924
2014-06-28T03:00:00.000000000,15.381900926171271,302.04980412894685
2014-06-28T04:00:00.000000000,13.971227276582283,302.4672573492024
2014-06-28T05:00:00.000000000,11.962501086250391,316.39718598226915
2014-06-28T06:00:00.000000000,8.643360435237952,334.28728542648895
2014-06-28T07:00:00.000000000,8.197266525396852,334.7244768091096
2014-06-28T08:00:00.000000000,8.186394550623724,355.6214251258371
2014-06-28T09:00:00.000000000,9.327120830597822,17.147889927536824
2014-06-28T10:00:00.000000000,9.92840913684422,26.145660070113706
2014-06-28T11:00:00.000000000,11.20337560737834,35.4633642415406
2014-06-28T12:00:00.000000000,11.782728100423595,45.5587609369818
2014-06-28T13:00:00.000000000,12.040415829697851,39.52377932017765
2014-06-28T14:00:00.000000000,12.920540511224312,39.897835584252334
2014-06-28T15:00:00.000000000,12.0738504101655,45.0
2014-06-28T16:00:00.000000000,11.809016157242253,44.57114746074086
2014-06-28T17:00:00.000000000,11.52443057161611,49.39870535499551
2014-06-28T18:00:00.000000000,11.839937155744476,55.7562843281641
2014-06-28T19:00:00.000000000,19.204966472360663,76.8320840714942
2014-06-28T20:00:00.000000000,19.56211806949306,76.70078286764863
2014-06-28T21:00:00.000000000,19.99303293536644,75.1470407360585
2014-06-28T22:00:00.000000000,20.337969546091195,69.00294197333454
2014-06-28T23:00:00.000000000,19.914648696482626,64.3356542296624
2014-06-29T00:00:00.000000000,19.98986406451715,64.71687797538954
2014-06-29T01:00:00.000000000,18.0394465887353,67.46869792022699
2014-06-29T02:00:00.000000000,18.20021368878382,64.66692599853008
2014-06-29T03:00:00.000000000,17.38236557125694,62.45830400946153
2014-06-29T04:00:00.000000000,16.84759682987514,59.058115738168965
2014-06-29T05:00:00.000000000,16.27698928634266,56.27332029746145
2014-06-29T06:00:00.000000000,15.966461070089032,55.52612892543169
2014-06-29T07:00:00.000000000,15.167906071784879,60.20240660780587
2014-06-29T08:00:00.000000000,13.976126960508548,59.76569560729274
2014-06-29T09:00:00.000000000,13.954492841996215,56.69426930321788
2014-06-29T10:00:00.000000000,13.460295794066592,51.52300976836193
2014-06-29T11:00:00.000000000,13.66941368447541,46.482095490512165
2014-06-29T12:00:00.000000000,13.255927530386128,46.79587204064575
2014-06-29T13:00:00.000000000,12.01658475248341,39.38585271443384
2014-06-29T14:00:00.000000000,12.521231968141153,31.944752776203416
2014-06-29T15:00:00.000000000,12.036262370519287,30.10652963668872
2014-06-29T16:00:00.000000000,13.359560873291217,28.07564307549319
2014-06-29T17:00:00.000000000,14.193629547346006,26.858412892269655
2014-06-29T18:00:00.000000000,14.115625240891701,27.01886953524064
2014-06-29T19:00:00.000000000,13.346731648275876,23.924350573960112
2014-06-29T20:00:00.000000000,14.167796132043327,15.348223211340155
2014-06-29T21:00:00.000000000,15.334083436974595,8.579269291535923
2014-06-29T22:00:00.000000000,16.1337106155786,9.498816056835608
2014-06-29T23:00:00.000000000,16.176074129017636,19.07901243144306
2014-06-30T00:00:00.000000000,14.650183432383658,42.57951825445372
2014-06-30T01:00:00.000000000,15.129743106793441,40.30863188877129
2014-06-30T02:00:00.000000000,15.1697602767011,46.00157229559869
2014-06-30T03:00:00.000000000,15.134173068020171,49.89147913140323
2014-06-30T04:00:00.000000000,15.41239979250301,51.354709675097524
2014-06-30T05:00:00.000000000,15.514400664467306,50.88598702960604
2014-06-30T06:00:00.000000000,14.199572976938905,46.426747889574244
2014-06-30T07:00:00.000000000,12.884209991388243,47.75248494724201
2014-06-30T08:00:00.000000000,13.139570426337833,48.973034256648816
2014-06-30T09:00:00.000000000,13.590543407175028,47.60932994597965
2014-06-30T10:00:00.000000000,12.262100736704278,47.478788679869126
2014-06-30T11:00:00.000000000,11.483610195116203,39.39033947259492
2014-06-30T12:00:00.000000000,12.504556279147284,34.94510439559451
2014-06-30T13:00:00.000000000,11.75265927354316,38.08877288097534
2014-06-30T14:00:00.000000000,11.15101685893855,38.30874161542857
2014-06-30T15:00:00.000000000,10.819542504191201,40.314100160497276
2014-06-30T16:00:00.000000000,11.108133281519446,39.06258390051846
2014-06-30T17:00:00.000000000,11.267411142911524,41.98721816561789
2014-06-30T18:00:00.000000000,11.07714426194766,40.881810296011224
2014-06-30T19:00:00.000000000,10.229400031282383,38.55046529615771
2014-06-30T20:00:00.000000000,10.428164087065065,36.224301804961556
2014-06-30T21:00:00.000000000,10.977249200050075,30.068582821862435
2014-06-30T22:00:00.000000000,11.070794912742265,25.407718108948472
2014-06-30T23:00:00.000000000,11.490485194281398,22.3801350519596
2014-07-01T00:00:00.000000000,12.097121970820314,22.66996441884396
2014-07-01T01:00:00.000000000,12.175795661885921,19.17900802581073
2014-07-01T02:00:00.000000000,11.75265927354316,23.838740183171694
2014-07-01T03:00:00.000000000,11.600303589259497,20.368174131819785
2014-07-01T04:00:00.000000000,13.721561500062593,23.061519532293516
2014-07-01T05:00:00.000000000,12.836714922440242,22.319440392975082
2014-07-01T06:00:00.000000000,12.85215406467214,26.14138720515274
2014-07-01T07:00:00.000000000,13.00354045496175,31.917807263703878
2014-07-01T08:00:00.000000000,12.46688822394473,33.67414006577144
2014-07-01T09:00:00.000000000,11.243951051061268,30.756199706242683
2014-07-01T10:00:00.000000000,10.800752288613975,23.89516141507039
2014-07-01T11:00:00.000000000,11.900296834064342,20.281329379766873
2014-07-01T12:00:00.000000000,11.219768609615981,15.243932313797814
2014-07-01T13:00:00.000000000,9.395521676009471,20.7255727396485
2014-07-01T14:00:00.000000000,9.566291535313034,16.70641258734861
2014-07-01T15:00:00.000000000,11.448935540040393,10.696510735778133
2014-07-01T16:00:00.000000000,11.86070996457998,13.406482252007777
2014-07-01T17:00:00.000000000,11.387007497092544,11.39627547195687
2014-07-01T18:00:00.000000000,12.374368670764582,8.130102354155952
2014-07-01T19:00:00.000000000,11.853594037840034,6.053280776782344
2014-07-01T20:00:00.000000000,13.77412237636728,7.299146722726505
2014-07-01T21:00:00.000000000,12.00284119293749,5.378101884725766
2014-07-01T22:00:00.000000000,12.951022524906628,359.2810687786163
2014-07-01T23:00:00.000000000,13.052473725852384,357.2554198164071
2014-07-02T00:00:00.000000000,13.409164961070735,353.577233987266
2014-07-02T01:00:00.000000000,12.385096891021886,2.3137224978242443
2014-07-02T02:00:00.000000000,12.8402230102552,357.21001591525396
2014-07-02T03:00:00.000000000,14.037501500060003,0.0
2014-07-02T04:00:00.000000000,15.067123637363474,352.85140170951604
2014-07-02T05:00:00.000000000,15.347824477874939,352.0414824508667
2014-07-02T06:00:00.000000000,15.527579236754425,350.7348320872872
2014-07-02T07:00:00.000000000,14.679687069331795,353.1533527192258
2014-07-02T08:00:00.000000000,14.314269946952127,356.4954495326848
2014-07-02T09:00:00.000000000,13.412501500060003,0.0
2014-07-02T10:00:00.000000000,12.537501500060003,0.0
2014-07-02T11:00:00.000000000,11.91840245120678,358.19695096800564
2014-07-02T12:00:00.000000000,11.20720481381695,354.88078582338545
2014-07-02T13:00:00.000000000,11.349559462816167,352.40535663140855
2014-07-02T14:00:00.000000000,11.119380603253044,351.5966289094392
2014-07-02T15:00:00.000000000,9.95301461869719,348.4078245897089
2014-07-02T16:00:00.000000000,10.991473968490304,342.80145877993414
2014-07-02T17:00:00.000000000,11.209434413164955,336.1218387737794
2014-07-02T18:00:00.000000000,11.499852606746906,328.3312949772498
2014-07-02T19:00:00.000000000,10.712871930532915,311.68905848538856
2014-07-02T20:00:00.000000000,12.693511084023044,306.1476891769573
2014-07-02T21:00:00.000000000,14.497098404189574,308.31262607166735
2014-07-02T22:00:00.000000000,13.543499371885455,310.2456782911185
2014-07-02T23:00:00.000000000,14.47740254633516,310.5530071634167
2014-07-03T00:00:00.000000000,13.454374065281216,308.701380106408
2014-07-03T01:00:00.000000000,12.897850760433762,306.4478831867974
2014-07-03T02:00:00.000000000,13.940162301781138,309.5424465148954
2014-07-03T03:00:00.000000000,14.4988035920116,308.5595278577937
2014-07-03T04:00:00.000000000,13.720060101981225,306.70286507497883
2014-07-03T05:00:00.000000000,13.70376488239225,304.82076877477084
2014-07-03T06:00:00.000000000,14.47740254633516,310.5530071634167
2014-07-03T07:00:00.000000000,14.018493845695303,302.1028721429766
2014-07-03T08:00:00.000000000,13.39890495343433,291.1066002563903
2014-07-03T09:00:00.000000000,11.628260814250936,277.16322727500204
2014-07-03T10:00:00.000000000,11.178338446133438,298.88660498094896
2014-07-03T11:00:00.000000000,12.750602514276869,298.90184745600254
2014-07-03T12:00:00.000000000,14.391433752092905,304.1317576623646
2014-07-03T13:00:00.000000000,14.179701098337079,293.53683554398674
2014-07-03T14:00:00.000000000,15.336667094436258,291.31579857447207
2014-07-03T15:00:00.000000000,14.969685352920544,290.32646892774363
2014-07-03T16:00:00.000000000,15.361607482312484,292.78843180217837
2014-07-03T17:00:00.000000000,16.593451506703907,295.71571988396465
2014-07-03T18:00:00.000000000,16.28204926921529,293.33721457599654
2014-07-03T19:00:00.000000000,16.207120476975057,294.9047739615706
2014-07-03T20:00:00.000000000,16.167123072488778,296.9414773853145
2014-07-03T21:00:00.000000000,16.35038980624419,299.09290151026585
2014-07-03T22:00:00.000000000,17.14016486768225,299.5375767244243
2014-07-03T23:00:00.000000000,17.31060737860962,299.6935701646603
2014-07-04T00:00:00.000000000,17.37286687816389,300.0516891610684
2014-07-04T01:00:00.000000000,17.447054062766526,296.78535661882165
2014-07-04T02:00:00.000000000,17.377935403999356,295.38538672144614
2014-07-04T03:00:00.000000000,17.153502234400246,297.61075534467824
2014-07-04T04:00:00.000000000,17.87117864236447,298.5368965961162
2014-07-04T05:00:00.000000000,17.959235391656815,299.29475719712417
2014-07-04T06:00:00.000000000,18.16463620449358,300.4295671546396
2014-07-04T07:00:00.000000000,18.66000469335483,296.4963965313616
2014-07-04T08:00:00.000000000,18.271361413587503,297.546771708586
2014-07-04T09:00:00.000000000,17.964138215253577,304.5968207427226
2014-07-04T10:00:00.000000000,16.081769744464594,319.82379404748485
2014-07-04T11:00:00.000000000,16.981633930275937,317.77454280804426
2014-07-04T12:00:00.000000000,16.29440675857568,316.3365590486912
2014-07-04T13:00:00.000000000,16.214428512560403,317.2806270110931
2014-07-04T14:00:00.000000000,15.350081433008752,322.9434718105904
2014-07-04T15:00:00.000000000,13.916766245667912,325.7247245056775
2014-07-04T16:00:00.000000000,11.858733500617248,324.56763650960033
2014-07-04T17:00:00.000000000,11.25,323.13010235415595
2014-07-04T18:00:00.000000000,10.981868340065901,322.0735424853772
2014-07-04T19:00:00.000000000,9.729144361145023,317.0825652797309
2014-07-04T20:00:00.000000000,7.875992001011682,324.0394828033551
2014-07-04T21:00:00.000000000,7.471081095689016,16.52478319805857
2014-07-04T22:00:00.000000000,8.971638979291548,35.12937050129307
2014-07-04T23:00:00.000000000,10.57273262280177,36.49055719981504
2014-07-05T00:00:00.000000000,9.878164050065173,38.32011393677743
2014-07-05T01:00:00.000000000,7.878967254659712,41.784516008251785
2014-07-05T02:00:00.000000000,6.57539310520913,47.85085714924935
2014-07-05T03:00:00.000000000,4.700697910942427,49.745722175106096
2014-07-05T04:00:00.000000000,2.8292288459378394,57.0822297695438
2014-07-05T05:00:00.000000000,2.516973740930515,61.52572007729225
2014-07-05T06:00:00.000000000,3.1016380531255985,75.29166929812368
2014-07-05T07:00:00.000000000,2.400813140875763,110.41635130108068
2014-07-05T08:00:00.000000000,2.752839443193155,92.60256220249983
2014-07-05T09:00:00.000000000,3.0375015000600025,90.0
2014-07-05T10:00:00.000000000,2.885849095153799,85.03025927188969
2014-07-05T11:00:00.000000000,3.3095505737184316,79.11447294534128
2014-07-05T12:00:00.000000000,3.5717858435825556,78.49346943528462
2014-07-05T13:00:00.000000000,1.4983859608497927,109.49304277060656
2014-07-05T14:00:00.000000000,1.1524430571616109,130.6012946450045
2014-07-05T15:00:00.000000000,0.8838834764831844,135.0
2014-07-05T16:00:00.000000000,0.39528470752104744,161.56505117707798
2014-07-05T17:00:00.000000000,0.25,180.0
2014-07-05T18:00:00.000000000,0.4707025068326041,349.2870224453509
2014-07-05T19:00:00.000000000,0.2795084971874737,333.434948822922
2014-07-05T20:00:00.000000000,0.8385254915624212,26.565051177077976
2014-07-05T21:00:00.000000000,1.4252192813739224,52.125016348901795
2014-07-05T22:00:00.000000000,1.9039432764659772,66.80140948635182
2014-07-05T23:00:00.000000000,2.2980970388562794,67.61986494804046
2014-07-06T00:00:00.000000000,2.371347320148772,74.71840181789679
2014-07-06T01:00:00.000000000,1.8894851447991716,67.84669739132562
2014-07-06T02:00:00.000000000,1.6441183047457382,81.25383773744477
2014-07-06T03:00:00.000000000,1.5103807466993215,65.55604521958344
2014-07-06T04:00:00.000000000,1.6298006013006623,32.47119229084848
2014-07-06T05:00:00.000000000,2.042096346295089,11.65388180591782
2014-07-06T06:00:00.000000000,2.2124984999399975,0.0
2014-07-06T07:00:00.000000000,2.848490431291939,354.96491267239986
2014-07-06T08:00:00.000000000,2.465669049610417,357.0940772332047
2014-07-06T09:00:00.000000000,1.762854393441713,353.0765994841889
2014-07-06T10:00:00.000000000,1.0077822185373186,330.2551187030578
2014-07-06T11:00:00.000000000,1.352081728298996,303.69006752597977
2014-07-06T12:00:00.000000000,1.4047356023596582,258.1900571542729
2014-07-06T13:00:00.000000000,2.8225935525021586,248.43415206649416
2014-07-06T14:00:00.000000000,3.5988058765931994,283.45700715596297
2014-07-06T15:00:00.000000000,4.258978969462839,290.083656787633
2014-07-06T16:00:00.000000000,4.339138739427446,281.63363399894047
2014-07-06T17:00:00.000000000,4.829919771590414,280.43747535111817
2014-07-06T18:00:00.000000000,4.881406047441659,272.93567344642116
2014-07-06T19:00:00.000000000,4.209160098808519,258.52323949496565
2014-07-06T20:00:00.000000000,5.024937810560445,264.28940686250036
2014-07-06T21:00:00.000000000,5.522680508593631,264.8055710922652
2014-07-06T22:00:00.000000000,6.310434452224627,265.11381850993763
2014-07-06T23:00:00.000000000,7.318640584152224,262.14668669802177
2014-07-07T00:00:00.000000000,8.502655797600932,271.4320860790559
2014-07-07T01:00:00.000000000,10.596057603595868,253.55324630390612
2014-07-07T02:00:00.000000000,10.513748516231818,267.0695515180139
2014-07-07T03:00:00.000000000,9.300950710202523,273.0815888569359
2014-07-07T04:00:00.000000000,12.91492140855111,271.1091697063181
2014-07-07T05:00:00.000000000,13.921483325751312,272.0582614414224
2014-07-07T06:00:00.000000000,13.318797059108176,273.9285434661972
2014-07-07T07:00:00.000000000,11.222251923690798,288.17258647387337
2014-07-07T08:00:00.000000000,10.471308943426882,288.80263771404003
2014-07-07T09:00:00.000000000,10.91879855971946,280.08778134338723
2014-07-07T10:00:00.000000000,11.314939183506626,273.9909201472458
2014-07-07T11:00:00.000000000,12.05157071098073,284.59837780576436
2014-07-07T12:00:00.000000000,12.836206593187766,284.09036941180483
2014-07-07T13:00:00.000000000,14.05552197498093,278.18054424006135
2014-07-07T14:00:00.000000000,15.808118732228026,280.61687651343397
2014-07-07T15:00:00.000000000,15.241214873378496,283.42079913086116
2014-07-07T16:00:00.000000000,14.462372616210969,285.85017358822915
2014-07-07T17:00:00.000000000,13.733016007205562,287.8082577774987
2014-07-07T18:00:00.000000000,13.643408661475114,284.6473842760464
2014-07-07T19:00:00.000000000,15.808118732228026,280.61687651343397
2014-07-07T20:00:00.000000000,15.484496514790331,283.2060934103738
2014-07-07T21:00:00.000000000,14.94116389597557,282.71078406867105
2014-07-07T22:00:00.000000000,15.062192011503136,280.1815146283503
2014-07-07T23:00:00.000000000,15.389960280694648,275.2660583972897
2014-07-08T00:00:00.000000000,16.050964964616302,273.25903696868136
2014-07-08T01:00:00.000000000,17.60004895377454,270.12208371183385
2014-07-08T02:00:00.000000000,17.103097227183166,271.08883325965974
2014-07-08T03:00:00.000000000,17.44363989210583,268.48068877912107
2014-07-08T04:00:00.000000000,16.870809318157065,267.1545609466192
2014-07-08T05:00:00.000000000,16.179682388450924,263.47894819106955
2014-07-08T06:00:00.000000000,16.59479306416784,258.08912782190026
2014-07-08T07:00:00.000000000,18.837513852409987,254.33140616981
2014-07-08T08:00:00.000000000,19.69665434509902,253.5201848490551
2014-07-08T09:00:00.000000000,19.94705324487019,253.62059933430598
2014-07-08T10:00:00.000000000,21.06256944866014,254.15736772947093
2014-07-08T11:00:00.000000000,20.75645707488986,258.64270782750407
2014-07-08T12:00:00.000000000,20.187894354029204,258.9335859055767
2014-07-08T13:00:00.000000000,20.018974473731877,245.81956519547953
2014-07-08T14:00:00.000000000,20.431730630620134,245.30075928876104
2014-07-08T15:00:00.000000000,20.839163278348252,241.20577906798934
2014-07-08T16:00:00.000000000,19.81733992974557,243.6773932532319
2014-07-08T17:00:00.000000000,19.441359605453737,246.1048457478261
2014-07-08T18:00:00.000000000,18.878829805065468,251.4690842243516
2014-07-08T19:00:00.000000000,18.693088870465765,259.2085357977552
2014-07-08T20:00:00.000000000,17.992233758806822,271.31371492363223
2014-07-08T21:00:00.000000000,16.207689976708515,279.455060240821
2014-07-08T22:00:00.000000000,14.88150254014085,286.2428830321568
2014-07-08T23:00:00.000000000,12.418965111988483,291.2445284488912
2014-07-09T00:00:00.000000000,11.07269433623302,300.53113052980314
2014-07-09T01:00:00.000000000,12.669409368182945,313.68078624566414
2014-07-09T02:00:00.000000000,11.446814267014505,311.7686288763348
2014-07-09T03:00:00.000000000,10.17503071248436,307.0106732336031
2014-07-09T04:00:00.000000000,9.25446575911931,314.6169458917155
2014-07-09T05:00:00.000000000,7.376059245965965,0.9710219310791786
2014-07-09T06:00:00.000000000,9.196636613458205,31.097312885779445
2014-07-09T07:00:00.000000000,8.008784239820674,34.18612248637504
2014-07-09T08:00:00.000000000,9.075535850656067,47.23262237575244
2014-07-09T09:00:00.000000000,11.721630101099146,44.13587594430794
2014-07-09T10:00:00.000000000,14.199572976938905,43.573252110425756
2014-07-09T11:00:00.000000000,15.52728657404888,43.36901210454772
2014-07-09T12:00:00.000000000,15.55306253817665,43.46944080175365
2014-07-09T13:00:00.000000000,15.105341156467373,26.01373445706963
2014-07-09T14:00:00.000000000,15.580765728669721,24.30319837344473
2014-07-09T15:00:00.000000000,15.088169971949169,26.204173679549513
2014-07-09T16:00:00.000000000,13.895624291165866,25.18192114288854
2014-07-09T17:00:00.000000000,13.546480052623776,21.830863591346713
2014-07-09T18:00:00.000000000,13.661742191353088,24.313791306065184
2014-07-09T19:00:00.000000000,11.267890246249676,7.84246382087008
2014-07-09T20:00:00.000000000,13.361729664008205,16.85839690231387
2014-07-09T21:00:00.000000000,14.377599633713327,29.30619913919577
2014-07-09T22:00:00.000000000,14.803926843915434,33.28752768891252
2014-07-09T23:00:00.000000000,15.678907009099838,35.59077859188983
2014-07-10T00:00:00.000000000,14.707566080082728,31.798912824294405
2014-07-10T01:00:00.000000000,11.908505363814553,39.0355128987469
2014-07-10T02:00:00.000000000,8.591931823036486,34.568615084285454
2014-07-10T03:00:00.000000000,10.666782055040283,38.91144389678374
2014-07-10T04:00:00.000000000,13.184389443580617,47.68977032315047
2014-07-10T05:00:00.000000000,13.896820543827772,50.108646189820206
2014-07-10T06:00:00.000000000,15.056088884194056,43.75537090307745
2014-07-10T07:00:00.000000000,17.40176183472832,38.46698820093917
2014-07-10T08:00:00.000000000,16.84905412775447,33.807959910041916
2014-07-10T09:00:00.000000000,15.934435979977453,25.55996517182382
2014-07-10T10:00:00.000000000,13.960323241243378,16.65010549860301
2014-07-10T11:00:00.000000000,14.00708117307713,6.662042328136181
2014-07-10T12:00:00.000000000,12.939215011454781,5.71059974690894
2014-07-10T13:00:00.000000000,12.556124003847684,9.743641287037178
2014-07-10T14:00:00.000000000,12.23340712965934,7.633330587231285
2014-07-10T15:00:00.000000000,12.250637738501617,8.212780189285866
2014-07-10T16:00:00.000000000,13.619891546524217,14.890768247088147
2014-07-10T17:00:00.000000000,12.999858728197283,9.407976927080654
2014-07-10T18:00:00.000000000,13.059056067115526,3.2923890025170977
2014-07-10T19:00:00.000000000,11.418660844813276,1.88198788683178
2014-07-10T20:00:00.000000000,13.002316748022018,347.6205516762483
2014-07-10T21:00:00.000000000,14.81097858696302,347.32433669830067
2014-07-10T22:00:00.000000000,14.955018829929207,349.40388176299786
2014-07-10T23:00:00.000000000,14.391542674997837,345.7706361310852
2014-07-11T00:00:00.000000000,14.143663093528392,341.981394804447
2014-07-11T01:00:00.000000000,14.689524488268805,330.81753605711526
2014-07-11T02:00:00.000000000,15.466147100385658,329.76689940031423
2014-07-11T03:00:00.000000000,15.688477778562373,329.55297359387896
2014-07-11T04:00:00.000000000,16.227360353589553,329.8007534837404
2014-07-11T05:00:00.000000000,18.00321820563411,328.80427974026003
2014-07-11T06:00:00.000000000,18.32716085893615,331.21489021673597
2014-07-11T07:00:00.000000000,19.733306609907913,333.434948822922
2014-07-11T08:00:00.000000000,13.635942880445848,38.561372159362236
2014-07-11T09:00:00.000000000,13.41464042392181,15.124003965041538
2014-07-11T10:00:00.000000000,14.20601265707858,19.69452518115645
2014-07-11T11:00:00.000000000,14.087339173882341,26.337688166087446
2014-07-11T12:00:00.000000000,11.565967765471187,32.19573626374495
2014-07-11T13:00:00.000000000,12.36568780196451,44.71332370921658
2014-07-11T14:00:00.000000000,14.777402511182526,49.80348507030078
2014-07-11T15:00:00.000000000,14.637379362525541,44.654015248856524
2014-07-11T16:00:00.000000000,14.835232568197865,41.92621037464011
2014-07-11T17:00:00.000000000,14.520989079689393,39.761367031546854
2014-07-11T18:00:00.000000000,14.107059309168534,44.64100863952501
2014-07-11T19:00:00.000000000,14.13774642813429,38.43037039629718
2014-07-11T20:00:00.000000000,14.467087607824133,43.24945165249187
2014-07-11T21:00:00.000000000,14.66408025810872,45.448967210702676
2014-07-11T22:00:00.000000000,15.292490140309031,47.086780812901566
2014-07-11T23:00:00.000000000,15.384375452600729,54.02396894802973
2014-07-12T00:00:00.000000000,14.960460374015522,56.93398528961961
2014-07-12T01:00:00.000000000,13.881448904606785,56.49595875113141
2014-07-12T02:00:00.000000000,12.674072596877014,60.90697618498558
2014-07-12T03:00:00.000000000,12.189577581414246,56.16326538603647
2014-07-12T04:00:00.000000000,11.987162231470249,48.932110706822755
2014-07-12T05:00:00.000000000,11.164460560790063,44.22884998508465
2014-07-12T06:00:00.000000000,11.908887982386249,42.44764349217883
2014-07-12T07:00:00.000000000,11.495923190418418,46.762391023660484
2014-07-12T08:00:00.000000000,11.555696061984477,42.36957842853212
2014-07-12T09:00:00.000000000,11.700026709371222,36.74747095286392
2014-07-12T10:00:00.000000000,12.168923005497932,32.286116526599415
2014-07-12T11:00:00.000000000,12.069190573603045,26.644668627288524
2014-07-12T12:00:00.000000000,12.11931762113233,21.351484631123412
2014-07-12T13:00:00.000000000,12.061102358982648,20.63249263588085
2014-07-12T14:00:00.000000000,13.10313198204772,21.842006351507735
2014-07-12T15:00:00.000000000,12.765733130688062,19.44625666790631
2014-07-12T16:00:00.000000000,12.873047812266666,15.372232619133172
2014-07-12T17:00:00.000000000,13.398514642080174,17.369966559720865
2014-07-12T18:00:00.000000000,13.530059127734809,16.090816348852172
2014-07-12T19:00:00.000000000,12.198291483394582,22.281131912472745
2014-07-12T20:00:00.000000000,11.92534786654552,25.651840824787598
2014-07-12T21:00:00.000000000,12.689808903210482,26.312648494788846
2014-07-12T22:00:00.000000000,12.930880634674956,27.209081095327747
2014-07-12T23:00:00.000000000,13.173773832464706,25.276353899081812
2014-07-13T00:00:00.000000000,14.065189968998173,26.952176161608293
2014-07-13T01:00:00.000000000,11.522396669096235,28.51124629410873
2014-07-13T02:00:00.000000000,10.118825277669341,27.198127948509125
2014-07-13T03:00:00.000000000,9.443159269361695,31.080823954447453
2014-07-13T04:00:00.000000000,8.945145331407423,33.02386755579664
2014-07-13T05:00:00.000000000,8.450221890577785,29.219246690484624
2014-07-13T06:00:00.000000000,8.856749275922951,27.75854512072715
2014-07-13T07:00:00.000000000,9.620038103436842,36.70611612053892
2014-07-13T08:00:00.000000000,9.253377761660873,38.418055344821994
2014-07-13T09:00:00.000000000,9.83257585087279,34.275942060585464
2014-07-13T10:00:00.000000000,10.7307180148216,30.05945866683851
2014-07-13T11:00:00.000000000,10.06618721264412,28.15619144827258
2014-07-13T12:00:00.000000000,8.288734825050202,23.085133672808297
2014-07-13T13:00:00.000000000,7.0644355754723955,13.298570330494272
2014-07-13T14:00:00.000000000,7.336765295414595,8.820379552021052
2014-07-13T15:00:00.000000000,6.9731628404906765,14.534455080540113
2014-07-13T16:00:00.000000000,6.370096153120453,15.945395900922847
2014-07-13T17:00:00.000000000,6.018579482586549,10.773162238242264
2014-07-13T18:00:00.000000000,5.859020822628983,11.07020257793937
2014-07-13T19:00:00.000000000,5.322417214010942,9.462322208025626
2014-07-13T20:00:00.000000000,5.755432216610669,2.489552921999177
2014-07-13T21:00:00.000000000,5.55609202700934,351.85165268696227
2014-07-13T22:00:00.000000000,6.165289823941514,339.8382527452813
2014-07-13T23:00:00.000000000,5.499275837566412,347.7960756355613
2014-07-14T00:00:00.000000000,4.375160724191369,359.5088857014218
2014-07-14T01:00:00.000000000,2.6010815058356016,324.7824070318073
2014-07-14T02:00:00.000000000,2.3146597994633553,295.5963903040763
2014-07-14T03:00:00.000000000,2.885849095153799,274.9697407281103
2014-07-14T04:00:00.000000000,4.00780488547035,273.5763343749974
2014-07-14T05:00:00.000000000,3.8395337916264953,271.86565312059184
2014-07-14T06:00:00.000000000,4.5381884587830585,262.56180689178774
2014-07-14T07:00:00.000000000,2.936543884884366,277.3367700719724
2014-07-14T08:00:00.000000000,2.6887802509356846,261.98291138446876
2014-07-14T09:00:00.000000000,3.640054944640259,254.05460409907715
2014-07-14T10:00:00.000000000,4.78441480225116,250.14478563067894
2014-07-14T11:00:00.000000000,6.486765372664561,244.91640599380906
2014-07-14T12:00:00.000000000,7.936556297493692,235.45894986132544
2014-07-14T13:00:00.000000000,9.330805370567257,233.88234033614754
2014-07-14T14:00:00.000000000,10.235508047967135,241.55707137563667
2014-07-14T15:00:00.000000000,10.980443825825837,252.98839158012873
2014-07-14T16:00:00.000000000,11.857547796186267,250.28523409771321
2014-07-14T17:00:00.000000000,12.896518657722781,254.25293959395475
2014-07-14T18:00:00.000000000,13.288955130225519,259.7047967278989
2014-07-14T19:00:00.000000000,12.860849281405246,259.92427682579785
2014-07-14T20:00:00.000000000,12.931727233398554,258.2881903771836
2014-07-14T21:00:00.000000000,13.3106247154472,262.6080360262187
2014-07-14T22:00:00.000000000,13.593688262045877,266.9955268204774
2014-07-14T23:00:00.000000000,13.621539246842374,274.73744230578507
2014-07-15T00:00:00.000000000,14.43903821205664,273.4742301843646
2014-07-15T01:00:00.000000000,13.63015957353398,268.4234499448163
2014-07-15T02:00:00.000000000,12.634897110780127,267.73204546409414
2014-07-15T03:00:00.000000000,13.310005634859815,255.31121322668162
2014-07-15T04:00:00.000000000,16.3181710100874,266.4866343345355
2014-07-15T05:00:00.000000000,15.945708670360185,264.6022512235196
2014-07-15T06:00:00.000000000,15.657111790245247,261.8763720627376
2014-07-15T07:00:00.000000000,14.55683515961649,267.04668847160866
2014-07-15T08:00:00.000000000,14.451369268661079,281.4751603920491
2014-07-15T09:00:00.000000000,15.43964704872789,285.0150809607967
2014-07-15T10:00:00.000000000,15.121685375719487,285.97792834221747
2014-07-15T11:00:00.000000000,13.688778948942698,288.252958985781
2014-07-15T12:00:00.000000000,13.339161411202136,289.4876948377692
2014-07-15T13:00:00.000000000,14.084061718411766,288.25806672246347
2014-07-15T14:00:00.000000000,14.436165262188004,288.8428564501129
2014-07-15T15:00:00.000000000,14.518836669211263,289.7766017379627
2014-07-15T16:00:00.000000000,14.40127139707528,289.94487042698955
2014-07-15T17:00:00.000000000,14.084061718411766,288.25806672246347
2014-07-15T18:00:00.000000000,13.374001583781377,287.57126490491106
2014-07-15T19:00:00.000000000,12.840477389952781,284.83441406067107
2014-07-15T20:00:00.000000000,13.228455705896542,283.27462717478454
2014-07-15T21:00:00.000000000,14.275773786031666,282.95326382031647
2014-07-15T22:00:00.000000000,15.652927477889484,282.4047522624453
2014-07-15T23:00:00.000000000,20.294095203858582,321.97954873565345
2014-07-16T00:00:00.000000000,17.657425687045833,341.42396509667645
2014-07-16T01:00:00.000000000,13.593458801612961,337.6800455114327
2014-07-16T02:00:00.000000000,13.018366515318794,325.9589889017653
2014-07-16T03:00:00.000000000,13.526016597653575,313.8766972859246
2014-07-16T04:00:00.000000000,14.593284152785719,304.4251087093315
2014-07-16T05:00:00.000000000,15.574145018779808,299.63081010597284
2014-07-16T06:00:00.000000000,16.263325525712883,298.25900365452424
2014-07-16T07:00:00.000000000,16.037446861778,293.22791332158846
2014-07-16T08:00:00.000000000,17.0079859652677,292.2862300054173
2014-07-16T09:00:00.000000000,17.450009784236173,292.5788255553891
2014-07-16T10:00:00.000000000,15.052643777413117,13.690077355240817
2014-07-16T11:00:00.000000000,8.025126904775572,29.999439797892137
2014-07-16T12:00:00.000000000,2.3823929279411016,311.3839163893659
2014-07-16T13:00:00.000000000,4.599066670295373,305.37476708170885
2014-07-16T14:00:00.000000000,6.879543952908507,335.2975697722287
2014-07-16T15:00:00.000000000,5.501420271166347,338.68208772453846
2014-07-16T16:00:00.000000000,5.188763832750218,314.31678934620794
2014-07-16T17:00:00.000000000,9.90534405080918,311.8797453139924
2014-07-16T18:00:00.000000000,13.63015957353398,317.9737310824801
2014-07-16T19:00:00.000000000,17.66094836341364,323.72218171700035
2014-07-16T20:00:00.000000000,18.22761036604097,315.83353623720575
2014-07-16T21:00:00.000000000,19.12371653059674,327.89934322098225
2014-07-16T22:00:00.000000000,21.005276306718464,330.9487064111503
2014-07-16T23:00:00.000000000,18.54739116975153,327.8308965553814
2014-07-17T00:00:00.000000000,15.666990082315806,1.3715442047279112
2014-07-17T01:00:00.000000000,17.223258257368144,15.145706144430164
2014-07-17T02:00:00.000000000,17.10641376321583,12.70594105641203
2014-07-17T03:00:00.000000000,18.66217396569401,16.019208013565446
2014-07-17T04:00:00.000000000,17.893243437159096,19.422281886234543
2014-07-17T05:00:00.000000000,17.627522634744274,25.765546951066256
2014-07-17T06:00:00.000000000,16.55855707749778,38.96378374573101
2014-07-17T07:00:00.000000000,16.836851245516392,34.504145610666626
2014-07-17T08:00:00.000000000,15.160439859671678,47.90744092746752
2014-07-17T09:00:00.000000000,15.337890449523979,56.737313152601416
2014-07-17T10:00:00.000000000,17.76874867973139,68.1087789689335
2014-07-17T11:00:00.000000000,18.883450214909114,71.07330989103292
2014-07-17T12:00:00.000000000,19.719446645869937,73.04680909202773
2014-07-17T13:00:00.000000000,22.580537121353558,73.83241198492607
2014-07-17T14:00:00.000000000,22.328779650679213,70.61156489787868
2014-07-17T15:00:00.000000000,22.40787361647788,67.15394168346876
2014-07-17T16:00:00.000000000,21.42455758406682,66.51609887225993
2014-07-17T17:00:00.000000000,20.724361441853283,64.14589664405935
2014-07-17T18:00:00.000000000,19.2702591685173,62.869825826079705
2014-07-17T19:00:00.000000000,19.308236448658715,65.80777314743284
2014-07-17T20:00:00.000000000,19.10884047548762,65.94998389016837
2014-07-17T21:00:00.000000000,19.123144598042288,66.7866558874839
2014-07-17T22:00:00.000000000,18.293318063078466,68.22040172561469
2014-07-17T23:00:00.000000000,17.247267072028173,68.75379829806707
2014-07-18T00:00:00.000000000,17.130822972170286,68.60229759325921
2014-07-18T01:00:00.000000000,16.170312750279102,67.59818212789065
2014-07-18T02:00:00.000000000,15.572239263885232,64.66913708485276
2014-07-18T03:00:00.000000000,14.59307015295657,66.7949675623214
2014-07-18T04:00:00.000000000,13.428377506344805,64.05511765866669
2014-07-18T05:00:00.000000000,13.67964522526048,65.14441620307673
2014-07-18T06:00:00.000000000,13.037185238883703,70.97439826059167
2014-07-18T07:00:00.000000000,11.165440508046327,65.52950538235547
2014-07-18T08:00:00.000000000,12.514049618879048,57.35762251066495
2014-07-18T09:00:00.000000000,13.460876331573543,61.126272585739514
2014-07-18T10:00:00.000000000,13.044026064721873,59.92141115081989
2014-07-18T11:00:00.000000000,12.725277545648929,57.96479125420143
2014-07-18T12:00:00.000000000,12.716846757457883,60.56248819874503
2014-07-18T13:00:00.000000000,12.792021482697596,57.49016469363431
2014-07-18T14:00:00.000000000,12.157360974458511,57.470064671790965
2014-07-18T15:00:00.000000000,12.209046338217897,58.52316432618335
2014-07-18T16:00:00.000000000,11.221479797774382,58.20433934216345
2014-07-18T17:00:00.000000000,10.311552986820171,59.39359296849051
2014-07-18T18:00:00.000000000,9.606313028420425,57.75753216087668
2014-07-18T19:00:00.000000000,10.024486350959261,64.36158197995184
2014-07-18T20:00:00.000000000,9.75,67.38013505195954
2014-07-18T21:00:00.000000000,9.560661587986472,64.44003482817618
2014-07-18T22:00:00.000000000,9.617692030835672,62.10272896905235
2014-07-18T23:00:00.000000000,8.89863851872587,58.967237347698585
2014-07-19T00:00:00.000000000,7.846177413237608,59.34933204294714
2014-07-19T01:00:00.000000000,6.032464256006827,55.98065001017352
2014-07-19T02:00:00.000000000,5.55090082779363,35.83765295427827
2014-07-19T03:00:00.000000000,7.459566776074313,27.98212943277042
2014-07-19T04:00:00.000000000,7.136493693540391,30.877711391669777
2014-07-19T05:00:00.000000000,6.939122413032268,40.836396750851634
2014-07-19T06:00:00.000000000,6.792665767195784,36.46925208602124
2014-07-19T07:00:00.000000000,5.833630944789017,45.0
2014-07-19T08:00:00.000000000,6.150457300071272,37.56859202882748
2014-07-19T09:00:00.000000000,5.367727638395972,27.75854060106002
2014-07-19T10:00:00.000000000,6.207354508967568,25.01689347810003
2014-07-19T11:00:00.000000000,5.340002340823457,32.57405713457251
2014-07-19T12:00:00.000000000,5.84433486378048,41.53177074108282
2014-07-19T13:00:00.000000000,5.8269310104033325,35.39479584498707
2014-07-19T14:00:00.000000000,6.068618046969178,32.38067770656926
2014-07-19T15:00:00.000000000,5.674785282507622,29.275292309123074
2014-07-19T16:00:00.000000000,7.820334878491888,52.59891601054619
2014-07-19T17:00:00.000000000,7.570593486423751,64.5773228620103
2014-07-19T18:00:00.000000000,7.397728391990795,70.248486648604
2014-07-19T19:00:00.000000000,5.578109366054819,65.78979713213704
2014-07-19T20:00:00.000000000,5.121478227799252,58.67648639506558
2014-07-19T21:00:00.000000000,4.671205785211327,58.90475529624706
2014-07-19T22:00:00.000000000,4.577458355900139,55.007979801441365
2014-07-19T23:00:00.000000000,4.889401803901986,57.52880770915152
2014-07-20T00:00:00.000000000,4.930770730829005,59.53445508054011
2014-07-20T01:00:00.000000000,4.995310300672021,58.29857033049427
2014-07-20T02:00:00.000000000,4.062575643860275,58.46178209390064
2014-07-20T03:00:00.000000000,3.420730366033215,77.33493072618745
2014-07-20T04:00:00.000000000,3.420730366033215,102.66506927381255
2014-07-20T05:00:00.000000000,3.23404550826337,107.31437440696345
2014-07-20T06:00:00.000000000,2.6439179685825134,111.3486682305836
2014-07-20T07:00:00.000000000,2.009702027003442,131.7222921280976
2014-07-20T08:00:00.000000000,1.1792476415070754,147.99461679191654
2014-07-20T09:00:00.000000000,0.9100137361600648,164.0546040990771
2014-07-20T10:00:00.000000000,0.7288689868556626,149.0362434679265
2014-07-20T11:00:00.000000000,0.37687048505653814,185.71082006046495
2014-07-20T12:00:00.000000000,0.625,216.86989764584402
2014-07-20T13:00:00.000000000,0.5767643474910282,119.8990310215109
2014-07-20T14:00:00.000000000,1.286953767623375,150.94539590092285
2014-07-20T15:00:00.000000000,2.2057434346878346,161.15436006809375
2014-07-20T16:00:00.000000000,2.4013321172005204,166.7595415671501
2014-07-20T17:00:00.000000000,2.219408381124064,175.47762000944704
2014-07-20T18:00:00.000000000,2.489037640305485,188.37436654280546
2014-07-20T19:00:00.000000000,2.1460715738150484,171.96436860015092
2014-07-20T20:00:00.000000000,2.609416357090889,172.5686204293769
2014-07-20T21:00:00.000000000,2.860534672503858,195.97981600580496
2014-07-20T22:00:00.000000000,3.5377429245212264,212.0053832080835
2014-07-20T23:00:00.000000000,3.9220717244992773,215.0069925031423
2014-07-21T00:00:00.000000000,3.4457616156920574,218.07552432807643
2014-07-21T01:00:00.000000000,2.6575364531836625,221.18592516570965
2014-07-21T02:00:00.000000000,3.181980515339464,225.0
2014-07-21T03:00:00.000000000,3.0516389039334255,235.0079798014413
2014-07-21T04:00:00.000000000,2.9501059303014867,233.61564818416412
2014-07-21T05:00:00.000000000,2.890960045945246,223.77369270738683
2014-07-21T06:00:00.000000000,2.456781733754902,229.74654984268707
2014-07-21T07:00:00.000000000,2.348536778506992,205.20112364547506
2014-07-21T08:00:00.000000000,2.875,180.0
2014-07-21T09:00:00.000000000,3.877015604817706,181.8476102659946
2014-07-21T10:00:00.000000000,4.104664296506077,185.24182185994482
2014-07-21T11:00:00.000000000,4.086733948035611,194.16376126592576
2014-07-21T12:00:00.000000000,3.25043067907754,204.29805828771333
2014-07-21T13:00:00.000000000,2.7119226090030186,210.46556098810174
2014-07-21T14:00:00.000000000,2.996585429655183,218.73447863976637
2014-07-21T15:00:00.000000000,2.4465848876253498,240.29145832260633
2014-07-21T16:00:00.000000000,2.1076120047074,242.82709513172904
2014-07-21T17:00:00.000000000,1.997223913933224,241.18924396347643
2014-07-21T18:00:00.000000000,1.3975424859373686,243.43494882292202
2014-07-21T19:00:00.000000000,2.0073681431981387,223.23375884180336
2014-07-21T20:00:00.000000000,1.4773804477424715,222.5998249164715
2014-07-21T21:00:00.000000000,1.286953767623375,209.05460409907715
2014-07-21T22:00:00.000000000,1.5046274413959577,213.82203776237358
2014-07-21T23:00:00.000000000,1.7897276329095442,204.77514056883192
2014-07-22T00:00:00.000000000,1.5098102073859294,194.38140873004843
2014-07-22T01:00:00.000000000,1.1353007806598006,151.7419037031326
2014-07-22T02:00:00.000000000,1.6435941902813918,152.85029444042902
2014-07-22T03:00:00.000000000,1.714732369726685,182.924930449383
2014-07-22T04:00:00.000000000,1.8760383290470728,231.22099265630564
2014-07-22T05:00:00.000000000,2.0878348772552604,250.04622542576402
2014-07-22T06:00:00.000000000,1.822513333201842,233.36589582735814
2014-07-22T07:00:00.000000000,2.0878353263029363,178.97080329729692
2014-07-22T08:00:00.000000000,1.9144995690384718,163.69484868846087
2014-07-22T09:00:00.000000000,1.3996641471772777,162.85957391997658
2014-07-22T10:00:00.000000000,1.1158642333956874,167.05347322805096
2014-07-22T11:00:00.000000000,1.5899080082833386,183.1547918638618
2014-07-22T12:00:00.000000000,1.9739695982318193,186.1798856491187
2014-07-22T13:00:00.000000000,2.5635040422483217,196.1372536740794
2014-07-22T14:00:00.000000000,2.0571874457785158,206.72068999784258
2014-07-22T15:00:00.000000000,2.421838604158726,225.0
2014-07-22T16:00:00.000000000,2.6225562862526863,217.25222171574424
2014-07-22T17:00:00.000000000,2.3749321252634745,214.27554193876765
2014-07-22T18:00:00.000000000,2.7553636307031684,197.6951294944135
2014-07-22T19:00:00.000000000,3.8395337916264953,178.1343468794082
2014-07-22T20:00:00.000000000,4.59649862389716,176.4139264079446
2014-07-22T21:00:00.000000000,5.0,180.0
2014-07-22T22:00:00.000000000,5.185150297975629,188.7356772201493
2014-07-22T23:00:00.000000000,5.369182898728632,204.77514056883192
2014-07-23T00:00:00.000000000,5.488624600025037,210.06858282186244
2014-07-23T01:00:00.000000000,5.23360535386458,220.1559996249193
2014-07-23T02:00:00.000000000,5.450473969106885,218.7624274950594
2014-07-23T03:00:00.000000000,5.602581435195901,227.98429241160287
2014-07-23T04:00:00.000000000,6.19727762812027,228.27048792318357
2014-07-23T05:00:00.000000000,7.880049182159765,232.9301561952081
2014-07-23T06:00:00.000000000,8.265032818262233,236.28590766084204
2014-07-23T07:00:00.000000000,8.220591523728691,224.38394009160075
2014-07-23T08:00:00.000000000,8.000870225370912,228.9909201472458
2014-07-23T09:00:00.000000000,8.520280225042882,227.5566870540778
2014-07-23T10:00:00.000000000,9.139963060004224,222.39492878988253
2014-07-23T11:00:00.000000000,9.369981962361694,224.243320257272
2014-07-23T12:00:00.000000000,10.102823998187922,225.15038827778633
2014-07-23T13:00:00.000000000,9.546088870580114,225.3183193439631
2014-07-23T14:00:00.000000000,9.737171047075224,221.87786953788427
2014-07-23T15:00:00.000000000,9.956153875869939,218.8844964337146
2014-07-23T16:00:00.000000000,9.979738228694016,219.0520921230644
2014-07-23T17:00:00.000000000,10.63990975588782,227.04711280351103
2014-07-23T18:00:00.000000000,10.826039211087313,233.9239884436314
2014-07-23T19:00:00.000000000,10.108081024028833,223.14593461505277
2014-07-23T20:00:00.000000000,10.018647768704955,226.66834333518162
2014-07-23T21:00:00.000000000,10.461455574553753,223.20858333856376
2014-07-23T22:00:00.000000000,10.721686148335381,224.66936596102883
2014-07-23T23:00:00.000000000,10.463247786343482,227.08169144267856
2014-07-24T00:00:00.000000000,10.018647768704955,226.66834333518162
2014-07-24T01:00:00.000000000,10.978737409796118,214.9385840614021
2014-07-24T02:00:00.000000000,11.199734705554569,218.92946775180945
2014-07-24T03:00:00.000000000,10.60142927154676,212.2846741951341
2014-07-24T04:00:00.000000000,10.656982567833497,205.4229087582547
2014-07-24T05:00:00.000000000,10.397725172547156,200.3303370070727
2014-07-24T06:00:00.000000000,10.638146953914331,206.74570659886737
2014-07-24T07:00:00.000000000,10.420148906631887,206.34988929554603
2014-07-24T08:00:00.000000000,9.936117091860723,213.8699980579123
2014-07-24T09:00:00.000000000,9.290939294529025,211.0166494881823
2014-07-24T10:00:00.000000000,9.32283760984543,208.2487379527271
2014-07-24T11:00:00.000000000,9.057120949223645,204.37199290566352
2014-07-24T12:00:00.000000000,8.359624164038705,202.69241872247605
2014-07-24T13:00:00.000000000,9.651510801633219,200.5474153373165
2014-07-24T14:00:00.000000000,9.542119453404194,200.072918524019
2014-07-24T15:00:00.000000000,10.578023312008431,196.82898471910946
2014-07-24T16:00:00.000000000,10.459847347958524,211.56268301455125
2014-07-24T17:00:00.000000000,10.751374737148817,238.45359879114267
2014-07-24T18:00:00.000000000,9.882506279454965,234.42020422070806
2014-07-24T19:00:00.000000000,7.591217499574594,215.07707448193386
2014-07-24T20:00:00.000000000,7.788463251030575,210.47489426346326
2014-07-24T21:00:00.000000000,7.754526201729979,241.07996132223656
2014-07-24T22:00:00.000000000,8.201266395324062,244.05983631437817
2014-07-24T23:00:00.000000000,7.620246908829599,236.10140810675765
2014-07-25T00:00:00.000000000,7.251077506136588,234.11786275379578
2014-07-25T01:00:00.000000000,7.690602431029222,245.30943854416145
2014-07-25T02:00:00.000000000,7.545053618157298,267.43624167786135
2014-07-25T03:00:00.000000000,7.0958727255808185,279.42914807317675
2014-07-25T04:00:00.000000000,6.148400938526092,280.89873688937337
2014-07-25T05:00:00.000000000,4.881406047441659,283.3245312618908
2014-07-25T06:00:00.000000000,4.339138739427446,281.63363399894047
2014-07-25T07:00:00.000000000,5.55090082779363,277.76516601842536
2014-07-25T08:00:00.000000000,4.889401803901986,274.3987053549955
2014-07-25T09:00:00.000000000,4.017539669997049,264.6441749571448
2014-07-25T10:00:00.000000000,4.126893504804794,268.2642954110716
2014-07-25T11:00:00.000000000,3.147419578003543,276.84277341263095
2014-07-25T12:00:00.000000000,1.8582585934148133,289.6538240580533
2014-07-25T13:00:00.000000000,1.8027756377319946,213.69006752597977
2014-07-25T14:00:00.000000000,3.025929609227551,218.29016319224309
2014-07-25T15:00:00.000000000,2.6121404991638073,245.39723575758993
2014-07-25T16:00:00.000000000,2.069118169655856,295.01689347810003
2014-07-25T17:00:00.000000000,2.071723283343304,10.428520968139935
2014-07-25T18:00:00.000000000,3.6763602924631855,35.31121343963321
2014-07-25T19:00:00.000000000,1.8820286229283951,85.04669702543492
2014-07-25T20:00:00.000000000,1.5087765697815403,83.8170132006424
2014-07-25T21:00:00.000000000,2.1213203435596424,45.0
2014-07-25T22:00:00.000000000,3.8031433364023686,37.92451534767531
2014-07-25T23:00:00.000000000,4.886493077871748,39.186258074414354
2014-07-26T00:00:00.000000000,5.092549395919346,53.383224868231764
2014-07-26T01:00:00.000000000,3.8865953223788297,94.4269275519772
2014-07-26T02:00:00.000000000,3.5117883069081413,85.30407941303275
2014-07-26T03:00:00.000000000,3.4118360159890453,61.55707137563667
2014-07-26T04:00:00.000000000,3.893102875599359,47.602562202499826
2014-07-26T05:00:00.000000000,4.988879507264309,33.45116109777564
2014-07-26T06:00:00.000000000,6.621330209014026,28.161570271031167
2014-07-26T07:00:00.000000000,6.6673176765472935,30.411081267125383
2014-07-26T08:00:00.000000000,5.767635997529664,29.898901838614563
2014-07-26T09:00:00.000000000,8.189444897950148,16.85840181132636
2014-07-26T10:00:00.000000000,7.9970697758616565,24.962789830807026
2014-07-26T11:00:00.000000000,7.9970697758616565,24.962789830807026
2014-07-26T12:00:00.000000000,9.298931665060062,20.45688971087344
2014-07-26T13:00:00.000000000,8.225341938181051,16.782644145270694
2014-07-26T14:00:00.000000000,6.625577785181588,0.7566797427280108
2014-07-26T15:00:00.000000000,6.76040864149498,356.8201698801358
2014-07-26T16:00:00.000000000,6.864765108872991,349.5085229876684
2014-07-26T17:00:00.000000000,5.9258194349763595,335.97614604981175
2014-07-26T18:00:00.000000000,7.38568210209841,328.3543871471668
2014-07-26T19:00:00.000000000,7.295644102008183,319.37741743801706
2014-07-26T20:00:00.000000000,8.662058069535208,315.0
2014-07-26T21:00:00.000000000,9.74782919363136,307.34013388883835
2014-07-26T22:00:00.000000000,10.426063709506261,304.54745099919955
2014-07-26T23:00:00.000000000,11.451699287133058,304.2798473116935
2014-07-27T00:00:00.000000000,12.05397453076502,304.99202603983645
2014-07-27T01:00:00.000000000,13.223182151125995,305.613243190385
2014-07-27T02:00:00.000000000,13.959143239771265,304.52966748795325
2014-07-27T03:00:00.000000000,14.24900427143643,310.0179442990811
2014-07-27T04:00:00.000000000,14.82047992989831,313.2912057708425
2014-07-27T05:00:00.000000000,14.939975760607298,319.0711256160652
2014-07-27T06:00:00.000000000,14.33366663021796,318.28762442737735
2014-07-27T07:00:00.000000000,13.615854419239502,312.50722091167455
2014-07-27T08:00:00.000000000,14.316105316779382,313.3371599354597
2014-07-27T09:00:00.000000000,13.694211249901006,312.63254050064097
2014-07-27T10:00:00.000000000,13.227613803971945,305.73281639991137
2014-07-27T11:00:00.000000000,13.319215568502953,297.8637476613036
2014-07-27T12:00:00.000000000,14.586524965694169,299.8606173144161
2014-07-27T13:00:00.000000000,15.939473531463795,304.64969819235284
2014-07-27T14:00:00.000000000,16.359642023797498,309.0768841731496
2014-07-27T15:00:00.000000000,16.90842525414872,310.4726671706072
2014-07-27T16:00:00.000000000,16.922007799356876,313.6830954354332
2014-07-27T17:00:00.000000000,16.9205304574536,316.0775431515741
2014-07-27T18:00:00.000000000,16.607546438638217,319.1507999009896
2014-07-27T19:00:00.000000000,16.894624796334643,321.7903965718882
2014-07-27T20:00:00.000000000,16.977663267461637,326.68433833399587
2014-07-27T21:00:00.000000000,16.17383850728209,334.2073026623318
2014-07-27T22:00:00.000000000,13.662872082553873,337.7994965130625
2014-07-27T23:00:00.000000000,12.989743657743983,337.77881510383975
2014-07-28T00:00:00.000000000,12.578013307227627,333.68959491937994
2014-07-28T01:00:00.000000000,13.570201459301224,322.82400200178313
2014-07-28T02:00:00.000000000,15.490023604187805,326.3868769848092
2014-07-28T03:00:00.000000000,15.773408117697999,324.319815855745
2014-07-28T04:00:00.000000000,16.52007608253867,322.96536746208807
2014-07-28T05:00:00.000000000,17.64293398821083,323.5279296634028
2014-07-28T06:00:00.000000000,17.95256141309875,323.2657502738594
2014-07-28T07:00:00.000000000,19.00759672685449,319.7747114188156
2014-07-28T08:00:00.000000000,19.131158664092187,317.0917121478061
2014-07-28T09:00:00.000000000,19.277596846267876,322.95921188851014
2014-07-28T10:00:00.000000000,20.458055187224232,326.26139082126514
2014-07-28T11:00:00.000000000,20.168462818397803,325.58109583938005
2014-07-28T12:00:00.000000000,20.007902226901273,322.1564188078757
2014-07-28T13:00:00.000000000,20.961836098443804,317.0781802819273
2014-07-28T14:00:00.000000000,20.91557855778975,308.69189601994424
2014-07-28T15:00:00.000000000,22.91557354978305,308.1326537301418
2014-07-28T16:00:00.000000000,23.719229635583076,311.00413776727805
2014-07-28T17:00:00.000000000,25.172682784789732,310.20629814687584
2014-07-28T18:00:00.000000000,24.31719620809196,314.35439038587805
2014-07-28T19:00:00.000000000,24.735974499580383,312.11204423411186
2014-07-28T20:00:00.000000000,23.404344405127894,322.0284117726108
2014-07-28T21:00:00.000000000,22.956392462686697,331.0484304355235
2014-07-28T22:00:00.000000000,21.345612670727135,329.4102791463567
2014-07-28T23:00:00.000000000,22.12178131002551,330.4800014732044
2014-07-29T00:00:00.000000000,23.496057651267982,333.8302785561491
2014-07-29T01:00:00.000000000,21.997353253398433,333.36215488487625
2014-07-29T02:00:00.000000000,23.091598899336162,336.1823802022908
2014-07-29T03:00:00.000000000,23.596220788444366,333.2720713721204
2014-07-29T04:00:00.000000000,23.864545209205577,333.5960110392683
2014-07-29T05:00:00.000000000,25.166971119558152,333.3840449669447
2014-07-29T06:00:00.000000000,25.568827293404734,337.0073813835284
2014-07-29T07:00:00.000000000,27.32275598244722,342.617836919119
2014-07-29T08:00:00.000000000,25.503078319692627,350.12216949142925
2014-07-29T09:00:00.000000000,25.471777755290518,351.81820893330865
2014-07-29T10:00:00.000000000,24.939217647903632,354.8237737563645
2014-07-29T11:00:00.000000000,26.342115210847744,352.6389265086888
2014-07-29T12:00:00.000000000,24.212836162123445,0.29579369409526635
2014-07-29T13:00:00.000000000,25.27938365055989,355.8316294436423
2014-07-29T14:00:00.000000000,25.17516405531064,359.8008630711394
2014-07-29T15:00:00.000000000,22.425360381088037,0.31937098913988393
2014-07-29T16:00:00.000000000,21.476135311970726,3.4369620238454672
2014-07-29T17:00:00.000000000,18.940514659358676,358.9790001257344
2014-07-29T18:00:00.000000000,19.018193666169225,354.7203370256295
2014-07-29T19:00:00.000000000,17.420473775778003,343.32045211683953
2014-07-29T20:00:00.000000000,18.540812770098842,339.35353851528225
2014-07-29T21:00:00.000000000,19.39070273833999,336.7238170915797
2014-07-29T22:00:00.000000000,19.922750833284056,335.3001854758299
2014-07-29T23:00:00.000000000,20.509156181467002,335.6687590791822
2014-07-30T00:00:00.000000000,19.8927582766856,332.45274599317816
2014-07-30T01:00:00.000000000,19.929455904291974,333.03317156964465
2014-07-30T02:00:00.000000000,20.450445420365007,331.00663443741706
2014-07-30T03:00:00.000000000,19.245960457129367,325.6390589522677
2014-07-30T04:00:00.000000000,21.24797294945143,334.71635949060993
2014-07-30T05:00:00.000000000,20.56655990371636,330.14714367976865
2014-07-30T06:00:00.000000000,21.08348411170665,331.33803881606553
2014-07-30T07:00:00.000000000,19.278629690122646,328.92794246431663
2014-07-30T08:00:00.000000000,23.31468619111473,330.72759101440835
2014-07-30T09:00:00.000000000,22.502154699273994,325.5242693295084
2014-07-30T10:00:00.000000000,23.80850894292458,320.09044208726925
2014-07-30T11:00:00.000000000,23.38463683756455,321.9907151486131
2014-07-30T12:00:00.000000000,24.088839189413925,315.9040437819492
2014-07-30T13:00:00.000000000,26.631827477681234,312.88876521633637
2014-07-30T14:00:00.000000000,25.711225716317365,316.41832126303404
2014-07-30T15:00:00.000000000,25.650368165597666,315.118465795893
2014-07-30T16:00:00.000000000,26.791927341578326,314.4140265864837
2014-07-30T17:00:00.000000000,25.540089573253436,313.1357738034235
2014-07-30T18:00:00.000000000,25.482523196002894,311.61953740421046
2014-07-30T19:00:00.000000000,24.048957841925787,312.38788264325495
2014-07-30T20:00:00.000000000,25.733565202481103,310.3899908206715
2014-07-30T21:00:00.000000000,26.498538882179528,306.36717992949826
2014-07-30T22:00:00.000000000,28.345794722293917,307.29438252634185
2014-07-30T23:00:00.000000000,27.462279099748997,311.4386197799266
2014-07-31T00:00:00.000000000,19.410452480600885,35.511961864718046
2014-07-31T01:00:00.000000000,9.76752457062186,350.2001426602561
2014-07-31T02:00:00.000000000,12.742945856944413,340.3386082867452
2014-07-31T03:00:00.000000000,15.660007167598355,336.97556240217006
2014-07-31T04:00:00.000000000,18.55438996512641,333.9010364636786
2014-07-31T05:00:00.000000000,23.63635595960617,342.3603764642039
2014-07-31T06:00:00.000000000,21.972788799881002,327.2863227804648
2014-07-31T07:00:00.000000000,22.493143784511947,352.0139944784176
2014-07-31T08:00:00.000000000,23.745281822109174,354.86564800929807
2014-07-31T09:00:00.000000000,24.77658722871845,352.4626642178087
2014-07-31T10:00:00.000000000,24.45019287121916,1.8457243829311096
2014-07-31T11:00:00.000000000,23.979145643967197,3.3769864707581405
2014-07-31T12:00:00.000000000,22.287628682987528,358.0715782057968
2014-07-31T13:00:00.000000000,19.627171454629124,354.15143428660053
2014-07-31T14:00:00.000000000,18.16388542911119,347.5610026546984
2014-07-31T15:00:00.000000000,17.374779916062472,344.4339650248526
2014-07-31T16:00:00.000000000,18.035603209536628,345.8385505094704
2014-07-31T17:00:00.000000000,18.356585613396025,348.49112286117776
2014-07-31T18:00:00.000000000,18.104134635323117,348.4495614091591
2014-07-31T19:00:00.000000000,15.965908988098795,357.44225530538705
2014-07-31T20:00:00.000000000,15.797233751634401,6.36021702674941
2014-07-31T21:00:00.000000000,15.111405456285224,15.841232155182809
2014-07-31T22:00:00.000000000,10.305711019305596,49.082121125336414
2014-07-31T23:00:00.000000000,10.4668312892939,55.85446515788277
2014-08-01T00:00:00.000000000,13.195751858162103,57.7702424314885
2014-08-01T01:00:00.000000000,15.782732187953831,52.821529011803875
2014-08-01T02:00:00.000000000,18.476276145167052,62.9148804819323
2014-08-01T03:00:00.000000000,21.101083987672936,72.05878553731986
2014-08-01T04:00:00.000000000,21.00673728254754,75.77356968435492
2014-08-01T05:00:00.000000000,21.164292878525615,75.88168272662983
2014-08-01T06:00:00.000000000,19.922706932231446,71.224008979421
2014-08-01T07:00:00.000000000,18.39162137719233,69.59436149183159
2014-08-01T08:00:00.000000000,17.502306196724398,67.75786615843577
2014-08-01T09:00:00.000000000,17.148781945196493,70.85186582995055
2014-08-01T10:00:00.000000000,17.541566546165313,72.58508901526756
2014-08-01T11:00:00.000000000,16.325263164225493,71.56505117707798
2014-08-01T12:00:00.000000000,16.22515686992354,68.29695618799178
2014-08-01T13:00:00.000000000,14.024846878066338,71.8234333143879
2014-08-01T14:00:00.000000000,12.559970600163187,68.20917545962197
2014-08-01T15:00:00.000000000,12.01365309666188,63.888183302329594
2014-08-01T16:00:00.000000000,11.463653834047571,61.11530157084502
2014-08-01T17:00:00.000000000,11.028502061785797,59.8604232310488
2014-08-01T18:00:00.000000000,10.749551460492134,59.767539102255796
2014-08-01T19:00:00.000000000,9.976991209861247,58.83926400449093
2014-08-01T20:00:00.000000000,9.448695808237428,49.29182474390029
2014-08-01T21:00:00.000000000,9.493164671924308,42.4919159305141
2014-08-01T22:00:00.000000000,9.439686335539799,39.4655638225388
2014-08-01T23:00:00.000000000,9.154916711800277,34.992020198558635
2014-08-02T00:00:00.000000000,8.592412575255379,28.69028174298643
2014-08-02T01:00:00.000000000,9.60101777094188,22.42477567922799
2014-08-02T02:00:00.000000000,9.777351391175095,20.42745017229032
2014-08-02T03:00:00.000000000,10.166498198183916,15.693800860804231
2014-08-02T04:00:00.000000000,10.344149861815945,13.985864175480629
2014-08-02T05:00:00.000000000,9.77168406614908,15.58295801706032
2014-08-02T06:00:00.000000000,9.104428867315072,8.686354581236628
2014-08-02T07:00:00.000000000,9.512402929261976,8.311112943899957
2014-08-02T08:00:00.000000000,9.179630983868579,6.2540327439164685
2014-08-02T09:00:00.000000000,8.934389066330825,4.011369225373301
2014-08-02T10:00:00.000000000,8.31103520107434,4.312784104903415
2014-08-02T11:00:00.000000000,7.314253421462561,4.901878887281271
2014-08-02T12:00:00.000000000,6.519202405202649,4.3987053549955135
2014-08-02T13:00:00.000000000,6.037501500060002,0.0
2014-08-02T14:00:00.000000000,5.676832115111981,347.2796174244661
2014-08-02T15:00:00.000000000,5.533985905294664,341.565051177078
2014-08-02T16:00:00.000000000,6.093145594697518,338.3295572760407
2014-08-02T17:00:00.000000000,6.544320056354212,331.47688139368796
2014-08-02T18:00:00.000000000,7.836105616841938,328.23682512831573
2014-08-02T19:00:00.000000000,8.78003003202989,323.27693647816
2014-08-02T20:00:00.000000000,9.432069191774506,324.32992339844895
2014-08-02T21:00:00.000000000,9.739169901150037,325.6164659810004
2014-08-02T22:00:00.000000000,10.231455473855945,324.09614690781007
2014-08-02T23:00:00.000000000,10.471159420686746,318.0483804273595
2014-08-03T00:00:00.000000000,10.810940239563198,314.2036315976143
2014-08-03T01:00:00.000000000,12.187526599496584,309.7152877729802
2014-08-03T02:00:00.000000000,12.856474331578694,312.3598811228163
2014-08-03T03:00:00.000000000,12.931243510915792,315.117494162172
2014-08-03T04:00:00.000000000,13.060785499050914,317.7152446072275
2014-08-03T05:00:00.000000000,12.729753192900427,319.3803973158118
2014-08-03T06:00:00.000000000,12.827572504264344,323.31993233905905
2014-08-03T07:00:00.000000000,13.016729339237598,325.287449296774
2014-08-03T08:00:00.000000000,12.985426906824706,322.66681228966763
2014-08-03T09:00:00.000000000,12.94951996031888,329.8709640188205
2014-08-03T10:00:00.000000000,13.249400603504997,331.66995302757323
2014-08-03T11:00:00.000000000,13.088098223724362,329.5899479804677
2014-08-03T12:00:00.000000000,13.247320292838808,329.8058290615068
2014-08-03T13:00:00.000000000,14.030426596412655,328.10824310109234
2014-08-03T14:00:00.000000000,13.98960756158991,330.38846552718235
2014-08-03T15:00:00.000000000,13.900816275096108,332.1214813549123
2014-08-03T16:00:00.000000000,14.154595585994576,333.7970080044455
2014-08-03T17:00:00.000000000,14.15912080438214,334.92810773492727
2014-08-03T18:00:00.000000000,14.025748428417772,333.3664378194473
2014-08-03T19:00:00.000000000,13.746240135113988,333.3650447546621
2014-08-03T20:00:00.000000000,14.011430815194851,332.36049597765873
2014-08-03T21:00:00.000000000,14.266926547577683,329.4581011444882
2014-08-03T22:00:00.000000000,14.359280757196958,330.8242867570198
2014-08-03T23:00:00.000000000,14.5134635769688,329.4593951503185
2014-08-04T00:00:00.000000000,14.843656001047842,329.4830798612406
2014-08-04T01:00:00.000000000,15.47809193515813,329.4171572761173
2014-08-04T02:00:00.000000000,16.258163471858794,328.83981704465987
2014-08-04T03:00:00.000000000,16.1538425143253,332.18570392099986
2014-08-04T04:00:00.000000000,15.352869502335533,332.4544346991872
2014-08-04T05:00:00.000000000,15.582256223637216,329.85613255108535
2014-08-04T06:00:00.000000000,14.652624080297905,332.8447978312907
2014-08-04T07:00:00.000000000,15.342299310317125,332.3284493603536
2014-08-04T08:00:00.000000000,15.409219282391499,343.0202940419812
2014-08-04T09:00:00.000000000,14.75813628828102,348.2713042112032
2014-08-04T10:00:00.000000000,13.515857451245035,356.2881457697229
2014-08-04T11:00:00.000000000,14.546097410104432,358.03015658633245
2014-08-04T12:00:00.000000000,16.51825047345987,5.210129738053183
2014-08-04T13:00:00.000000000,15.797233751634401,353.6397829732506
2014-08-04T14:00:00.000000000,15.817370179030954,354.2398539915336
2014-08-04T15:00:00.000000000,16.119140986130986,358.3558150273746
2014-08-04T16:00:00.000000000,16.950463908226144,0.42252751272661726
2014-08-04T17:00:00.000000000,17.21139564915841,7.2179236718776565
2014-08-04T18:00:00.000000000,15.797799221914827,8.78407969180671
2014-08-04T19:00:00.000000000,15.027578813634618,11.029531223980484
2014-08-04T20:00:00.000000000,14.989192121041043,17.120295689112936
2014-08-04T21:00:00.000000000,15.221537343981286,20.176059532643194
2014-08-04T22:00:00.000000000,13.356700349974982,18.553641620902965
2014-08-04T23:00:00.000000000,12.863157407456065,15.211167242752992
2014-08-05T00:00:00.000000000,12.288899085674101,14.91265320606368
2014-08-05T01:00:00.000000000,12.906691853997167,7.792655891338313
2014-08-05T02:00:00.000000000,13.456348728912195,9.086071488817993
2014-08-05T03:00:00.000000000,13.127846595186645,6.725778399254409
2014-08-05T04:00:00.000000000,12.788533979763223,0.7280663057464949
2014-08-05T05:00:00.000000000,12.788112433585999,0.5600581422363575
2014-08-05T06:00:00.000000000,12.820017691159734,355.9183572656852
2014-08-05T07:00:00.000000000,13.605815115354432,348.33907329859926
2014-08-05T08:00:00.000000000,13.342707698456621,5.213860678449521
2014-08-05T09:00:00.000000000,12.172774652434908,357.6458981310786
2014-08-05T10:00:00.000000000,12.461600321209305,2.472084142664869
2014-08-05T11:00:00.000000000,14.208803088346926,2.01662344891065
2014-08-05T12:00:00.000000000,15.333157435886685,358.1313066511957
2014-08-05T13:00:00.000000000,13.470623463266719,354.6756058443186
2014-08-05T14:00:00.000000000,13.781875133787025,353.75162969244974
2014-08-05T15:00:00.000000000,14.402504168244976,343.71990199543774
2014-08-05T16:00:00.000000000,13.870546879596414,341.61403782706026
2014-08-05T17:00:00.000000000,14.950525189877014,330.991930440983
2014-08-05T18:00:00.000000000,18.287338075342674,332.6117422288054
2014-08-05T19:00:00.000000000,15.212847077508442,2.354585134870831
2014-08-05T20:00:00.000000000,16.537123532810714,347.7812273778567
2014-08-05T21:00:00.000000000,14.580563635186572,350.973745064011
2014-08-05T22:00:00.000000000,17.241599963954446,345.6010637465829
2014-08-05T23:00:00.000000000,16.217019241179425,353.8939328690792
2014-08-06T00:00:00.000000000,16.853826149111864,348.88174822026355
2014-08-06T01:00:00.000000000,17.2785017826332,348.1860559140818
2014-08-06T02:00:00.000000000,20.423166917862844,354.38013174411304
2014-08-06T03:00:00.000000000,21.125707293079394,353.44266372807766
2014-08-06T04:00:00.000000000,19.769539926225548,3.26222013738942
2014-08-06T05:00:00.000000000,20.112539462540973,359.8931671991052
2014-08-06T06:00:00.000000000,20.737881229647982,359.65464090912377
2014-08-06T07:00:00.000000000,18.914881094236577,357.72755098790196
2014-08-06T08:00:00.000000000,19.28249890890325,1.5973322357808115
2014-08-06T09:00:00.000000000,18.884563405250407,2.769608704309519
2014-08-06T10:00:00.000000000,18.59945586695025,5.128193992141746
2014-08-06T11:00:00.000000000,17.802995179266848,37.29633027624919
2014-08-06T12:00:00.000000000,11.79206752871474,73.1785852425038
2014-08-06T13:00:00.000000000,11.236797808984551,62.86486037792315
2014-08-06T14:00:00.000000000,9.884489111734608,57.91781284393397
2014-08-06T15:00:00.000000000,10.28210123718584,51.41633817888021
2014-08-06T16:00:00.000000000,10.5893393255575,48.34960994536539
2014-08-06T17:00:00.000000000,11.035235718522136,50.37723695818107
2014-08-06T18:00:00.000000000,10.8724012286543,49.66306768322113
2014-08-06T19:00:00.000000000,9.487072829028287,46.441428349458135
2014-08-06T20:00:00.000000000,8.673136521071068,52.436434894576905
2014-08-06T21:00:00.000000000,8.688616100291334,44.82513361179031
2014-08-06T22:00:00.000000000,7.637378361596457,42.14752118388668
2014-08-06T23:00:00.000000000,7.515453466883669,52.50110692958572
2014-08-07T00:00:00.000000000,6.507903404689831,57.0729988106288
2014-08-07T01:00:00.000000000,5.872460684247428,41.28917170716352
2014-08-07T02:00:00.000000000,6.871421173121234,33.95021395240394
2014-08-07T03:00:00.000000000,6.484947791861302,31.361499069730996
2014-08-07T04:00:00.000000000,6.487838574072784,21.47341806849056
2014-08-07T05:00:00.000000000,6.836587296545462,17.010300401153984
2014-08-07T06:00:00.000000000,5.873259198536769,9.80312334294814
2014-08-07T07:00:00.000000000,6.406163027760203,15.853252225011033
2014-08-07T08:00:00.000000000,6.5565940749208185,4.373570954634317
2014-08-07T09:00:00.000000000,5.812407545566942,354.69400067406644
2014-08-07T10:00:00.000000000,6.857809507291798,346.29304196562913
2014-08-07T11:00:00.000000000,7.754031209635412,358.1523897340054
2014-08-07T12:00:00.000000000,7.351329972416337,16.801887906623108
2014-08-07T13:00:00.000000000,5.4112152054783405,6.6325146151384615
2014-08-07T14:00:00.000000000,5.169896623797088,347.00537074747064
2014-08-07T15:00:00.000000000,5.700029307018388,341.72397538131423
2014-08-07T16:00:00.000000000,5.830951894845301,329.03624346792645
2014-08-07T17:00:00.000000000,5.673525479092055,331.0066936701591
2014-08-07T18:00:00.000000000,5.0901095991544,330.0981266846887
2014-08-07T19:00:00.000000000,4.775351014888734,330.3481199435555
2014-08-07T20:00:00.000000000,7.3423946782801535,349.2065742289466
2014-08-07T21:00:00.000000000,7.403546447480424,348.3106308245608
2014-08-07T22:00:00.000000000,6.643841132959156,348.05582281155364
2014-08-07T23:00:00.000000000,7.0367339725187845,347.69198418257207
2014-08-08T00:00:00.000000000,8.036051580222715,344.66671520694644
2014-08-08T01:00:00.000000000,7.663817185401707,330.3826185490506
2014-08-08T02:00:00.000000000,9.44406428538654,334.6898910966195
2014-08-08T03:00:00.000000000,10.128085949477324,335.96571184055745
2014-08-08T04:00:00.000000000,10.674870261586722,334.8452947371704
2014-08-08T05:00:00.000000000,11.165440508046327,335.52950538235547
2014-08-08T06:00:00.000000000,10.48130171370316,339.0360800769079
2014-08-08T07:00:00.000000000,10.43288955604495,334.4481161735659
2014-08-08T08:00:00.000000000,10.20791035122281,333.8428564501129
2014-08-08T09:00:00.000000000,10.062305898749054,333.434948822922
2014-08-08T10:00:00.000000000,9.721579178640349,333.006634860674
2014-08-08T11:00:00.000000000,9.698407213383215,328.70695803437087
2014-08-08T12:00:00.000000000,9.736033771595523,320.731294971904
2014-08-08T13:00:00.000000000,9.434719092968628,309.7861393215505
2014-08-08T14:00:00.000000000,9.646535969002398,302.619258079853
2014-08-08T15:00:00.000000000,9.207131635364352,294.54697530034923
2014-08-08T16:00:00.000000000,9.768741609786586,290.9164699049883
2014-08-08T17:00:00.000000000,10.550254724532133,290.02372497260814
2014-08-08T18:00:00.000000000,10.397725172547156,290.3303370070727
2014-08-08T19:00:00.000000000,10.700506369547371,293.8401753754299
2014-08-08T20:00:00.000000000,10.587023273919261,299.10719739136346
2014-08-08T21:00:00.000000000,10.407751195690981,304.03362274260786
2014-08-08T22:00:00.000000000,10.293945094070033,305.9097347385564
2014-08-08T23:00:00.000000000,10.223578524656546,308.8458091580607
2014-08-09T00:00:00.000000000,10.483590460894925,314.32370173130863
2014-08-09T01:00:00.000000000,11.509704556947227,300.910404992359
2014-08-09T02:00:00.000000000,12.400662451595954,308.16371969786695
2014-08-09T03:00:00.000000000,13.50380941076438,303.29290342965805
2014-08-09T04:00:00.000000000,16.007314874071906,305.46486310198196
2014-08-09T05:00:00.000000000,15.697867951091474,302.51319685077874
2014-08-09T06:00:00.000000000,12.79847460884904,300.52233445693184
2014-08-09T07:00:00.000000000,14.523403318477191,314.26772716726686
2014-08-09T08:00:00.000000000,16.087975519577153,309.5776023265605
2014-08-09T09:00:00.000000000,18.20854593871129,326.73539205726814
2014-08-09T10:00:00.000000000,14.780574180404109,30.09948404413916
2014-08-09T11:00:00.000000000,14.254266706929494,25.059391658859624
2014-08-09T12:00:00.000000000,15.701007204239913,31.32361243157777
2014-08-09T13:00:00.000000000,15.877345124533168,22.20347444079988
2014-08-09T14:00:00.000000000,16.067331089905338,30.015796335339076
2014-08-09T15:00:00.000000000,17.304830173022616,27.675653937128402
2014-08-09T16:00:00.000000000,18.470462551923216,24.08453565891847
2014-08-09T17:00:00.000000000,17.535970854709298,24.555497748360438
2014-08-09T18:00:00.000000000,17.970715027377825,25.37082178146227
2014-08-09T19:00:00.000000000,17.753106075199177,27.828060359879203
2014-08-09T20:00:00.000000000,18.260497669998596,30.708156956500602
2014-08-09T21:00:00.000000000,17.750849216472268,34.09292442822829
2014-08-09T22:00:00.000000000,17.600007778896405,31.850097777660892
2014-08-09T23:00:00.000000000,16.960181490523883,34.88478209946885
2014-08-10T00:00:00.000000000,17.84764404808612,39.23011258122028
2014-08-10T01:00:00.000000000,17.529497244814642,47.02272313666481
2014-08-10T02:00:00.000000000,18.024747475821233,45.927220306353775
2014-08-10T03:00:00.000000000,18.491691564221327,44.452256014433544
2014-08-10T04:00:00.000000000,18.655536080271695,47.25372349834595
2014-08-10T05:00:00.000000000,18.130227588370595,52.84567814111688
2014-08-10T06:00:00.000000000,18.17644836473903,58.21180037064221
2014-08-10T07:00:00.000000000,17.973790660077494,55.569462582342624
2014-08-10T08:00:00.000000000,18.34103267527385,57.60967006281351
2014-08-10T09:00:00.000000000,18.597593537389127,60.04017389613227
2014-08-10T10:00:00.000000000,18.476276145167052,62.9148804819323
2014-08-10T11:00:00.000000000,17.588285140747207,65.07412600490926
2014-08-10T12:00:00.000000000,16.49834742500693,64.26976764562181
2014-08-10T13:00:00.000000000,14.959472634057386,63.71329190329328
2014-08-10T14:00:00.000000000,14.545325832252912,67.62254223215172
2014-08-10T15:00:00.000000000,14.381610035155909,72.28948180926227
2014-08-10T16:00:00.000000000,14.686816714435334,75.20679904537201
2014-08-10T17:00:00.000000000,14.157977362221336,79.31508872553019
2014-08-10T18:00:00.000000000,13.920177188287767,83.2961761519087
2014-08-10T19:00:00.000000000,12.553319022831843,81.40999312114388
2014-08-10T20:00:00.000000000,12.185603913592539,86.47132698577309
2014-08-10T21:00:00.000000000,12.037501500060003,90.0
2014-08-10T22:00:00.000000000,12.040097273857334,91.18977231056937
2014-08-10T23:00:00.000000000,11.668528880664512,91.84167325802974
2014-08-11T00:00:00.000000000,10.918942897039612,91.96815237242754
2014-08-11T01:00:00.000000000,8.500919067959652,90.84252426074045
2014-08-11T02:00:00.000000000,8.273640371686456,85.6676860168115
2014-08-11T03:00:00.000000000,8.322683205462154,78.74069908391306
2014-08-11T04:00:00.000000000,8.37508541678721,77.06307225368846
2014-08-11T05:00:00.000000000,8.829010808891718,75.23579549319237
2014-08-11T06:00:00.000000000,9.892146372938829,74.61153447281765
2014-08-11T07:00:00.000000000,9.223519284338913,75.07858884918011
2014-08-11T08:00:00.000000000,9.680757136639768,71.16733554263999
2014-08-11T09:00:00.000000000,10.086417078855693,68.9370023245142
2014-08-11T10:00:00.000000000,9.963997691689817,70.20112364547509
2014-08-11T11:00:00.000000000,10.320104662195137,69.4358352533356
2014-08-11T12:00:00.000000000,10.201102881551583,72.89727103094765
2014-08-11T13:00:00.000000000,7.7176745202165655,65.09523119190482
2014-08-11T14:00:00.000000000,8.105746418436738,63.434948822922024
2014-08-11T15:00:00.000000000,8.441897002451523,62.67610869865348
2014-08-11T16:00:00.000000000,8.776744840770979,63.79988515865267
2014-08-11T17:00:00.000000000,8.71903648497892,65.1617472547187
2014-08-11T18:00:00.000000000,9.24070478913811,66.9031780818392
2014-08-11T19:00:00.000000000,8.009759671800397,67.03622694014547
2014-08-11T20:00:00.000000000,7.9970697758616565,65.03721016919297
2014-08-11T21:00:00.000000000,7.604480587127565,64.69862137458028
2014-08-11T22:00:00.000000000,7.771140521184776,64.25929164376714
2014-08-11T23:00:00.000000000,8.722277512209756,64.53665493812838
2014-08-12T00:00:00.000000000,9.455487824538721,65.80679101271124
2014-08-12T01:00:00.000000000,7.783195038029048,60.140983835076895
2014-08-12T02:00:00.000000000,8.1891696770796,58.73626830562256
2014-08-12T03:00:00.000000000,8.559534157884995,61.18920625702697
2014-08-12T04:00:00.000000000,9.151068536704706,61.43951387687855
2014-08-12T05:00:00.000000000,9.39747306460625,61.38954033403479
2014-08-12T06:00:00.000000000,9.184040517469072,59.49095901794897
2014-08-12T07:00:00.000000000,8.500919067959652,53.9726266148964
2014-08-12T08:00:00.000000000,9.68027270346434,53.55922605205882
2014-08-12T09:00:00.000000000,9.536518153308982,51.01179122215831
2014-08-12T10:00:00.000000000,9.405028116034888,53.26717880105787
2014-08-12T11:00:00.000000000,7.736056745879228,65.46411707224632
2014-08-12T12:00:00.000000000,7.584823744709021,61.44983327654688
2014-08-12T13:00:00.000000000,7.486009900225456,42.2929964484328
2014-08-12T14:00:00.000000000,8.33008689038767,38.29726826492612
2014-08-12T15:00:00.000000000,9.105100252140476,35.501104334789375
2014-08-12T16:00:00.000000000,9.604686356149273,38.65980825409008
2014-08-12T17:00:00.000000000,9.644460845480166,42.37359436170925
2014-08-12T18:00:00.000000000,10.03509466821315,50.55994726330954
2014-08-12T19:00:00.000000000,9.132265004467223,51.278959501561246
2014-08-12T20:00:00.000000000,9.305149299629306,52.80684125241447
2014-08-12T21:00:00.000000000,8.455196462909276,59.53015675988513
2014-08-12T22:00:00.000000000,7.714637062104736,63.019769281777144
2014-08-12T23:00:00.000000000,7.846177413237608,59.34933204294714
2014-08-13T00:00:00.000000000,8.467769777219974,58.891191171454864
2014-08-13T01:00:00.000000000,7.896883094725204,51.878423735469084
2014-08-13T02:00:00.000000000,8.067101400131277,49.39870535499551
2014-08-13T03:00:00.000000000,8.043825271598084,44.37040139158972
2014-08-13T04:00:00.000000000,8.055471742859012,41.855042535302005
2014-08-13T05:00:00.000000000,8.585052416846388,47.95077910900636
2014-08-13T06:00:00.000000000,9.481711474022164,51.42276601273397
2014-08-13T07:00:00.000000000,9.7082439194738,55.491477012331586
2014-08-13T08:00:00.000000000,9.359730457573113,54.95156692934893
2014-08-13T09:00:00.000000000,9.401628848236884,54.19665589162889
2014-08-13T10:00:00.000000000,8.804295826470167,51.34019174590992
2014-08-13T11:00:00.000000000,8.786530885394987,50.19442890773479
2014-08-13T12:00:00.000000000,9.205372900478379,54.56181725635514
2014-08-13T13:00:00.000000000,8.877640452282352,57.65255650055798
2014-08-13T14:00:00.000000000,9.24070478913811,59.96671956400485
2014-08-13T15:00:00.000000000,8.94427190999916,63.434948822922024
2014-08-13T16:00:00.000000000,8.6186570879691,70.51387042753424
2014-08-13T17:00:00.000000000,10.278162530335857,76.63978155523552
2014-08-13T18:00:00.000000000,9.10759616960325,78.11944396382597
2014-08-13T19:00:00.000000000,7.538952413193214,79.4912266617232
2014-08-13T20:00:00.000000000,7.30463401638828,86.07505209108285
2014-08-13T21:00:00.000000000,7.426916140016563,93.57030679951004
2014-08-13T22:00:00.000000000,7.055903661991974,103.00221291420053
2014-08-13T23:00:00.000000000,6.089040101906601,99.8103993446889
2014-08-14T00:00:00.000000000,6.212248736377735,99.61396177210315
2014-08-14T01:00:00.000000000,4.038873605350878,111.80140948635182
2014-08-14T02:00:00.000000000,2.750255690387123,90.78128890929139
2014-08-14T03:00:00.000000000,3.1026441525385637,53.684135896724
2014-08-14T04:00:00.000000000,4.073230695451454,31.446279934594372
2014-08-14T05:00:00.000000000,4.963443221393464,31.92891646433901
2014-08-14T06:00:00.000000000,4.20007440410286,36.52885536698517
2014-08-14T07:00:00.000000000,4.07064449591422,37.8904277462193
2014-08-14T08:00:00.000000000,4.902102120439452,47.687025932235485
2014-08-14T09:00:00.000000000,4.32992761050075,51.21104652696704
2014-08-14T10:00:00.000000000,4.077548143456646,52.84908754176166
2014-08-14T11:00:00.000000000,4.49753194532829,52.90716642079764
2014-08-14T12:00:00.000000000,4.382296642424693,55.811342949708546
2014-08-14T13:00:00.000000000,1.505199322349037,41.63353933657021
2014-08-14T14:00:00.000000000,3.298885662176962,346.85892431906535
2014-08-14T15:00:00.000000000,4.39847064037757,308.0749149297306
2014-08-14T16:00:00.000000000,5.853003373242812,296.23669902387604
2014-08-14T17:00:00.000000000,6.544320056354212,298.52311860631204
2014-08-14T18:00:00.000000000,5.830001735682569,306.89445816767494
2014-08-14T19:00:00.000000000,3.7458310159429242,295.70995378081125
2014-08-14T20:00:00.000000000,3.2391419176792433,290.32312761405433
2014-08-14T21:00:00.000000000,3.0770347253024344,286.520876303356
2014-08-14T22:00:00.000000000,3.6358705544131773,280.4986652702986
2014-08-14T23:00:00.000000000,4.307135749310296,290.38088188120753
2014-08-15T00:00:00.000000000,5.392413652530748,314.06080905426444
2014-08-15T01:00:00.000000000,4.064114385358973,333.1197258626235
2014-08-15T02:00:00.000000000,4.881406047441659,320.1944289077348
2014-08-15T03:00:00.000000000,6.700046641628698,306.6561084159669
2014-08-15T04:00:00.000000000,6.250863379403822,321.2507123578627
2014-08-15T05:00:00.000000000,6.046693311223912,330.2551187030578
2014-08-15T06:00:00.000000000,5.919630255526669,329.97000533688265
2014-08-15T07:00:00.000000000,5.199158585771356,332.8188889145228
2014-08-15T08:00:00.000000000,5.369182898728632,335.22485943116806
2014-08-15T09:00:00.000000000,4.743416490252569,341.565051177078
2014-08-15T10:00:00.000000000,5.117508315763319,345.8619235449927
2014-08-15T11:00:00.000000000,5.5532773982439165,349.6259390450752
2014-08-15T12:00:00.000000000,4.772463186075587,354.43874886746363
2014-08-15T13:00:00.000000000,5.491470659122199,348.17851165939277
2014-08-15T14:00:00.000000000,5.4639285191011355,1.3108878144903997
2014-08-15T15:00:00.000000000,5.855019214315185,16.113418233089305
2014-08-15T16:00:00.000000000,6.433420259636528,31.25012616243498
2014-08-15T17:00:00.000000000,5.659615711335886,30.52970589993413
2014-08-15T18:00:00.000000000,4.842988629225426,31.59782920183028
2014-08-15T19:00:00.000000000,3.6543850183644784,7.270845346026022
2014-08-15T20:00:00.000000000,4.229731078922158,18.970407808486527
2014-08-15T21:00:00.000000000,3.816084380618437,31.607502246248885
2014-08-15T22:00:00.000000000,3.5330815144646417,34.47718864096919
2014-08-15T23:00:00.000000000,3.7165171868296265,42.27368900609372
2014-08-16T00:00:00.000000000,3.3482493167611844,39.394773824780145
2014-08-16T01:00:00.000000000,3.956579487019278,32.48508711205295
2014-08-16T02:00:00.000000000,4.0394334673517935,45.37613083182782
2014-08-16T03:00:00.000000000,3.5377429245212264,57.994616791916485
2014-08-16T04:00:00.000000000,2.88609404954287,61.547993881523894
2014-08-16T05:00:00.000000000,3.460896809321753,68.16013047667536
2014-08-16T06:00:00.000000000,5.550123697827256,89.61285655132207
2014-08-16T07:00:00.000000000,8.85473037421242,108.94650468950908
2014-08-16T08:00:00.000000000,9.308094595565732,104.78272604261565
2014-08-16T09:00:00.000000000,9.276987657639737,104.03624346792651
2014-08-16T10:00:00.000000000,8.631338250816034,100.00797980144137
2014-08-16T11:00:00.000000000,8.660876607630243,95.21689891433107
2014-08-16T12:00:00.000000000,8.851631473148986,93.23817665581896
2014-08-16T13:00:00.000000000,6.875,90.0
2014-08-16T14:00:00.000000000,6.377070780344354,91.46017793484333
2014-08-16T15:00:00.000000000,6.261239893184097,93.43363036245051
2014-08-16T16:00:00.000000000,6.229690399546632,94.25761373214317
2014-08-16T17:00:00.000000000,6.263597806975777,93.77605867679006
2014-08-16T18:00:00.000000000,6.379900077587423,92.24574256589506
2014-08-16T19:00:00.000000000,5.904301778147163,84.28942134695103
2014-08-16T20:00:00.000000000,5.9180469001535245,83.08514669716453
2014-08-16T21:00:00.000000000,5.779935508933621,84.16612556959194
2014-08-16T22:00:00.000000000,6.254998001598402,92.29061004263855
2014-08-16T23:00:00.000000000,7.687948636562408,94.66306768322113
2014-08-17T00:00:00.000000000,8.14900300650331,85.60129464500449
2014-08-17T01:00:00.000000000,6.69455214053836,81.73374424446229
2014-08-17T02:00:00.000000000,6.626179140349286,91.0809241866607
2014-08-17T03:00:00.000000000,6.4055639876594785,95.59933933652059
2014-08-17T04:00:00.000000000,5.838836676667856,88.77329680105481
2014-08-17T05:00:00.000000000,6.654415827103082,84.6106882400266
2014-08-17T06:00:00.000000000,8.411838709445364,71.188117074366
2014-08-17T07:00:00.000000000,8.418523102287802,73.87932369480166
2014-08-17T08:00:00.000000000,7.772236131734017,85.66491265367517
2014-08-17T09:00:00.000000000,7.511335266618829,93.14810752461614
2014-08-17T10:00:00.000000000,7.136930887121701,93.3134374222476
2014-08-17T11:00:00.000000000,7.152359750459984,95.01311375503582
2014-08-17T12:00:00.000000000,7.933601222798304,96.96824598809542
2014-08-17T13:00:00.000000000,7.267220926874317,93.94518622903757
2014-08-17T14:00:00.000000000,8.243347968145798,85.04155856655956
2014-08-17T15:00:00.000000000,8.625,90.0
2014-08-17T16:00:00.000000000,8.363510394176407,97.73045395002282
2014-08-17T17:00:00.000000000,8.785091581814532,99.58293344808556
2014-08-17T18:00:00.000000000,8.326351241690444,97.76516601842536
2014-08-17T19:00:00.000000000,8.255575501582355,100.20396347560052
2014-08-17T20:00:00.000000000,8.54152501677755,105.0124251930747
2014-08-17T21:00:00.000000000,9.212916352904413,112.07567586758768
2014-08-17T22:00:00.000000000,9.290452088031023,113.80594351845775
2014-08-17T23:00:00.000000000,9.455487824538721,114.19320898728876
2014-08-18T00:00:00.000000000,9.448048740348453,115.8870262663267
2014-08-18T01:00:00.000000000,8.389912097274918,114.65589874408158
2014-08-18T02:00:00.000000000,6.9698009297253245,122.55000349219341
2014-08-18T03:00:00.000000000,5.6027337077537425,128.65980825409008
2014-08-18T04:00:00.000000000,4.823445345393685,121.21840276434637
2014-08-18T05:00:00.000000000,5.184244531453617,106.81833939407647
2014-08-18T06:00:00.000000000,5.983426139076736,94.79346373127623
2014-08-18T07:00:00.000000000,5.50567888638631,92.60256220249983
2014-08-18T08:00:00.000000000,5.793975674130566,97.06367354880177
2014-08-18T09:00:00.000000000,6.280651029200597,101.1310074487717
2014-08-18T10:00:00.000000000,6.269332280023268,102.31814901647533
2014-08-18T11:00:00.000000000,5.99881468394855,101.66113459608874
2014-08-18T12:00:00.000000000,6.25,90.0
2014-08-18T13:00:00.000000000,5.736396952791883,78.69006752597977
2014-08-18T14:00:00.000000000,6.269580367677865,76.15769373818193
2014-08-18T15:00:00.000000000,6.574677728736346,74.5633510259662
2014-08-18T16:00:00.000000000,6.336895927818288,75.14138555207535
2014-08-18T17:00:00.000000000,5.420131880377868,86.95941773252105
2014-08-18T18:00:00.000000000,4.312374517068701,96.15676523532079
2014-08-18T19:00:00.000000000,4.017539669997049,84.6441749571448
2014-08-18T20:00:00.000000000,3.662693489830745,89.4133510684211
2014-08-18T21:00:00.000000000,4.209831625321112,86.08405858893144
2014-08-18T22:00:00.000000000,4.706529492422922,74.59807687709741
2014-08-18T23:00:00.000000000,4.897848531555643,72.1662008631028
2014-08-19T00:00:00.000000000,5.038911092686593,66.61477894278624
2014-08-19T01:00:00.000000000,5.16219857357471,56.156024643326475
2014-08-19T02:00:00.000000000,4.599592373243524,42.79740183823418
2014-08-19T03:00:00.000000000,5.683433677187301,45.267329603224994
2014-08-19T04:00:00.000000000,5.938486760109852,49.26789330029084
2014-08-19T05:00:00.000000000,6.363961030678928,45.0
2014-08-19T06:00:00.000000000,6.996650984578265,41.378515295882664
2014-08-19T07:00:00.000000000,7.05213730807028,47.65798783051082
2014-08-19T08:00:00.000000000,7.623246576215853,51.457563874545144
2014-08-19T09:00:00.000000000,7.179929551310844,56.14393173696328
2014-08-19T10:00:00.000000000,6.634061245722467,50.58147327683906
2014-08-19T11:00:00.000000000,5.745922467280602,45.88140399658215
2014-08-19T12:00:00.000000000,7.203514767111955,38.65980825409008
2014-08-19T13:00:00.000000000,6.578848683470383,38.829824904970394
2014-08-19T14:00:00.000000000,7.890857051043315,40.50284838533224
2014-08-19T15:00:00.000000000,7.751007998963748,52.20605700138327
2014-08-19T16:00:00.000000000,7.221928412827145,66.54097591853844
2014-08-19T17:00:00.000000000,6.58299236577043,68.50162091843453
2014-08-19T18:00:00.000000000,6.993300365349683,65.72555886556052
2014-08-19T19:00:00.000000000,5.488624600025037,59.931417178137565
2014-08-19T20:00:00.000000000,5.088283109261905,62.17590361574673
2014-08-19T21:00:00.000000000,4.938656014082527,75.78791641168925
2014-08-19T22:00:00.000000000,5.5901699437494745,79.69515353123398
2014-08-19T23:00:00.000000000,6.6673176765472935,83.54118362128133
2014-08-20T00:00:00.000000000,6.510808321552709,86.69813432556498
2014-08-20T01:00:00.000000000,5.735034873477231,73.53998518795999
2014-08-20T02:00:00.000000000,5.306246319197781,74.9816393688493
2014-08-20T03:00:00.000000000,5.024937810560445,84.28940686250036
2014-08-20T04:00:00.000000000,5.251487884400001,88.63607246839706
2014-08-20T05:00:00.000000000,5.413944725258263,91.32299261863386
2014-08-20T06:00:00.000000000,5.663881022601179,91.26460176962507
2014-08-20T07:00:00.000000000,5.251487884400001,88.63607246839706
2014-08-20T08:00:00.000000000,5.50012784965102,90.39066261481594
2014-08-20T09:00:00.000000000,5.803676301500348,97.79852773082303
2014-08-20T10:00:00.000000000,6.486765372664561,115.08359400619094
2014-08-20T11:00:00.000000000,6.46019069765425,132.17672313313722
2014-08-20T12:00:00.000000000,5.09558835669023,137.3859192045445
2014-08-20T13:00:00.000000000,4.52523961788196,145.12467637711995
2014-08-20T14:00:00.000000000,5.974279317355921,183.59876901981582
2014-08-20T15:00:00.000000000,6.668698962266814,188.95030816991365
2014-08-20T16:00:00.000000000,6.316261472391066,188.30650864920673
2014-08-20T17:00:00.000000000,6.294839156007086,186.84277341263095
2014-08-20T18:00:00.000000000,7.555006618130788,196.33604288971847
2014-08-20T19:00:00.000000000,9.768289937895664,165.62590448149479
2014-08-20T20:00:00.000000000,11.678859529580992,157.46979283425026
2014-08-20T21:00:00.000000000,9.042167908652868,225.16802903357922
2014-08-20T22:00:00.000000000,8.619827158247535,212.74521911063948
2014-08-20T23:00:00.000000000,7.535218103129247,210.94746203408195
2014-08-21T00:00:00.000000000,8.690871647884348,220.333141628561
2014-08-21T01:00:00.000000000,8.839349515179189,219.83669442312095
2014-08-21T02:00:00.000000000,9.882980325451264,219.5086630598068
2014-08-21T03:00:00.000000000,11.15283822568371,215.09724313228455
2014-08-21T04:00:00.000000000,10.719433287259173,211.65127288671263
2014-08-21T05:00:00.000000000,10.81209608439186,208.52059513792233
2014-08-21T06:00:00.000000000,10.98193882504309,202.27379326300664
2014-08-21T07:00:00.000000000,11.567286978432321,208.53141953835345
2014-08-21T08:00:00.000000000,11.68515875180824,211.9729262303635
2014-08-21T09:00:00.000000000,11.984921967432406,219.20111738387325
2014-08-21T10:00:00.000000000,11.348269522436633,221.87462999428902
2014-08-21T11:00:00.000000000,11.400015858358008,216.93274450832251
2014-08-21T12:00:00.000000000,12.702526852911362,216.96013095989844
2014-08-21T13:00:00.000000000,13.10661039912548,223.06767757962365
2014-08-21T14:00:00.000000000,13.692867443162294,225.85068603199997
2014-08-21T15:00:00.000000000,13.023840653952185,227.56725742489678
2014-08-21T16:00:00.000000000,12.865540195275551,233.65339965028556
2014-08-21T17:00:00.000000000,12.262503757031265,236.6015231064029
2014-08-21T18:00:00.000000000,11.491956304406882,239.97684342367117
2014-08-21T19:00:00.000000000,11.440260496975661,237.62964221219278
2014-08-21T20:00:00.000000000,10.777647446851832,240.84858375814804
2014-08-21T21:00:00.000000000,10.501556199609503,236.80173414314044
2014-08-21T22:00:00.000000000,10.045972985501878,239.5742279078521
2014-08-21T23:00:00.000000000,9.78015295058936,240.35503961523227
2014-08-22T00:00:00.000000000,9.390397075658825,247.29213571636927
2014-08-22T01:00:00.000000000,8.927323591958055,249.50969256690632
2014-08-22T02:00:00.000000000,9.201338118242091,247.89508141281993
2014-08-22T03:00:00.000000000,9.050214555767738,249.46251689447791
2014-08-22T04:00:00.000000000,8.982002385592603,250.6573266126092
2014-08-22T05:00:00.000000000,8.734536127708322,245.9293492439513
2014-08-22T06:00:00.000000000,8.348212437773086,240.97878473719663
2014-08-22T07:00:00.000000000,7.8731432830578685,237.97539659885854
2014-08-22T08:00:00.000000000,8.249673724824449,235.05784102876044
2014-08-22T09:00:00.000000000,8.442569308897006,233.3677294381725
2014-08-22T10:00:00.000000000,8.628755454418192,228.87662958464176
2014-08-22T11:00:00.000000000,9.204759928536332,222.0277717306854
2014-08-22T12:00:00.000000000,10.217359954223676,219.68896101342364
2014-08-22T13:00:00.000000000,10.538094116450862,218.2564784258328
2014-08-22T14:00:00.000000000,10.423087618612117,222.37538875497202
2014-08-22T15:00:00.000000000,10.958022940098056,228.05166116091394
2014-08-22T16:00:00.000000000,10.995125302492234,231.87937156702557
2014-08-22T17:00:00.000000000,10.799549871054115,231.06056460810166
2014-08-22T18:00:00.000000000,10.606261095092131,230.21173504264814
2014-08-22T19:00:00.000000000,9.695168356020801,222.7010520500432
2014-08-22T20:00:00.000000000,9.908340206083754,213.62994668963586
2014-08-22T21:00:00.000000000,10.025010551850999,208.77011607410785
2014-08-22T22:00:00.000000000,10.242232533210757,209.9443880644378
2014-08-22T23:00:00.000000000,10.438850137345055,213.9184212373116
2014-08-23T00:00:00.000000000,10.354991335828528,221.23147730444802
2014-08-23T01:00:00.000000000,11.293598385634763,223.07147682262334
2014-08-23T02:00:00.000000000,11.164824450371144,230.17809699835385
2014-08-23T03:00:00.000000000,11.599397809702888,237.54308319833586
2014-08-23T04:00:00.000000000,12.537190877658494,237.83118167547968
2014-08-23T05:00:00.000000000,13.122186896746076,238.59635393736806
2014-08-23T06:00:00.000000000,13.897543796275073,234.2227431924667
2014-08-23T07:00:00.000000000,15.92562855986228,222.45527525565066
2014-08-23T08:00:00.000000000,17.53153479720886,221.155251966698
2014-08-23T09:00:00.000000000,18.32773587864021,222.7889753627755
2014-08-23T10:00:00.000000000,19.048800047606395,224.38857520352957
2014-08-23T11:00:00.000000000,19.154244448311314,224.6034524895777
2014-08-23T12:00:00.000000000,16.188592024251996,235.4755495185051
2014-08-23T13:00:00.000000000,9.395581602077552,274.80804426532933
2014-08-23T14:00:00.000000000,10.326136756819759,240.64232353466298
2014-08-23T15:00:00.000000000,11.125112345500023,269.7425080632744
2014-08-23T16:00:00.000000000,10.73007716134911,284.78095657122327
2014-08-23T17:00:00.000000000,10.421322376006984,293.76711947637637
2014-08-23T18:00:00.000000000,9.543127236451742,298.64641260837294
2014-08-23T19:00:00.000000000,8.7187751856486,291.26752776686453
2014-08-23T20:00:00.000000000,8.582586526677828,293.4287019972635
2014-08-23T21:00:00.000000000,9.10611176358313,293.1159896487628
2014-08-23T22:00:00.000000000,9.87243742450855,290.4541722877375
2014-08-23T23:00:00.000000000,11.063735806679405,302.074000875294
2014-08-24T00:00:00.000000000,10.387041205271114,309.6290053044643
2014-08-24T01:00:00.000000000,12.384270991381438,288.416667575533
2014-08-24T02:00:00.000000000,13.52518502462007,273.4970724248279
2014-08-24T03:00:00.000000000,14.141118977996296,267.2640651271865
2014-08-24T04:00:00.000000000,14.253157481763013,268.79396327818796
2014-08-24T05:00:00.000000000,14.13445854125416,266.8061721212698
2014-08-24T06:00:00.000000000,12.167902094291668,268.2928699174263
2014-08-24T07:00:00.000000000,9.077385260261615,264.62702972673287
2014-08-24T08:00:00.000000000,5.812553192207082,247.62658066601415
2014-08-24T09:00:00.000000000,5.681659088681756,219.6441749571448
2014-08-24T10:00:00.000000000,7.984083676208808,195.99470920940539
2014-08-24T11:00:00.000000000,11.942622554561728,181.67943936726377
2014-08-24T12:00:00.000000000,13.037451265940776,175.65611269391957
2014-08-24T13:00:00.000000000,13.870348325431305,169.77367665598433
2014-08-24T14:00:00.000000000,13.613746489348316,167.43125655490064
2014-08-24T15:00:00.000000000,12.037701192503492,164.95360816780146
2014-08-24T16:00:00.000000000,11.57441226853557,159.97989451287037
2014-08-24T17:00:00.000000000,11.379811806921092,157.32206139791128
2014-08-24T18:00:00.000000000,11.273070247976763,155.70855853201965
2014-08-24T19:00:00.000000000,9.561334322525365,160.0489261148191
2014-08-24T20:00:00.000000000,7.7277492809593005,159.74769901125796
2014-08-24T21:00:00.000000000,6.153872397691695,144.34057175177446
2014-08-24T22:00:00.000000000,5.365528374451274,134.339298380569
2014-08-24T23:00:00.000000000,4.622787699310533,134.67133405457105
2014-08-25T00:00:00.000000000,4.149886621928784,146.5492331272133
2014-08-25T01:00:00.000000000,2.2847673815361946,123.16840024068301
2014-08-25T02:00:00.000000000,1.8215743054640987,133.33159779600567
2014-08-25T03:00:00.000000000,1.902509871988519,106.410802405874
2014-08-25T04:00:00.000000000,2.9509563112225212,91.45641538540275
2014-08-25T05:00:00.000000000,4.047724728229863,94.07303011970106
2014-08-25T06:00:00.000000000,5.130453120775345,97.41938981820925
2014-08-25T07:00:00.000000000,4.3767853500028995,88.3634229583833
2014-08-25T08:00:00.000000000,5.837498499939998,90.0
2014-08-25T09:00:00.000000000,6.429776725314943,97.48421957728573
2014-08-25T10:00:00.000000000,6.655695830469701,106.69925660270764
2014-08-25T11:00:00.000000000,7.17785398646549,101.34907831284528
2014-08-25T12:00:00.000000000,7.837463464961342,110.83412841681616
2014-08-25T13:00:00.000000000,7.037844130129623,109.72227776444709
2014-08-25T14:00:00.000000000,7.106974776662961,113.09273876202025
2014-08-25T15:00:00.000000000,6.8480929160126545,122.70384869017482
2014-08-25T16:00:00.000000000,5.601683904050521,154.06403623262872
2014-08-25T17:00:00.000000000,5.300129567885931,179.5947578096575
2014-08-25T18:00:00.000000000,3.8229967433504943,193.80908795665917
2014-08-25T19:00:00.000000000,2.6228869328826887,215.88687097288764
2014-08-25T20:00:00.000000000,2.592327161578329,209.77917787982568
2014-08-25T21:00:00.000000000,4.092074914172654,206.8782141761168
2014-08-25T22:00:00.000000000,4.8713817395027235,208.34065525257014
2014-08-25T23:00:00.000000000,4.729496532455333,206.0232959244895
2014-08-26T00:00:00.000000000,3.6566987282387395,207.7038169804986
2014-08-26T01:00:00.000000000,4.85059486105006,215.98395379169517
2014-08-26T02:00:00.000000000,7.023740314443059,222.69215386974278
2014-08-26T03:00:00.000000000,8.260999895739111,220.7048090556469
2014-08-26T04:00:00.000000000,8.118388627339122,226.87181831771355
2014-08-26T05:00:00.000000000,8.254637620724637,213.76237713525146
2014-08-26T06:00:00.000000000,9.310361418909178,209.6972032105712
2014-08-26T07:00:00.000000000,9.008766737331342,211.7273107749867
2014-08-26T08:00:00.000000000,9.517462624830939,211.95752183706355
2014-08-26T09:00:00.000000000,11.178046850013311,214.38319695864323
2014-08-26T10:00:00.000000000,11.549809412090292,218.01099742538267
2014-08-26T11:00:00.000000000,11.944847082804557,220.37371685902184
2014-08-26T12:00:00.000000000,12.412965812778822,223.69437071914695
2014-08-26T13:00:00.000000000,11.658520587988868,224.7828333523698
2014-08-26T14:00:00.000000000,10.865501384942304,228.49785994981454
2014-08-26T15:00:00.000000000,9.820563984336545,229.9049904936908
2014-08-26T16:00:00.000000000,9.38354758047078,230.35080137030698
2014-08-26T17:00:00.000000000,10.32637924665287,227.6983454953815
2014-08-26T18:00:00.000000000,11.022833941237304,225.68919717255974
2014-08-26T19:00:00.000000000,10.346759785318334,221.17943933261063
2014-08-26T20:00:00.000000000,10.89226056903011,223.69807014691136
2014-08-26T21:00:00.000000000,9.618427522388608,231.1192528822881
2014-08-26T22:00:00.000000000,7.412922921378704,243.99665923867144
2014-08-26T23:00:00.000000000,6.206095793653205,242.40270413135624
2014-08-27T00:00:00.000000000,5.963430220938282,236.97613244420336
2014-08-27T01:00:00.000000000,8.5432139248912,233.86786304760906
2014-08-27T02:00:00.000000000,7.087941361055533,252.23606938794396
2014-08-27T03:00:00.000000000,6.156805178012376,264.1736579704442
2014-08-27T04:00:00.000000000,4.879629147023034,267.50408926812383
2014-08-27T05:00:00.000000000,4.197111791012446,247.4065197544259
2014-08-27T06:00:00.000000000,3.287402289318075,244.3118923523767
2014-08-27T07:00:00.000000000,1.8756664682178972,268.4725661695591
2014-08-27T08:00:00.000000000,1.5103807466993215,294.44395478041656
2014-08-27T09:00:00.000000000,1.6298006013006623,237.52880770915152
2014-08-27T10:00:00.000000000,2.23606797749979,243.43494882292202
2014-08-27T11:00:00.000000000,2.57390753524675,240.94539590092285
2014-08-27T12:00:00.000000000,2.4906073556464094,252.47443162627712
2014-08-27T13:00:00.000000000,2.6740592829634418,228.41108918996318
2014-08-27T14:00:00.000000000,3.1292133572963152,229.37406810965578
2014-08-27T15:00:00.000000000,3.102635268662218,233.68435910411895
2014-08-27T16:00:00.000000000,3.404442938579437,229.46735371700575
2014-08-27T17:00:00.000000000,3.6973234063045313,222.8080528794208
2014-08-27T18:00:00.000000000,4.335896130725518,220.44012877331286
2014-08-27T19:00:00.000000000,3.807478086897619,219.8056577984722
2014-08-27T20:00:00.000000000,3.527584780765825,226.29222127711932
2014-08-27T21:00:00.000000000,3.327347284190062,239.77459491283278
2014-08-27T22:00:00.000000000,3.5988058765931994,256.54299284403703
2014-08-27T23:00:00.000000000,3.846853924008131,289.55365587262133
2014-08-28T00:00:00.000000000,3.998611741853256,300.01148545313345
2014-08-28T01:00:00.000000000,4.395628208731771,279.32837509864794
2014-08-28T02:00:00.000000000,5.213997085909881,268.62626339158425
2014-08-28T03:00:00.000000000,5.093637304215106,272.813255275081
2014-08-28T04:00:00.000000000,4.387801439737615,278.684135896724
2014-08-28T05:00:00.000000000,4.2135359778550265,286.0154704678192
2014-08-28T06:00:00.000000000,3.5713472054795696,284.18216359756127
2014-08-28T07:00:00.000000000,3.4682700388152785,273.30588114003297
2014-08-28T08:00:00.000000000,2.9550004547154884,286.21179511096705
2014-08-28T09:00:00.000000000,2.9803797556337956,324.0433136067512
2014-08-28T10:00:00.000000000,3.0085540941059605,340.5863653447131
2014-08-28T11:00:00.000000000,2.3656370071392994,324.46227997353134
2014-08-28T12:00:00.000000000,2.009702027003442,311.7222921280976
2014-08-28T13:00:00.000000000,1.0852711527740437,302.77476786659815
2014-08-28T14:00:00.000000000,1.2468090722186589,334.4625034102632
2014-08-28T15:00:00.000000000,1.1524430571616109,319.3987053549955
2014-08-28T16:00:00.000000000,1.0077822185373186,299.7448812969422
2014-08-28T17:00:00.000000000,0.8383377003979342,272.56387721560503
2014-08-28T18:00:00.000000000,1.7508013093191042,236.6503134568602
2014-08-28T19:00:00.000000000,1.9499972306587985,247.38010114772715
2014-08-28T20:00:00.000000000,2.8108008287831363,224.63956690832217
2014-08-28T21:00:00.000000000,3.1503908485368837,215.96046090876055
2014-08-28T22:00:00.000000000,2.2727302907787994,216.0505335961409
2014-08-28T23:00:00.000000000,2.243669616863964,208.99258076491458
2014-08-29T00:00:00.000000000,1.8229854942639403,200.05025303523578
2014-08-29T01:00:00.000000000,2.9910253173965233,192.06132146587382
2014-08-29T02:00:00.000000000,2.8812146287914295,189.99358543593038
2014-08-29T03:00:00.000000000,2.942150573984955,192.2647737278924
2014-08-29T04:00:00.000000000,3.22657552411791,210.24044611908528
2014-08-29T05:00:00.000000000,3.7800681690766855,216.52884183334402
2014-08-29T06:00:00.000000000,4.452335677818079,208.50774694715034
2014-08-29T07:00:00.000000000,5.662072663802409,214.56713312466664
2014-08-29T08:00:00.000000000,6.706444269286202,214.90452192693556
2014-08-29T09:00:00.000000000,6.608104625240264,218.62594738896777
2014-08-29T10:00:00.000000000,5.886545664738088,219.5718935126336
2014-08-29T11:00:00.000000000,5.980935365895417,222.45895608676568
2014-08-29T12:00:00.000000000,6.12996074522519,222.76883568464856
2014-08-29T13:00:00.000000000,7.230774006025465,215.1461963061871
2014-08-29T14:00:00.000000000,7.318579450738072,213.717264418647
2014-08-29T15:00:00.000000000,8.056155418573901,215.14503115905393
2014-08-29T16:00:00.000000000,8.8371164664439,213.869958941716
2014-08-29T17:00:00.000000000,9.50289813178428,212.10131980062374
2014-08-29T18:00:00.000000000,10.077582726685838,215.05024866178644
2014-08-29T19:00:00.000000000,9.39002490959146,216.99196244323113
2014-08-29T20:00:00.000000000,9.55003272245703,217.01988625483148
2014-08-29T21:00:00.000000000,9.725128533854964,217.16447489351145
2014-08-29T22:00:00.000000000,9.859164518355499,219.3405181598375
2014-08-29T23:00:00.000000000,9.924716620639604,220.91438322002512
2014-08-30T00:00:00.000000000,10.752973111585549,220.61573800521822
2014-08-30T01:00:00.000000000,12.504170222709496,223.21769050229673
2014-08-30T02:00:00.000000000,12.987740864236368,222.50368269741008
2014-08-30T03:00:00.000000000,13.188080978927024,220.77211735606267
2014-08-30T04:00:00.000000000,12.564601944805963,220.96607550575766
2014-08-30T05:00:00.000000000,12.432680190439548,222.26982005098137
2014-08-30T06:00:00.000000000,11.863587408307575,222.56608067185135
2014-08-30T07:00:00.000000000,12.582893047677638,223.34964550141214
2014-08-30T08:00:00.000000000,12.630959124374971,224.63918369047528
2014-08-30T09:00:00.000000000,12.372520163723287,226.92419443771843
2014-08-30T10:00:00.000000000,11.734876168890288,229.7959281330562
2014-08-30T11:00:00.000000000,12.087946360453977,227.76622349824052
2014-08-30T12:00:00.000000000,12.20875246092312,228.27883147225825
2014-08-30T13:00:00.000000000,10.968374442444485,227.21682541754882
2014-08-30T14:00:00.000000000,10.659936971339643,228.32745850978267
2014-08-30T15:00:00.000000000,11.043220214626817,230.3273501145348
2014-08-30T16:00:00.000000000,10.328323051595104,235.7522724528361
2014-08-30T17:00:00.000000000,10.076967059451071,237.51256517871047
2014-08-30T18:00:00.000000000,10.273574351400159,239.75372774524362
2014-08-30T19:00:00.000000000,9.045834140151195,230.3263114934838
2014-08-30T20:00:00.000000000,8.88806386755568,232.48556744827277
2014-08-30T21:00:00.000000000,9.488630939320942,238.46679776598742
2014-08-30T22:00:00.000000000,9.92122697579978,245.1140692478719
2014-08-30T23:00:00.000000000,9.987018047656862,252.74448865431665
2014-08-31T00:00:00.000000000,9.654754114380276,263.2339495374676
2014-08-31T01:00:00.000000000,10.021653876672264,261.53650773333834
2014-08-31T02:00:00.000000000,10.756426284622473,266.6023699300477
2014-08-31T03:00:00.000000000,11.713053530708935,269.4498092988589
2014-08-31T04:00:00.000000000,12.257371168062388,271.98714191826394
2014-08-31T05:00:00.000000000,12.441110717354402,271.3818659728514
2014-08-31T06:00:00.000000000,12.997381060564225,273.3633386665713
2014-08-31T07:00:00.000000000,13.596417133185442,273.21499610284394
2014-08-31T08:00:00.000000000,14.402026439807052,277.2299550208195
2014-08-31T09:00:00.000000000,15.840656996745583,283.92665254255445
2014-08-31T10:00:00.000000000,16.478986635618003,279.56241034522975
2014-08-31T11:00:00.000000000,17.144100930486697,275.1453105071998
2014-08-31T12:00:00.000000000,18.18393956995193,274.61321694670903
2014-08-31T13:00:00.000000000,18.093577200453442,275.82878584293564
2014-08-31T14:00:00.000000000,17.97292744802491,275.5877147223042
2014-08-31T15:00:00.000000000,16.80128989496245,282.5473564980917
2014-08-31T16:00:00.000000000,14.775353959177993,294.9174048329716
2014-08-31T17:00:00.000000000,11.179016755920337,328.0693235701365
2014-08-31T18:00:00.000000000,5.169547543703488,302.95996808061784
2014-08-31T19:00:00.000000000,6.859734422313159,295.81795047367245
2014-08-31T20:00:00.000000000,11.83538790929494,277.8306529360375
2014-08-31T21:00:00.000000000,17.174402115797413,297.2924283388927
2014-08-31T22:00:00.000000000,17.866285870967676,313.9511631444893
2014-08-31T23:00:00.000000000,17.396952953466993,60.89342338304073
2014-09-01T00:00:00.000000000,14.861635465296446,69.82750423171672
2014-09-01T01:00:00.000000000,12.964670801405326,57.32120344193936
2014-09-01T02:00:00.000000000,12.992786460186283,59.981632572390936
2014-09-01T03:00:00.000000000,12.144561014173942,60.189284114896
2014-09-01T04:00:00.000000000,11.397294020454671,60.426596154387255
2014-09-01T05:00:00.000000000,10.327972537575889,62.07029046735329
2014-09-01T06:00:00.000000000,9.560661587986472,64.44003482817618
2014-09-01T07:00:00.000000000,10.244650072194197,56.44565590861282
2014-09-01T08:00:00.000000000,10.97965657372049,54.2651679127128
2014-09-01T09:00:00.000000000,11.50834733415649,51.74840366787595
2014-09-01T10:00:00.000000000,11.78551275883624,57.25382385304317
2014-09-01T11:00:00.000000000,12.39650414890653,65.57995519439896
2014-09-01T12:00:00.000000000,13.48140645441164,73.2956691633463
2014-09-01T13:00:00.000000000,11.712101225393196,74.52499039464612
2014-09-01T14:00:00.000000000,12.011642945030536,76.1517548274087
2014-09-01T15:00:00.000000000,12.394487408278604,82.46645265048926
2014-09-01T16:00:00.000000000,12.590525225463278,87.15463931214595
2014-09-01T17:00:00.000000000,12.347801381337776,93.48226375621357
2014-09-01T18:00:00.000000000,12.625225758497434,95.11225381108619
2014-09-01T19:00:00.000000000,12.226567087247417,95.86796598510671
2014-09-01T20:00:00.000000000,12.245976578613353,100.5873200287204
2014-09-01T21:00:00.000000000,11.703219267626901,99.65346663774164
2014-09-01T22:00:00.000000000,11.51697117301246,93.11084065349075
2014-09-01T23:00:00.000000000,10.918942897039612,88.03184762757246
2014-09-02T00:00:00.000000000,10.859681791553417,83.39033818360753
2014-09-02T01:00:00.000000000,10.321013079571783,73.82584391643547
2014-09-02T02:00:00.000000000,10.611449175378855,69.08847278617554
2014-09-02T03:00:00.000000000,10.42456729205743,67.95618709811129
2014-09-02T04:00:00.000000000,12.298373876248844,63.434948822922024
2014-09-02T05:00:00.000000000,11.364693132680706,60.333284793053565
2014-09-02T06:00:00.000000000,13.361729664008205,73.14160309768613
2014-09-02T07:00:00.000000000,12.884033456723746,72.49675267689952
2014-09-02T08:00:00.000000000,11.803926846130986,67.59016540432361
2014-09-02T09:00:00.000000000,11.083695778653292,68.15059694629343
2014-09-02T10:00:00.000000000,10.407329148249325,65.89776549883885
2014-09-02T11:00:00.000000000,9.999290449258478,70.27390872560761
2014-09-02T12:00:00.000000000,9.407852258279613,80.82553242496084
2014-09-02T13:00:00.000000000,7.798328594218558,75.1395767689512
2014-09-02T14:00:00.000000000,8.508268037620818,79.84573341979973
2014-09-02T15:00:00.000000000,9.012224065876126,77.17812392222027
2014-09-02T16:00:00.000000000,8.536769338484072,72.97129152392108
2014-09-02T17:00:00.000000000,8.487390919089139,66.56873032705613
2014-09-02T18:00:00.000000000,7.661796460360978,61.762554461832735
2014-09-02T19:00:00.000000000,7.0997359105814635,63.88608736970929
2014-09-02T20:00:00.000000000,6.66380146763092,66.80140948635182
2014-09-02T21:00:00.000000000,5.981743057002699,63.97040780848653
2014-09-02T22:00:00.000000000,6.018579326812663,61.46552361294761
2014-09-02T23:00:00.000000000,5.478651750202782,62.850318302216806
2014-09-03T00:00:00.000000000,5.318011846545662,60.42216131873869
2014-09-03T01:00:00.000000000,4.375,53.13010235415595
2014-09-03T02:00:00.000000000,3.9250796170268956,52.76516601842536
2014-09-03T03:00:00.000000000,3.3634060117684275,48.012787504183336
2014-09-03T04:00:00.000000000,3.75,36.86989764584405
2014-09-03T05:00:00.000000000,4.650268809434569,36.25383773744477
2014-09-03T06:00:00.000000000,5.0,36.86989764584405
2014-09-03T07:00:00.000000000,6.655931207431592,44.46739446903314
2014-09-03T08:00:00.000000000,6.174544517614234,58.240519915187235
2014-09-03T09:00:00.000000000,6.241243866409964,57.26477372789242
2014-09-03T10:00:00.000000000,5.199158585771356,62.8188889145228
2014-09-03T11:00:00.000000000,4.190763653560053,72.64597536373867
2014-09-03T12:00:00.000000000,3.760402239122831,74.57783868126131
2014-09-03T13:00:00.000000000,3.3541019662496847,63.434948822922024
2014-09-03T14:00:00.000000000,2.9614463717644397,70.26484596190812
2014-09-03T15:00:00.000000000,2.7090430483515324,79.36411027954125
2014-09-03T16:00:00.000000000,3.164747225293041,80.9097230791777
2014-09-03T17:00:00.000000000,3.0026030373660784,87.61405596961117
2014-09-03T18:00:00.000000000,3.0075165190696374,94.05165533181668
2014-09-03T19:00:00.000000000,3.9250796170268956,80.83765295427827
2014-09-03T20:00:00.000000000,3.8830561417522667,86.30861401354872
2014-09-03T21:00:00.000000000,3.502231431530475,87.95459151111277
2014-09-03T22:00:00.000000000,3.2882366094914763,98.74616226255523
2014-09-03T23:00:00.000000000,3.5089172119045497,94.08561677997488
2014-09-04T00:00:00.000000000,3.972562145517676,102.72435568542238
2014-09-04T01:00:00.000000000,5.25,90.0
2014-09-04T02:00:00.000000000,5.4112152054783405,96.63251461513846
2014-09-04T03:00:00.000000000,4.7762432936357,96.00900595749454
2014-09-04T04:00:00.000000000,5.126524163602469,91.39718102729637
2014-09-04T05:00:00.000000000,6.1300999176196145,87.66269414087617
2014-09-04T06:00:00.000000000,7.384527743870965,87.08916217383228
2014-09-04T07:00:00.000000000,8.270892000711395,85.9267325060693
2014-09-04T08:00:00.000000000,8.375932783875477,90.85509739626673
2014-09-04T09:00:00.000000000,8.202514858261459,97.88313931672974
2014-09-04T10:00:00.000000000,8.962595885121676,98.01709307365536
2014-09-04T11:00:00.000000000,9.155770038614994,104.22596389875179
2014-09-04T12:00:00.000000000,8.77852493303972,109.98310652189997
2014-09-04T13:00:00.000000000,7.780183159797717,113.68208772453846
2014-09-04T14:00:00.000000000,7.831227553838542,114.51964268819074
2014-09-04T15:00:00.000000000,7.846177413237608,112.47943439710309
2014-09-04T16:00:00.000000000,7.021274821088887,116.42819301263177
2014-09-04T17:00:00.000000000,6.728879594726637,118.5170023127294
2014-09-04T18:00:00.000000000,6.112717662807068,124.50246912548641
2014-09-04T19:00:00.000000000,4.049227450974691,106.8686170113923
2014-09-04T20:00:00.000000000,3.904504192259466,106.17213787453079
2014-09-04T21:00:00.000000000,3.30881821612668,109.18787207248926
2014-09-04T22:00:00.000000000,2.1862129041625256,131.98718327451735
2014-09-04T23:00:00.000000000,1.3328183906469582,159.69558676828092
2014-09-05T00:00:00.000000000,0.743514273597691,153.00431707821429
2014-09-05T01:00:00.000000000,3.2456203528083014,98.19249359546086
2014-09-05T02:00:00.000000000,3.4323825544364954,100.49147701233159
2014-09-05T03:00:00.000000000,3.0834484124785915,103.36019132542577
2014-09-05T04:00:00.000000000,2.3601173937786966,107.57122406097886
2014-09-05T05:00:00.000000000,1.940521837032503,104.93141717813756
2014-09-05T06:00:00.000000000,1.9051326036425256,100.20392932182511
2014-09-05T07:00:00.000000000,3.0510772647383932,84.5930252398162
2014-09-05T08:00:00.000000000,3.923088706618804,67.52056560289691
2014-09-05T09:00:00.000000000,4.556741638718036,60.411068935169
2014-09-05T10:00:00.000000000,4.12933358571171,56.98339214111195
2014-09-05T11:00:00.000000000,4.167880690373343,55.261351215816774
2014-09-05T12:00:00.000000000,4.107328266290842,60.86070386450319
2014-09-05T13:00:00.000000000,3.440769879277999,59.42890597021915
2014-09-05T14:00:00.000000000,3.1049355870935553,49.89909245378777
2014-09-05T15:00:00.000000000,2.2328854902024746,32.8893699102527
2014-09-05T16:00:00.000000000,1.6964128256894033,11.475467020604697
2014-09-05T17:00:00.000000000,1.8561146550568364,344.37262873448446
2014-09-05T18:00:00.000000000,2.1843925872753536,338.8683074978759
2014-09-05T19:00:00.000000000,2.4678544527034996,356.2244971314232
2014-09-05T20:00:00.000000000,2.3752960578645244,359.09536878703176
2014-09-05T21:00:00.000000000,1.9043110925691058,344.7778549235462
2014-09-05T22:00:00.000000000,1.8027756377319946,326.30993247402023
2014-09-05T23:00:00.000000000,1.9525624189766635,309.8055710922652
2014-09-06T00:00:00.000000000,2.1866069605669876,300.9637565320735
2014-09-06T01:00:00.000000000,2.661914440358999,295.00062571098823
2014-09-06T02:00:00.000000000,3.013227316816102,302.6352432802425
2014-09-06T03:00:00.000000000,3.2858125098761346,309.44273097268
2014-09-06T04:00:00.000000000,3.230930804397823,308.2443613912814
2014-09-06T05:00:00.000000000,2.04771499493387,287.77129520150845
2014-09-06T06:00:00.000000000,1.2103741984349343,231.70992480803673
2014-09-06T07:00:00.000000000,0.6686055545729149,200.8071515030363
2014-09-06T08:00:00.000000000,1.465011245802234,244.7468866618897
2014-09-06T09:00:00.000000000,1.6099778686061947,238.65483145084022
2014-09-06T10:00:00.000000000,1.9484768346027366,221.35887699698344
2014-09-06T11:00:00.000000000,2.5226793023860083,217.55130913697062
2014-09-06T12:00:00.000000000,3.4065435910643744,231.40587597082438
2014-09-06T13:00:00.000000000,5.074275809142792,245.7079145597868
2014-09-06T14:00:00.000000000,6.717618540986585,248.49557166284842
2014-09-06T15:00:00.000000000,7.157871169981246,246.97222325077956
2014-09-06T16:00:00.000000000,7.980796119390407,247.5320229311017
2014-09-06T17:00:00.000000000,8.511252173611341,250.79337030565796
2014-09-06T18:00:00.000000000,8.454556418714215,253.9498897740786
2014-09-06T19:00:00.000000000,6.825252722463361,249.97208426748978
2014-09-06T20:00:00.000000000,6.999208945537116,249.0726915441072
2014-09-06T21:00:00.000000000,7.371492207290647,246.30387413001503
2014-09-06T22:00:00.000000000,7.865757782125746,242.86487010199428
2014-09-06T23:00:00.000000000,8.234919139674762,238.2158793842318
2014-09-07T00:00:00.000000000,8.749153512697603,238.3764281260801
2014-09-07T01:00:00.000000000,9.408864563909813,237.80910452202863
2014-09-07T02:00:00.000000000,9.688700927800381,244.22840800169666
2014-09-07T03:00:00.000000000,10.15746940334775,243.1511792231135
2014-09-07T04:00:00.000000000,10.59574152412511,242.22579248397443
2014-09-07T05:00:00.000000000,11.114252409452114,246.11613038346732
2014-09-07T06:00:00.000000000,11.13012518434191,248.2464842515293
2014-09-07T07:00:00.000000000,10.681898975907503,247.06561951633307
2014-09-07T08:00:00.000000000,11.368397758996155,241.99803619834915
2014-09-07T09:00:00.000000000,12.186172731591657,236.08184997896458
2014-09-07T10:00:00.000000000,12.24868703352833,233.92545892244675
2014-09-07T11:00:00.000000000,13.000159362397032,233.40567290927896
2014-09-07T12:00:00.000000000,13.598510862155726,237.84397748806646
2014-09-07T13:00:00.000000000,13.814473927759556,239.37415890720877
2014-09-07T14:00:00.000000000,15.114358396204523,239.70268405142605
2014-09-07T15:00:00.000000000,14.927815120395987,240.55867610298884
2014-09-07T16:00:00.000000000,14.681556298199453,239.78932119044566
2014-09-07T17:00:00.000000000,14.51070620566656,239.9674983424025
2014-09-07T18:00:00.000000000,14.457083002702486,238.11025249604435
2014-09-07T19:00:00.000000000,13.912597239433195,232.92431215265356
2014-09-07T20:00:00.000000000,14.637167202621644,236.28289845234158
2014-09-07T21:00:00.000000000,15.224511481257132,244.4659241122382
2014-09-07T22:00:00.000000000,15.305984134729448,248.08566300589268
2014-09-07T23:00:00.000000000,16.70501518879374,253.7483956541082
2014-09-08T00:00:00.000000000,17.88307782053818,260.99199640604843
2014-09-08T01:00:00.000000000,17.81753661470036,262.1371082859317
2014-09-08T02:00:00.000000000,17.488539980313337,261.8641359909933
2014-09-08T03:00:00.000000000,17.065907757573722,259.4061524138177
2014-09-08T04:00:00.000000000,17.918783886452648,256.690837867254
2014-09-08T05:00:00.000000000,18.739794451989738,254.4063507540089
2014-09-08T06:00:00.000000000,19.916921233140393,254.71651836727034
2014-09-08T07:00:00.000000000,20.636678729908287,247.56704404223132
2014-09-08T08:00:00.000000000,22.692007348298674,248.23964390881025
2014-09-08T09:00:00.000000000,23.96875254944237,245.80089304890907
2014-09-08T10:00:00.000000000,22.3271621180118,253.54349648160348
2014-09-08T11:00:00.000000000,20.835705263804478,261.37406301626066
2014-09-08T12:00:00.000000000,20.630118240163466,246.54161047321986
2014-09-08T13:00:00.000000000,22.959069977092863,248.00168218830908
2014-09-08T14:00:00.000000000,23.99645199429777,250.71562301135668
2014-09-08T15:00:00.000000000,26.952560918399293,264.7045567437398
2014-09-08T16:00:00.000000000,24.153077187930272,266.2017227536841
2014-09-08T17:00:00.000000000,24.26253837168961,269.9409839549168
2014-09-08T18:00:00.000000000,22.22727507131913,276.13384295533297
2014-09-08T19:00:00.000000000,20.90416525338062,294.97138212167056
2014-09-08T20:00:00.000000000,18.820093016313788,306.71007862370834
2014-09-08T21:00:00.000000000,16.30032469074791,306.5184262298858
2014-09-08T22:00:00.000000000,15.324850874231492,308.30949910095825
2014-09-08T23:00:00.000000000,14.691019818848307,315.6205318399634
2014-09-09T00:00:00.000000000,14.105291337869037,318.41286243747055
2014-09-09T01:00:00.000000000,16.459342925227343,308.18412664440154
2014-09-09T02:00:00.000000000,15.956716143306064,317.889373067091
2014-09-09T03:00:00.000000000,14.609753979033815,327.6153017482053
2014-09-09T04:00:00.000000000,13.108883034520122,331.7732638786296
2014-09-09T05:00:00.000000000,11.551322089236923,331.35492103062677
2014-09-09T06:00:00.000000000,10.824576860492623,325.5392196709298
2014-09-09T07:00:00.000000000,12.550536856857201,321.4293231407769
2014-09-09T08:00:00.000000000,12.104719531321482,327.311001790346
2014-09-09T09:00:00.000000000,10.817773335181124,330.7396331830882
2014-09-09T10:00:00.000000000,9.91168078868177,338.5474788291968
2014-09-09T11:00:00.000000000,9.71150314353104,344.317998892984
2014-09-09T12:00:00.000000000,9.193107924111855,349.02620602829523
2014-09-09T13:00:00.000000000,7.7003478331691335,325.7166441124932
2014-09-09T14:00:00.000000000,8.157861074014935,317.60822829817306
2014-09-09T15:00:00.000000000,9.675401623042267,322.6119645661223
2014-09-09T16:00:00.000000000,10.279794972660968,309.67179205765166
2014-09-09T17:00:00.000000000,10.90409059964336,309.51125703715564
2014-09-09T18:00:00.000000000,11.679181039603558,310.9205745968064
2014-09-09T19:00:00.000000000,12.549187630706177,313.1029528015113
2014-09-09T20:00:00.000000000,11.997195031081091,334.049002505318
2014-09-09T21:00:00.000000000,13.899752695641746,11.410983126765416
2014-09-09T22:00:00.000000000,15.202058781745883,0.9422796475668633
2014-09-09T23:00:00.000000000,13.868857112760114,353.7909725181333
2014-09-10T00:00:00.000000000,13.474260831422521,351.4639797901037
2014-09-10T01:00:00.000000000,13.416503818171003,338.1192932220863
2014-09-10T02:00:00.000000000,15.047273980880814,334.7760787378378
2014-09-10T03:00:00.000000000,17.116927955431365,331.9939698196915
2014-09-10T04:00:00.000000000,17.820816094093317,324.5931375779502
2014-09-10T05:00:00.000000000,17.47657174433693,326.43496727849964
2014-09-10T06:00:00.000000000,17.681920908463834,328.6472452056102
2014-09-10T07:00:00.000000000,18.355706790845787,324.1992574850983
2014-09-10T08:00:00.000000000,19.47533692471916,322.79913374911234
2014-09-10T09:00:00.000000000,20.67482937336852,320.0525014432641
2014-09-10T10:00:00.000000000,22.081047369012342,322.1051069823683
2014-09-10T11:00:00.000000000,23.640462459839508,324.3601980491252
2014-09-10T12:00:00.000000000,25.36858831443703,327.7821499597517
2014-09-10T13:00:00.000000000,23.772715380875702,324.588409899813
2014-09-10T14:00:00.000000000,19.349953785889856,354.5509024479133
2014-09-10T15:00:00.000000000,21.938849466323354,356.0795222664245
2014-09-10T16:00:00.000000000,22.340850833192192,357.1135824247578
2014-09-10T17:00:00.000000000,21.04788594052105,355.23070876028834
2014-09-10T18:00:00.000000000,21.1878762285244,0.3380241562809374
2014-09-10T19:00:00.000000000,21.539406721703482,2.0952559686372183
2014-09-10T20:00:00.000000000,19.841660396991184,4.697693500089997
2014-09-10T21:00:00.000000000,18.63943259984531,7.3204161711241795
2014-09-10T22:00:00.000000000,18.426891168723934,12.537236101196186
2014-09-10T23:00:00.000000000,17.94754111311081,13.000600245222302
2014-09-11T00:00:00.000000000,16.61750630936841,16.29468594742775
2014-09-11T01:00:00.000000000,15.778995916439289,16.712287269101466
2014-09-11T02:00:00.000000000,15.125132472694377,21.476069751296052
2014-09-11T03:00:00.000000000,14.62898251131752,24.37507558633166
2014-09-11T04:00:00.000000000,14.025748428417772,26.6335621805527
2014-09-11T05:00:00.000000000,13.782606745141097,27.727077740819368
2014-09-11T06:00:00.000000000,13.402574232814526,29.19474140313548
2014-09-11T07:00:00.000000000,13.905178871242143,24.030474688376614
2014-09-11T08:00:00.000000000,14.00382537706283,26.107609672877743
2014-09-11T09:00:00.000000000,13.729448216013413,24.93180587807558
2014-09-11T10:00:00.000000000,12.23957160977413,30.231164186075773
2014-09-11T11:00:00.000000000,12.064599573287413,29.141089111429835
2014-09-11T12:00:00.000000000,12.102615920276774,31.785832448749034
2014-09-11T13:00:00.000000000,10.43363827308369,32.623863920138035
2014-09-11T14:00:00.000000000,10.570515957774095,33.765229614532586
2014-09-11T15:00:00.000000000,10.058409577395105,27.615943445639857
2014-09-11T16:00:00.000000000,9.505830190654407,22.41701465562113
2014-09-11T17:00:00.000000000,9.167275071608891,19.102007484120634
2014-09-11T18:00:00.000000000,9.179615874393033,19.323190055426153
2014-09-11T19:00:00.000000000,8.084796085144125,27.63476014548172
2014-09-11T20:00:00.000000000,7.821227132059172,25.86885876179531
2014-09-11T21:00:00.000000000,8.011213530916635,27.204763705364485
2014-09-11T22:00:00.000000000,7.386643351347079,23.962488974578207
2014-09-11T23:00:00.000000000,6.885219676960205,15.802513953935545
2014-09-12T00:00:00.000000000,7.318640584152224,7.853313301978233
2014-09-12T01:00:00.000000000,9.17613392113486,356.87645306347235
2014-09-12T02:00:00.000000000,9.625,0.0
2014-09-12T03:00:00.000000000,9.787501500060003,0.0
2014-09-12T04:00:00.000000000,10.558092257303722,12.999699331993554
2014-09-12T05:00:00.000000000,9.05908706016157,3.9560643477020108
2014-09-12T06:00:00.000000000,9.433229006476616,3.7989232976639187
2014-09-12T07:00:00.000000000,10.419252011960927,357.93741828549366
2014-09-12T08:00:00.000000000,10.539643897031985,1.1552659978221982
2014-09-12T09:00:00.000000000,10.087191698570361,5.68939780075101
2014-09-12T10:00:00.000000000,9.462995567612655,7.819713192110385
2014-09-12T11:00:00.000000000,9.408016986198353,4.801582453331093
2014-09-12T12:00:00.000000000,8.750080363202771,0.24556165974524902
2014-09-12T13:00:00.000000000,8.776744840770979,349.33021719550334
2014-09-12T14:00:00.000000000,8.518161992228931,350.96619019743486
2014-09-12T15:00:00.000000000,8.337585987629065,353.7167154543573
2014-09-12T16:00:00.000000000,8.40851502942107,354.8826851500274
2014-09-12T17:00:00.000000000,8.171979564340576,353.85337434035335
2014-09-12T18:00:00.000000000,7.514246792756194,356.4712401968347
2014-09-12T19:00:00.000000000,7.335467391433113,353.44418137867564
2014-09-12T20:00:00.000000000,8.056297354451598,356.0854179980721
2014-09-12T21:00:00.000000000,8.80711854700438,356.17511686442447
2014-09-12T22:00:00.000000000,7.435746968248956,355.4683361963261
2014-09-12T23:00:00.000000000,7.4130375015913685,354.1932730944684
2014-09-13T00:00:00.000000000,7.48853290037508,345.4998332334474
2014-09-13T01:00:00.000000000,8.6186570879691,340.51387042753424
2014-09-13T02:00:00.000000000,8.588691693150942,338.66314070819436
2014-09-13T03:00:00.000000000,8.22439207479799,335.77225468204585
2014-09-13T04:00:00.000000000,8.341350310351435,340.7504741273183
2014-09-13T05:00:00.000000000,8.376764291088284,340.83503928596303
2014-09-13T06:00:00.000000000,8.857104838122714,339.3398530040886
2014-09-13T07:00:00.000000000,9.922354811233067,340.88027367006885
2014-09-13T08:00:00.000000000,10.765976500067238,344.5114985570903
2014-09-13T09:00:00.000000000,10.720373721926011,348.36250904859764
2014-09-13T10:00:00.000000000,9.543723538934463,354.5134125764787
2014-09-13T11:00:00.000000000,8.826885619381377,352.43215578298265
2014-09-13T12:00:00.000000000,9.155770038614994,355.30131948270053
2014-09-13T13:00:00.000000000,9.494241675879122,350.9097230791777
2014-09-13T14:00:00.000000000,9.598990832373994,351.7643806757905
2014-09-13T15:00:00.000000000,9.520537012164807,356.23596513509426
2014-09-13T16:00:00.000000000,9.182432050583701,349.8067747313581
2014-09-13T17:00:00.000000000,9.93887569094211,353.50065372034544
2014-09-13T18:00:00.000000000,10.387041205271114,357.2408923413797
2014-09-13T19:00:00.000000000,12.036071841022997,350.6159443473751
2014-09-13T20:00:00.000000000,11.721374706065838,352.6476206401076
2014-09-13T21:00:00.000000000,11.922990060757906,357.5965514515451
2014-09-13T22:00:00.000000000,12.379727848895417,8.30192241307077
2014-09-13T23:00:00.000000000,11.995441842633392,33.52447324857695
2014-09-14T00:00:00.000000000,8.822024994296944,82.67359333983046
2014-09-14T01:00:00.000000000,7.567405433832655,67.67134362198084
2014-09-14T02:00:00.000000000,7.336765295414595,66.92958775017536
2014-09-14T03:00:00.000000000,6.928982644535327,67.7379355550504
2014-09-14T04:00:00.000000000,7.986316422481644,72.69947280805502
2014-09-14T05:00:00.000000000,9.070901278263367,78.0706778227617
2014-09-14T06:00:00.000000000,9.017943667409538,81.22968668725349
2014-09-14T07:00:00.000000000,7.771140521184776,78.87081071038881
2014-09-14T08:00:00.000000000,7.786205751198718,84.47245984834382
2014-09-14T09:00:00.000000000,7.5,90.0
2014-09-14T10:00:00.000000000,7.233818148115144,99.95062668795163
2014-09-14T11:00:00.000000000,5.974803594041544,100.4870974749769
2014-09-14T12:00:00.000000000,5.69264876836785,98.84181456019166
2014-09-14T13:00:00.000000000,6.097758029585279,100.27331677272593
2014-09-14T14:00:00.000000000,6.30599912781472,103.76078511179122
2014-09-14T15:00:00.000000000,6.365188528237008,109.50244850666223
2014-09-14T16:00:00.000000000,6.898573809152767,118.93358253375123
2014-09-14T17:00:00.000000000,7.1384643998700295,124.07963268422839
2014-09-14T18:00:00.000000000,7.1328687409178855,127.4522573333112
2014-09-14T19:00:00.000000000,5.878043540336082,126.09006799474793
2014-09-14T20:00:00.000000000,7.91063366614837,121.42956561483851
2014-09-14T21:00:00.000000000,7.442487823302098,119.14807184571305
2014-09-14T22:00:00.000000000,7.25,133.60281897270363
2014-09-14T23:00:00.000000000,4.814836561327574,159.16541623743876
2014-09-15T00:00:00.000000000,4.966011669427896,166.31358509146105
2014-09-15T01:00:00.000000000,4.8548493090655045,186.35649651451064
2014-09-15T02:00:00.000000000,5.957376444448389,193.7155176805436
2014-09-15T03:00:00.000000000,5.712990859597426,180.75222924730633
2014-09-15T04:00:00.000000000,5.1294035337918915,177.62569810994694
2014-09-15T05:00:00.000000000,4.518866836669537,185.2374950070187
2014-09-15T06:00:00.000000000,4.9841784039725905,192.01448563777328
2014-09-15T07:00:00.000000000,6.823672031978091,188.42696902148066
2014-09-15T08:00:00.000000000,8.140352693598942,193.58813697197252
2014-09-15T09:00:00.000000000,9.146534670374544,196.10673786178964
2014-09-15T10:00:00.000000000,11.002118039339452,191.33547147493834
2014-09-15T11:00:00.000000000,8.43624194255812,210.2503211331466
2014-09-15T12:00:00.000000000,8.011582276966251,220.82429904073908
2014-09-15T13:00:00.000000000,7.461673772981973,215.66043700143314
2014-09-15T14:00:00.000000000,6.736216111573513,206.32733936582
2014-09-15T15:00:00.000000000,6.395618974262288,210.0226933859273
2014-09-15T16:00:00.000000000,6.77547546774201,206.99052391612096
2014-09-15T17:00:00.000000000,8.269344816175511,189.22028776652368
2014-09-15T18:00:00.000000000,11.29697282356223,177.65365283454116
2014-09-15T19:00:00.000000000,9.669345606078364,174.51052886138996
2014-09-15T20:00:00.000000000,9.921795621881492,174.43306763267128
2014-09-15T21:00:00.000000000,10.888586129628314,173.8050986154226
2014-09-15T22:00:00.000000000,11.821695825882893,173.6865839280299
2014-09-15T23:00:00.000000000,11.090366853692757,168.69008272440806
2014-09-16T00:00:00.000000000,10.182538084916674,161.60954614151115
2014-09-16T01:00:00.000000000,9.250213669931027,165.3628532336619
2014-09-16T02:00:00.000000000,10.892944964517172,176.71075732150814
2014-09-16T03:00:00.000000000,9.463893733495134,179.01614409942977
2014-09-16T04:00:00.000000000,7.875089292351341,179.727154103261
2014-09-16T05:00:00.000000000,6.338102493982996,180.79100235750832
2014-09-16T06:00:00.000000000,4.562496897136337,184.24217679415077
2014-09-16T07:00:00.000000000,2.3048861143232218,319.3987053549955
2014-09-16T08:00:00.000000000,5.027255127106319,328.5231695772782
2014-09-16T09:00:00.000000000,6.394931556493528,20.241439864421295
2014-09-16T10:00:00.000000000,6.041522986797286,24.44395478041656
2014-09-16T11:00:00.000000000,5.55018448911086,3.8741592276459755
2014-09-16T12:00:00.000000000,6.033759193073585,346.8274465766731
2014-09-16T13:00:00.000000000,7.938238154653714,352.763077974032
2014-09-16T14:00:00.000000000,9.037501500060003,0.0
2014-09-16T15:00:00.000000000,9.93887569094211,353.50065372034544
2014-09-16T16:00:00.000000000,9.910450481052905,355.15234680416836
2014-09-16T17:00:00.000000000,10.112254248617951,11.40715990129695
2014-09-16T18:00:00.000000000,11.475641767529325,13.41563208371906
2014-09-16T19:00:00.000000000,12.619362825197507,13.169024602825118
2014-09-16T20:00:00.000000000,13.551627590511725,11.330666743587472
2014-09-16T21:00:00.000000000,15.951383144651551,20.79252412485158
2014-09-16T22:00:00.000000000,16.44881123187627,32.80847649465551
2014-09-16T23:00:00.000000000,15.758359256017707,32.26553089372521
2014-09-17T00:00:00.000000000,15.029999399252779,29.549836952527244
2014-09-17T01:00:00.000000000,16.05390532246122,24.030436682904565
2014-09-17T02:00:00.000000000,17.41822744475321,33.19968839256825
2014-09-17T03:00:00.000000000,18.779251361343693,31.85984895201625
2014-09-17T04:00:00.000000000,18.604657552782964,42.004381310241
2014-09-17T05:00:00.000000000,18.35133892535143,45.827915969327705
2014-09-17T06:00:00.000000000,18.883186435834343,47.065506122995714
2014-09-17T07:00:00.000000000,18.710033627591724,36.77037185144343
2014-09-17T08:00:00.000000000,18.906063445543676,34.33097625570474
2014-09-17T09:00:00.000000000,19.891103431461715,38.28867455242744
2014-09-17T10:00:00.000000000,19.85808374682419,42.78074318627512
2014-09-17T11:00:00.000000000,19.81844578055364,45.766623747138624
2014-09-17T12:00:00.000000000,19.244045459737517,55.31896690214916
2014-09-17T13:00:00.000000000,17.209580059289475,56.3445606287612
2014-09-17T14:00:00.000000000,16.13490823313876,56.469977578989415
2014-09-17T15:00:00.000000000,15.443777349360289,55.31951312904488
2014-09-17T16:00:00.000000000,15.384375452600729,54.02396894802973
2014-09-17T17:00:00.000000000,15.384375452600729,54.02396894802973
2014-09-17T18:00:00.000000000,15.182770055774537,53.46974292807357
2014-09-17T19:00:00.000000000,13.682438369212324,54.66920772073837
2014-09-17T20:00:00.000000000,13.828516568212356,53.824121883996725
2014-09-17T21:00:00.000000000,13.60341389972729,52.46671710726406
2014-09-17T22:00:00.000000000,13.627513336162751,53.20367845002124
2014-09-17T23:00:00.000000000,14.440710603270658,55.58087632520591
2014-09-18T00:00:00.000000000,15.247979651140636,60.91346155494381
2014-09-18T01:00:00.000000000,13.520639426035732,57.5735004353935
2014-09-18T02:00:00.000000000,12.854342315037304,54.09961205422468
2014-09-18T03:00:00.000000000,12.26450893644695,47.726320421806065
2014-09-18T04:00:00.000000000,11.816952339838247,47.14330244775448
2014-09-18T05:00:00.000000000,12.692876598791882,44.60101083711419
2014-09-18T06:00:00.000000000,12.902630225158497,37.12523592641304
2014-09-18T07:00:00.000000000,13.508205616485988,35.204854743010515
2014-09-18T08:00:00.000000000,14.154645529502458,35.4024002719741
2014-09-18T09:00:00.000000000,14.379990359086253,35.80400764676136
2014-09-18T10:00:00.000000000,14.352800170259936,36.50064014619687
2014-09-18T11:00:00.000000000,14.380809799481803,37.47749337217067
2014-09-18T12:00:00.000000000,14.79325437412281,39.51422941016739
2014-09-18T13:00:00.000000000,13.262602227776364,34.63367904565189
2014-09-18T14:00:00.000000000,12.707148194111596,32.95534809470257
2014-09-18T15:00:00.000000000,12.581789453940436,31.30544383237043
2014-09-18T16:00:00.000000000,12.957492657807821,31.58939920235275
2014-09-18T17:00:00.000000000,13.40626229052112,35.51283828228571
2014-09-18T18:00:00.000000000,13.386200692401994,38.93554876809873
2014-09-18T19:00:00.000000000,13.102828605961523,36.46541349992833
2014-09-18T20:00:00.000000000,13.40626229052112,35.51283828228571
2014-09-18T21:00:00.000000000,13.627513336162751,36.79632154997876
2014-09-18T22:00:00.000000000,13.382878534297724,38.0580326779355
2014-09-18T23:00:00.000000000,13.410404048302267,40.72873006196437
2014-09-19T00:00:00.000000000,13.96983357094851,43.54978370906656
2014-09-19T01:00:00.000000000,13.353955406545284,43.10348169679071
2014-09-19T02:00:00.000000000,13.4623849851589,44.3604853248068
2014-09-19T03:00:00.000000000,13.373651702644525,45.4922892406106
2014-09-19T04:00:00.000000000,12.77552092337713,48.2919764780699
2014-09-19T05:00:00.000000000,12.329393080707655,47.99983909136057
2014-09-19T06:00:00.000000000,12.402552478767094,45.939195764861324
2014-09-19T07:00:00.000000000,12.811793619102746,39.57653751489261
2014-09-19T08:00:00.000000000,12.708879769672857,39.011851624224505
2014-09-19T09:00:00.000000000,12.53961942658017,39.86407872420847
2014-09-19T10:00:00.000000000,12.496181691361839,43.09490300148212
2014-09-19T11:00:00.000000000,12.048269854568822,45.714578714914296
2014-09-19T12:00:00.000000000,11.855905701379376,47.563770211465
2014-09-19T13:00:00.000000000,10.819542504191201,49.685899839502724
2014-09-19T14:00:00.000000000,10.651437696386342,54.07149757717718
2014-09-19T15:00:00.000000000,10.158893886639431,55.52778611996354
2014-09-19T16:00:00.000000000,9.257598230642762,55.45163294398867
2014-09-19T17:00:00.000000000,9.64689069078737,58.781597235653635
2014-09-19T18:00:00.000000000,9.058835465996719,62.02052561151987
2014-09-19T19:00:00.000000000,9.280355596635292,62.744671625056924
2014-09-19T20:00:00.000000000,9.448048740348453,64.1129737336733
2014-09-19T21:00:00.000000000,8.5558824793238,64.93253656193951
2014-09-19T22:00:00.000000000,7.933495106274948,62.50634129445007
2014-09-19T23:00:00.000000000,7.433225593658082,61.58177685826797
2014-09-20T00:00:00.000000000,7.511846875186125,58.61110754577351
2014-09-20T01:00:00.000000000,8.74078853631763,57.08261194005365
2014-09-20T02:00:00.000000000,9.401628848236884,54.19665589162889
2014-09-20T03:00:00.000000000,8.815373027462693,50.35046900110649
2014-09-20T04:00:00.000000000,8.88053645555052,53.75917497126602
2014-09-20T05:00:00.000000000,9.98514521677076,55.713123022791024
2014-09-20T06:00:00.000000000,10.155733940170292,57.20969438091777
2014-09-20T07:00:00.000000000,10.735297211849963,61.256427610503295
2014-09-20T08:00:00.000000000,9.476361128516672,60.52696374189071
2014-09-20T09:00:00.000000000,9.132702228803915,59.574216198038755
2014-09-20T10:00:00.000000000,8.1891696770796,58.73626830562256
2014-09-20T11:00:00.000000000,7.23283645869183,51.52577186505073
2014-09-20T12:00:00.000000000,7.630624015319244,46.52664860164691
2014-09-20T13:00:00.000000000,7.603453162872775,43.66778014613038
2014-09-20T14:00:00.000000000,8.444202026430133,40.97848489580997
2014-09-20T15:00:00.000000000,8.531192765375778,39.053136946026484
2014-09-20T16:00:00.000000000,8.577769232148881,43.22853025996591
2014-09-20T17:00:00.000000000,7.051253043823613,38.73913080538608
2014-09-20T18:00:00.000000000,5.548494524455419,37.95424308916495
2014-09-20T19:00:00.000000000,5.355431000457108,30.275717496316247
2014-09-20T20:00:00.000000000,5.850334636827775,31.278693249646892
2014-09-20T21:00:00.000000000,6.2301931831836885,33.21183579886696
2014-09-20T22:00:00.000000000,6.242720478674622,37.351768365990495
2014-09-20T23:00:00.000000000,6.524342370154004,38.231222620397034
2014-09-21T00:00:00.000000000,6.139384607840331,41.12009113691016
2014-09-21T01:00:00.000000000,7.968864856413898,35.80933382378623
2014-09-21T02:00:00.000000000,7.509255538200958,33.663624708900215
2014-09-21T03:00:00.000000000,7.995593301109163,37.568598582797165
2014-09-21T04:00:00.000000000,7.919999194238704,36.85181836586145
2014-09-21T05:00:00.000000000,6.871691166432884,35.598264220503324
2014-09-21T06:00:00.000000000,6.0225873052881935,34.51466744824893
2014-09-21T07:00:00.000000000,6.810021529847151,50.436816517267744
2014-09-21T08:00:00.000000000,6.135679697484094,51.285522513355886
2014-09-21T09:00:00.000000000,5.318011846545662,60.42216131873869
2014-09-21T10:00:00.000000000,4.251837837923738,65.69545073406329
2014-09-21T11:00:00.000000000,3.9089035370966556,68.02849329392177
2014-09-21T12:00:00.000000000,3.843195478675492,65.60233403852158
2014-09-21T13:00:00.000000000,2.447223602858297,66.8398695233247
2014-09-21T14:00:00.000000000,1.3001181099378978,56.76830799962897
2014-09-21T15:00:00.000000000,0.6811056176884375,312.7687327576965
2014-09-21T16:00:00.000000000,1.68953539840003,285.8871195756124
2014-09-21T17:00:00.000000000,3.375,270.0
2014-09-21T18:00:00.000000000,4.881406047441659,283.3245312618908
2014-09-21T19:00:00.000000000,4.976507309348595,281.5921754102911
2014-09-21T20:00:00.000000000,5.026941626072132,290.37262526309115
2014-09-21T21:00:00.000000000,4.698220526145696,291.3767773531807
2014-09-21T22:00:00.000000000,5.1168987665745105,282.2707039448296
2014-09-21T23:00:00.000000000,5.388065515563077,273.99091309842976
2014-09-22T00:00:00.000000000,5.762215285808055,273.73139699916044
2014-09-22T01:00:00.000000000,7.2971434899813215,267.05427394502874
2014-09-22T02:00:00.000000000,7.888569570108813,266.63888154072515
2014-09-22T03:00:00.000000000,8.20831290444521,257.06425220024363
2014-09-22T04:00:00.000000000,7.9034796576974236,258.690088852807
2014-09-22T05:00:00.000000000,7.9991476755857995,258.461838656303
2014-09-22T06:00:00.000000000,6.861632235574398,265.19311689489143
2014-09-22T07:00:00.000000000,6.540551949922778,296.81010937809623
2014-09-22T08:00:00.000000000,6.181958898890352,302.9512049291387
2014-09-22T09:00:00.000000000,5.764834573885432,300.3460355931137
2014-09-22T10:00:00.000000000,5.695456966829239,285.53107401033446
2014-09-22T11:00:00.000000000,6.0879457171667095,270.7060384257993
2014-09-22T12:00:00.000000000,7.110545306155731,266.87606791568464
2014-09-22T13:00:00.000000000,7.4357320145435715,265.4683270638259
2014-09-22T14:00:00.000000000,7.251587556939228,258.26397721867323
2014-09-22T15:00:00.000000000,7.809643477543635,249.1864048146765
2014-09-22T16:00:00.000000000,9.076619576266737,249.69334963649573
2014-09-22T17:00:00.000000000,10.5368122650011,254.94166024636615
2014-09-22T18:00:00.000000000,11.002113659337166,255.72701842436044
2014-09-22T19:00:00.000000000,9.243388148604,247.6663642325306
2014-09-22T20:00:00.000000000,8.893905919255191,251.56520397193515
2014-09-22T21:00:00.000000000,9.274672834602514,256.6755945071106
2014-09-22T22:00:00.000000000,9.934106548119182,267.5481329762918
2014-09-22T23:00:00.000000000,10.260278961029098,274.75209397232635
2014-09-23T00:00:00.000000000,10.357914029215038,273.59793373061575
2014-09-23T01:00:00.000000000,11.930117433767547,271.6812002567531
2014-09-23T02:00:00.000000000,11.56507729022343,276.64117887036844
2014-09-23T03:00:00.000000000,9.645518461863738,282.95578649186206
2014-09-23T04:00:00.000000000,8.410143976359288,295.1559831533266
2014-09-23T05:00:00.000000000,6.5333795467731015,305.0280802387204
2014-09-23T06:00:00.000000000,6.1642469997956155,298.5919878539371
2014-09-23T07:00:00.000000000,7.473144992073562,293.5636363074167
2014-09-23T08:00:00.000000000,7.83877501309881,295.50271592639024
2014-09-23T09:00:00.000000000,7.293173227601524,290.36077978279536
2014-09-23T10:00:00.000000000,7.306249671203113,277.86683500571604
2014-09-23T11:00:00.000000000,8.32969604584304,264.2295197356133
2014-09-23T12:00:00.000000000,11.337398833156158,264.6225176240142
2014-09-23T13:00:00.000000000,9.923807682053885,260.94106075721663
2014-09-23T14:00:00.000000000,11.230568013599383,252.109577146781
2014-09-23T15:00:00.000000000,12.461553523252329,247.34480658707906
2014-09-23T16:00:00.000000000,14.0101862735635,256.53413816776555
2014-09-23T17:00:00.000000000,14.513265768208232,265.2076867912663
2014-09-23T18:00:00.000000000,14.524923656194202,272.3675007852279
2014-09-23T19:00:00.000000000,12.153422401077222,271.3555868032558
2014-09-23T20:00:00.000000000,10.071412637879227,276.1988980033851
2014-09-23T21:00:00.000000000,8.13675734888945,293.9267535412673
2014-09-23T22:00:00.000000000,8.009780600240907,300.1664160366008
2014-09-23T23:00:00.000000000,6.10835402019707,298.6106056483958
2014-09-24T00:00:00.000000000,5.152703661857684,331.13455970534386
2014-09-24T01:00:00.000000000,4.267509423339994,53.09675071895958
2014-09-24T02:00:00.000000000,5.054113462716386,81.60934733113015
2014-09-24T03:00:00.000000000,6.73671573610052,76.47933120137674
2014-09-24T04:00:00.000000000,4.690032285334799,75.96362319459894
2014-09-24T05:00:00.000000000,3.266211368051989,84.28909266151936
2014-09-24T06:00:00.000000000,2.106332607517307,42.11320127490137
2014-09-24T07:00:00.000000000,2.2702120905135037,210.8016335831618
2014-09-24T08:00:00.000000000,2.64034000414677,234.0528479148794
2014-09-24T09:00:00.000000000,3.225106060718955,270.4445162738843
2014-09-24T10:00:00.000000000,4.311513858753407,290.53691350436816
2014-09-24T11:00:00.000000000,4.740925870095023,317.1371613190028
2014-09-24T12:00:00.000000000,4.95866451939067,314.693841698671
2014-09-24T13:00:00.000000000,6.574811252112112,339.29107871931103
2014-09-24T14:00:00.000000000,7.124705970332727,33.1882665027058
2014-09-24T15:00:00.000000000,6.801764329748746,69.89994395787915
2014-09-24T16:00:00.000000000,9.72114790340748,70.7030024886783
2014-09-24T17:00:00.000000000,10.165265717694579,72.83510877758636
2014-09-24T18:00:00.000000000,10.384400397332373,71.97944840025883
2014-09-24T19:00:00.000000000,10.35917467755033,70.2531633945739
2014-09-24T20:00:00.000000000,10.483456132240148,71.00334076132856
2014-09-24T21:00:00.000000000,10.598121814203298,69.27786046613699
2014-09-24T22:00:00.000000000,10.20791035122281,63.84285645011289
2014-09-24T23:00:00.000000000,10.574881796029684,61.01117747880846
2014-09-25T00:00:00.000000000,9.041476925173884,61.060807447111756
2014-09-25T01:00:00.000000000,7.976528066771908,32.195733934713246
2014-09-25T02:00:00.000000000,9.186854418843087,27.820274342521998
2014-09-25T03:00:00.000000000,7.822734719290421,18.637607658352294
2014-09-25T04:00:00.000000000,9.055385138137417,6.3401917459099195
2014-09-25T05:00:00.000000000,10.538539390672305,8.870166466388127
2014-09-25T06:00:00.000000000,10.348831437110995,6.24083851720934
2014-09-25T07:00:00.000000000,10.48010911745373,11.001675888115585
2014-09-25T08:00:00.000000000,11.075091878294137,6.675843331632564
2014-09-25T09:00:00.000000000,10.796411440844592,5.314545669944778
2014-09-25T10:00:00.000000000,10.087191698570361,5.68939780075101
2014-09-25T11:00:00.000000000,10.163270228559398,359.29529050632965
2014-09-25T12:00:00.000000000,10.756538709082955,358.0021201435233
2014-09-25T13:00:00.000000000,10.800884059944519,2.8524788161133188
2014-09-25T14:00:00.000000000,10.934594195785849,9.408489396671996
2014-09-25T15:00:00.000000000,10.420082773183713,10.366322603450499
2014-09-25T16:00:00.000000000,10.206531492757799,7.246874877711207
2014-09-25T17:00:00.000000000,9.34527118259516,6.374052611032255
2014-09-25T18:00:00.000000000,10.152739778010663,4.236394799058814
2014-09-25T19:00:00.000000000,10.198039027185569,11.30993247402023
2014-09-25T20:00:00.000000000,10.324865700171289,18.566567414311464
2014-09-25T21:00:00.000000000,10.2599037519852,22.190288896122524
2014-09-25T22:00:00.000000000,9.505082862685288,24.30676897038535
2014-09-25T23:00:00.000000000,8.682777493406128,22.873665190626696
2014-09-26T00:00:00.000000000,7.915570099493782,21.297354049033743
2014-09-26T01:00:00.000000000,9.10759616960325,11.880556036174028
2014-09-26T02:00:00.000000000,9.205375242953805,10.95898890176528
2014-09-26T03:00:00.000000000,9.75270973762644,12.058861033914638
2014-09-26T04:00:00.000000000,9.77168406614908,15.58295801706032
2014-09-26T05:00:00.000000000,7.894816337319064,23.317708386755044
2014-09-26T06:00:00.000000000,6.884084906507182,29.357753542791272
2014-09-26T07:00:00.000000000,6.163122644060682,0.813461531847679
2014-09-26T08:00:00.000000000,6.912603225329697,359.68916366978004
2014-09-26T09:00:00.000000000,6.075003000120005,0.0
2014-09-26T10:00:00.000000000,5.5041050578774176,10.467780611430669
2014-09-26T11:00:00.000000000,4.461642074393687,11.30993247402023
2014-09-26T12:00:00.000000000,2.875,0.0
2014-09-26T13:00:00.000000000,4.543195461346562,352.09283729704157
2014-09-26T14:00:00.000000000,4.562071897723665,350.5376777919744
2014-09-26T15:00:00.000000000,5.02372818744571,345.44516297180024
2014-09-26T16:00:00.000000000,5.4813911693094886,346.28069263829235
2014-09-26T17:00:00.000000000,5.723325476892855,339.5464935367906
2014-09-26T18:00:00.000000000,5.859020822628983,326.30993247402023
2014-09-26T19:00:00.000000000,5.280995998673145,322.01797603962933
2014-09-26T20:00:00.000000000,6.191450837650534,317.12717073083877
2014-09-26T21:00:00.000000000,6.541908129512635,313.9161736690727
2014-09-26T22:00:00.000000000,6.157173985515739,303.6578180111044
2014-09-26T23:00:00.000000000,7.019439564616826,292.18038965437535
2014-09-27T00:00:00.000000000,7.403815405971361,288.09854319162775
2014-09-27T01:00:00.000000000,9.663866538572618,277.2078277683413
2014-09-27T02:00:00.000000000,11.01943923241196,280.06075668266425
2014-09-27T03:00:00.000000000,11.6600424707772,273.5648900687977
2014-09-27T04:00:00.000000000,12.088764977702382,269.1706282488408
2014-09-27T05:00:00.000000000,12.145392036077919,267.93575722999486
2014-09-27T06:00:00.000000000,11.625960930192752,264.6327502150083
2014-09-27T07:00:00.000000000,13.356329578602743,259.3211532565829
2014-09-27T08:00:00.000000000,14.071842179343784,258.21102748322005
2014-09-27T09:00:00.000000000,15.251186572647127,256.8294896677069
2014-09-27T10:00:00.000000000,15.39053184476653,262.251707745714
2014-09-27T11:00:00.000000000,15.521294556362543,266.9994244318363
2014-09-27T12:00:00.000000000,15.968184801329807,268.47493308032375
2014-09-27T13:00:00.000000000,15.453488992630987,266.52204724427446
2014-09-27T14:00:00.000000000,16.287516500687655,270.0001055373999
2014-09-27T15:00:00.000000000,17.284045664808406,272.8604484556234
2014-09-27T16:00:00.000000000,17.936794641755835,272.07687480059644
2014-09-27T17:00:00.000000000,18.9929553829048,274.3785546012677
2014-09-27T18:00:00.000000000,20.925113399433126,275.2440875629324
2014-09-27T19:00:00.000000000,21.541983242372783,276.8652991168369
2014-09-27T20:00:00.000000000,22.21485275205024,276.13732502492905
2014-09-27T21:00:00.000000000,22.649756618128826,276.59166153572306
2014-09-27T22:00:00.000000000,22.71335998499198,276.0338192963016
2014-09-27T23:00:00.000000000,23.092322947742208,275.1242796890199
2014-09-28T00:00:00.000000000,22.002716872200452,278.69175195989965
2014-09-28T01:00:00.000000000,20.339275806846096,284.9587024528811
2014-09-28T02:00:00.000000000,20.694911407924838,283.62502448629664
2014-09-28T03:00:00.000000000,18.53474193302063,291.7727784288751
2014-09-28T04:00:00.000000000,16.30075801598834,294.4622121715014
2014-09-28T05:00:00.000000000,13.990129658969284,306.64470421676504
2014-09-28T06:00:00.000000000,15.311429890240293,329.6459600784491
2014-09-28T07:00:00.000000000,13.462270392065426,16.617742877718342
2014-09-28T08:00:00.000000000,6.465017224117995,9.571599766417648
2014-09-28T09:00:00.000000000,7.845154887473054,340.06374895379645
2014-09-28T10:00:00.000000000,9.55099824463747,336.5552943879744
2014-09-28T11:00:00.000000000,11.1579928552255,333.3775589514485
2014-09-28T12:00:00.000000000,12.477945345534058,330.40463717981294
2014-09-28T13:00:00.000000000,15.891933017185673,329.4613403042417
2014-09-28T14:00:00.000000000,17.976196882337025,325.9121390850035
2014-09-28T15:00:00.000000000,19.593127567015138,327.6381529848956
2014-09-28T16:00:00.000000000,16.586205112812575,339.39342819001064
2014-09-28T17:00:00.000000000,16.892857465559324,358.5583786558465
2014-09-28T18:00:00.000000000,15.72972672393487,8.361912823699527
2014-09-28T19:00:00.000000000,16.112989364743,0.4444888602679953
2014-09-28T20:00:00.000000000,15.2541534509596,357.3228264980279
2014-09-28T21:00:00.000000000,14.66531068383848,353.63823734773723
2014-09-28T22:00:00.000000000,14.996467584663762,352.3359286554888
2014-09-28T23:00:00.000000000,14.78785692565042,350.2669679717518
2014-09-29T00:00:00.000000000,13.482027952170887,343.8502934546111
2014-09-29T01:00:00.000000000,12.775498696369503,332.4320619442062
2014-09-29T02:00:00.000000000,13.119674860338533,325.59831629793234
2014-09-29T03:00:00.000000000,14.340641619758298,328.29107322950847
2014-09-29T04:00:00.000000000,15.081435420544459,327.6271471088956
2014-09-29T05:00:00.000000000,14.845422848287955,326.64445186415645
2014-09-29T06:00:00.000000000,14.792107448154752,319.66129347734943
2014-09-29T07:00:00.000000000,14.149178644282177,322.24933506133675
2014-09-29T08:00:00.000000000,13.072523370022347,329.16779380269276
2014-09-29T09:00:00.000000000,13.335699091532486,327.32286686467205
2014-09-29T10:00:00.000000000,13.415601859775819,328.79820804726234
2014-09-29T11:00:00.000000000,13.44081503975543,331.50437101572567
2014-09-29T12:00:00.000000000,13.624736558706008,334.2812807391704
2014-09-29T13:00:00.000000000,13.57049878574034,324.3334947696371
2014-09-29T14:00:00.000000000,14.541346423397945,318.5546256829344
2014-09-29T15:00:00.000000000,14.769829905802034,314.7599874127628
2014-09-29T16:00:00.000000000,15.066842677589955,311.2664294683485
2014-09-29T17:00:00.000000000,16.537469630278572,314.96938796309865
2014-09-29T18:00:00.000000000,17.018500178820396,312.79741007301226
2014-09-29T19:00:00.000000000,16.197324285436938,303.861769843927
2014-09-29T20:00:00.000000000,15.77661397011575,297.25534745309085
2014-09-29T21:00:00.000000000,17.200727580764877,299.4711853800832
2014-09-29T22:00:00.000000000,17.0610508678667,298.0107731040672
2014-09-29T23:00:00.000000000,19.515334690806363,305.2475875267773
2014-09-30T00:00:00.000000000,19.557254961529043,304.13697706837
2014-09-30T01:00:00.000000000,21.72350649264098,303.57120673330627
2014-09-30T02:00:00.000000000,22.068381307899827,302.9789782774242
2014-09-30T03:00:00.000000000,15.372079919936137,27.982035770490825
2014-09-30T04:00:00.000000000,20.436154075700113,10.787583284309903
2014-09-30T05:00:00.000000000,16.70034286292715,24.781128874266358
2014-09-30T06:00:00.000000000,19.038307611038565,15.733536663924042
2014-09-30T07:00:00.000000000,18.812901092334094,15.25512270991453
2014-09-30T08:00:00.000000000,18.22434457002289,22.290355629179487
2014-09-30T09:00:00.000000000,16.436482839441283,22.01987739036059
2014-09-30T10:00:00.000000000,15.079817039392053,21.034102399613403
2014-09-30T11:00:00.000000000,14.08821736779528,24.814199967624972
2014-09-30T12:00:00.000000000,14.69852448300113,27.502101535855786
2014-09-30T13:00:00.000000000,15.966461070089032,34.47387107456831
2014-09-30T14:00:00.000000000,17.531481535941936,39.70618830859513
2014-09-30T15:00:00.000000000,18.383046684546994,40.035033473634144
2014-09-30T16:00:00.000000000,18.04730318928881,39.37875825296135
2014-09-30T17:00:00.000000000,17.430186399058794,45.0
2014-09-30T18:00:00.000000000,16.521036190770054,45.705052452443965
2014-09-30T19:00:00.000000000,16.600726877243016,42.25337479281188
2014-09-30T20:00:00.000000000,16.15039509785237,39.567097614901286
2014-09-30T21:00:00.000000000,15.105144027865098,37.941520571107276
2014-09-30T22:00:00.000000000,14.625136552901955,37.11475574027759
2014-09-30T23:00:00.000000000,15.057249123098954,35.88049987776327
2014-10-01T00:00:00.000000000,14.932025146560115,35.45961954431266
2014-10-01T01:00:00.000000000,14.922328251364762,34.31571509293144
2014-10-01T02:00:00.000000000,12.981828284264456,29.601182738476155
2014-10-01T03:00:00.000000000,13.113242131182847,28.030721112871674
2014-10-01T04:00:00.000000000,13.336840684839386,29.784839393672428
2014-10-01T05:00:00.000000000,11.655057189985323,22.24644249108502
2014-10-01T06:00:00.000000000,13.169600162533367,17.282654672733827
2014-10-01T07:00:00.000000000,14.14675609294679,12.24326211263815
2014-10-01T08:00:00.000000000,15.249330370194025,6.117170770878431
2014-10-01T09:00:00.000000000,14.577193876549556,4.229147291697984
2014-10-01T10:00:00.000000000,14.270211937431126,7.044089421867739
2014-10-01T11:00:00.000000000,14.050679137092004,7.668740685892203
2014-10-01T12:00:00.000000000,14.154706265175095,6.083160209570053
2014-10-01T13:00:00.000000000,16.69495789085027,7.875298735305307
2014-10-01T14:00:00.000000000,16.47772198967922,12.085656905078565
2014-10-01T15:00:00.000000000,15.255476880918762,17.648089016051074
2014-10-01T16:00:00.000000000,16.113941816090147,13.594275551712087
2014-10-01T17:00:00.000000000,15.208233579290154,15.395553202227461
2014-10-01T18:00:00.000000000,14.268448135690312,13.269274984758056
2014-10-01T19:00:00.000000000,15.643852255904049,13.68093343672308
2014-10-01T20:00:00.000000000,15.309561423766906,18.71603110303522
2014-10-01T21:00:00.000000000,16.01000239267055,25.084460899615237
2014-10-01T22:00:00.000000000,15.143781676894434,26.62850415647597
2014-10-01T23:00:00.000000000,13.682821883326877,38.80695660460168
2014-10-02T00:00:00.000000000,15.658356514259522,49.53265428076878
2014-10-02T01:00:00.000000000,13.407893863400718,31.65999541785925
2014-10-02T02:00:00.000000000,13.309174156467169,28.803723610501834
2014-10-02T03:00:00.000000000,13.489000148268959,32.51191423105149
2014-10-02T04:00:00.000000000,12.697620022603518,37.11808167403785
2014-10-02T05:00:00.000000000,12.370383047275526,37.321496265823214
2014-10-02T06:00:00.000000000,12.679887888444709,42.32308691877773
2014-10-02T07:00:00.000000000,12.596063134508013,41.902691885790205
2014-10-02T08:00:00.000000000,12.31303405394287,45.534695134348624
2014-10-02T09:00:00.000000000,12.90348790056394,54.462322208025626
2014-10-02T10:00:00.000000000,11.89143599402528,56.142889858339345
2014-10-02T11:00:00.000000000,11.246452217866388,67.79652435588923
2014-10-02T12:00:00.000000000,9.957795162014119,70.95095045775037
2014-10-02T13:00:00.000000000,8.682777493406128,59.743562836470744
2014-10-02T14:00:00.000000000,8.70540357907452,62.36789278318014
2014-10-02T15:00:00.000000000,8.341350310351435,60.36161631184865
2014-10-02T16:00:00.000000000,7.972894290217748,59.5754363993363
2014-10-02T17:00:00.000000000,7.037844130129623,56.59217541029108
2014-10-02T18:00:00.000000000,6.6673176765472935,59.58891873287462
2014-10-02T19:00:00.000000000,6.157173985515739,56.34218198889562
2014-10-02T20:00:00.000000000,6.1883093400501386,61.00160801074645
2014-10-02T21:00:00.000000000,6.336895927818288,67.98871680208066
2014-10-02T22:00:00.000000000,5.5574981320439285,75.27610020650525
2014-10-02T23:00:00.000000000,4.406121847797874,74.70209380636686
2014-10-03T00:00:00.000000000,3.923088706618804,67.52056560289691
2014-10-03T01:00:00.000000000,4.2304350072679915,50.99647107089015
2014-10-03T02:00:00.000000000,2.9577505156413655,39.34049973898914
2014-10-03T03:00:00.000000000,3.0516389039334255,34.992020198558635
2014-10-03T04:00:00.000000000,3.5330815144646417,34.47718864096919
2014-10-03T05:00:00.000000000,3.8078865529319543,23.198590513648185
2014-10-03T06:00:00.000000000,4.183093949130445,29.935990290578047
2014-10-03T07:00:00.000000000,3.8699347199974485,7.423432038314729
2014-10-03T08:00:00.000000000,3.282743496291897,351.90077751016634
2014-10-03T09:00:00.000000000,2.875244574380891,359.2526762336134
2014-10-03T10:00:00.000000000,2.039379403210327,2.459000076969346
2014-10-03T11:00:00.000000000,1.211663195825063,291.8015412059351
2014-10-03T12:00:00.000000000,1.797959256365881,283.2633752709048
2014-10-03T13:00:00.000000000,2.1661112016149495,273.3082112441641
2014-10-03T14:00:00.000000000,3.22269818825728,284.1440693511332
2014-10-03T15:00:00.000000000,4.491277460303863,259.253021579789
2014-10-03T16:00:00.000000000,5.680407180588531,251.12648423804856
2014-10-03T17:00:00.000000000,7.178527007680615,262.99873244250466
2014-10-03T18:00:00.000000000,8.405253066530284,265.1373021629548
2014-10-03T19:00:00.000000000,8.08653360453549,256.86598804400086
2014-10-03T20:00:00.000000000,9.023451130973879,256.86857488988846
2014-10-03T21:00:00.000000000,10.204817315274134,256.25314505881886
2014-10-03T22:00:00.000000000,10.152739778010663,265.76360520094113
2014-10-03T23:00:00.000000000,10.745912029292484,267.733381132731
2014-10-04T00:00:00.000000000,10.925040652606993,270.13122138820074
2014-10-04T01:00:00.000000000,11.628871020067988,271.47840564750436
2014-10-04T02:00:00.000000000,10.431571557762995,288.36999512315253
2014-10-04T03:00:00.000000000,9.398901758307883,304.0494739400844
2014-10-04T04:00:00.000000000,9.769687135339746,303.7308145071971
2014-10-04T05:00:00.000000000,10.806630014133814,301.1343335776763
2014-10-04T06:00:00.000000000,13.314875369061102,305.7941267738006
2014-10-04T07:00:00.000000000,15.16123225536514,308.13607556356453
2014-10-04T08:00:00.000000000,17.191636474103877,332.5965685266604
2014-10-04T09:00:00.000000000,16.806398264719974,351.57460480831264
2014-10-04T10:00:00.000000000,16.315040853760706,1.0097109388307217
2014-10-04T11:00:00.000000000,15.770729699722217,4.363883478100149
2014-10-04T12:00:00.000000000,16.07616420153688,2.3618377894899822
2014-10-04T13:00:00.000000000,15.390264932464579,9.01859666666121
2014-10-04T14:00:00.000000000,15.918177802959857,11.918785053565784
2014-10-04T15:00:00.000000000,16.18798591368855,15.81777726412912
2014-10-04T16:00:00.000000000,14.869776551496962,17.26208232103903
2014-10-04T17:00:00.000000000,14.660990052395297,22.19148022244366
2014-10-04T18:00:00.000000000,14.426420943094431,28.630272488354308
2014-10-04T19:00:00.000000000,14.447132165809721,31.448364622695124
2014-10-04T20:00:00.000000000,14.321164186432757,32.52489395455365
2014-10-04T21:00:00.000000000,13.792991675205151,31.28434092452551
2014-10-04T22:00:00.000000000,12.594259172419337,29.94943514449153
2014-10-04T23:00:00.000000000,12.218361692172927,34.45418057256916
2014-10-05T00:00:00.000000000,11.565967765471187,32.19573626374495
2014-10-05T01:00:00.000000000,11.624450937652435,27.749935130764925
2014-10-05T02:00:00.000000000,10.839087115095616,29.728486068048028
2014-10-05T03:00:00.000000000,10.05686954275534,32.307334454882096
2014-10-05T04:00:00.000000000,9.156189354114067,35.94685594206726
2014-10-05T05:00:00.000000000,8.840602355043462,43.854237161824926
2014-10-05T06:00:00.000000000,8.475147491341964,52.792078078218424
2014-10-05T07:00:00.000000000,7.897568928240104,59.25397503454877
2014-10-05T08:00:00.000000000,7.615773105863909,66.80140948635182
2014-10-05T09:00:00.000000000,7.281182939605349,78.11134196037199
2014-10-05T10:00:00.000000000,6.519202405202649,94.39870535499551
2014-10-05T11:00:00.000000000,5.5971532943095275,113.70264595096626
2014-10-05T12:00:00.000000000,4.155192534648665,136.21887523513135
2014-10-05T13:00:00.000000000,3.010398644698074,175.23635830927378
2014-10-05T14:00:00.000000000,3.281101187101672,197.74467162505692
2014-10-05T15:00:00.000000000,3.495040142792138,197.26848465749185
2014-10-05T16:00:00.000000000,4.797281650862471,200.27648739980032
2014-10-05T17:00:00.000000000,7.909735503661406,203.5671716841905
2014-10-05T18:00:00.000000000,10.05196730685699,210.9026679442747
2014-10-05T19:00:00.000000000,11.85359348418832,218.70699422065525
2014-10-05T20:00:00.000000000,13.12564979776456,222.02777499410186
2014-10-05T21:00:00.000000000,13.441688624052556,227.7514037135674
2014-10-05T22:00:00.000000000,14.41714255465482,227.91678740538094
2014-10-05T23:00:00.000000000,18.269900249496366,225.0831611048778
2014-10-06T00:00:00.000000000,19.130679264356548,216.39070790082053
2014-10-06T01:00:00.000000000,18.1639567434901,222.4620158981164
2014-10-06T02:00:00.000000000,18.20511505247547,216.68108396270424
2014-10-06T03:00:00.000000000,17.256557958740487,209.4617973944104
2014-10-06T04:00:00.000000000,15.850410490031145,224.009574560303
2014-10-06T05:00:00.000000000,14.255953188765005,213.95492976791866
2014-10-06T06:00:00.000000000,9.085208790477006,248.0230433086808
2014-10-06T07:00:00.000000000,17.04363407022792,236.7296178612906
2014-10-06T08:00:00.000000000,21.47228636629316,247.58545241616733
2014-10-06T09:00:00.000000000,24.32919340936729,260.74582550661626
2014-10-06T10:00:00.000000000,24.771251073630626,276.22848617802254
2014-10-06T11:00:00.000000000,24.705547347090288,315.51248291369853
2014-10-06T12:00:00.000000000,22.301936417297036,329.48236271318626
2014-10-06T13:00:00.000000000,22.858906532180853,13.116744712332036
2014-10-06T14:00:00.000000000,21.654200887657794,16.499670701534967
2014-10-06T15:00:00.000000000,20.628752606919345,20.279734258339943
2014-10-06T16:00:00.000000000,21.605307568487596,28.77449084895966
2014-10-06T17:00:00.000000000,21.435853194055614,31.89205517339093
2014-10-06T18:00:00.000000000,20.004269335736417,34.04754319681808
2014-10-06T19:00:00.000000000,19.261435343145216,30.109231752911853
2014-10-06T20:00:00.000000000,18.533524504731528,27.429175232770035
2014-10-06T21:00:00.000000000,18.08287550703617,29.98559955014116
2014-10-06T22:00:00.000000000,17.647472118008977,34.320410786751324
2014-10-06T23:00:00.000000000,16.86307782010757,33.419138306716206
2014-10-07T00:00:00.000000000,15.94730425312626,30.786608349646883
2014-10-07T01:00:00.000000000,14.847062194807897,25.05477821095559
2014-10-07T02:00:00.000000000,14.05067014249737,14.951114575643317
2014-10-07T03:00:00.000000000,14.431500648007717,6.9649712439326095
2014-10-07T04:00:00.000000000,15.335954602384682,7.634766200180366
2014-10-07T05:00:00.000000000,16.123530055600952,4.44639989819683
2014-10-07T06:00:00.000000000,15.987504500180007,0.0
2014-10-07T07:00:00.000000000,15.901971286845802,359.09919753114775
2014-10-07T08:00:00.000000000,14.773821966832594,10.530324001366523
2014-10-07T09:00:00.000000000,14.458876641255834,11.620796196084484
2014-10-07T10:00:00.000000000,14.150731737382245,9.662014206485594
2014-10-07T11:00:00.000000000,13.832850183206238,7.947053803838401
2014-10-07T12:00:00.000000000,12.839885708472847,9.865815544958991
2014-10-07T13:00:00.000000000,12.825612147304591,359.4415794159365
2014-10-07T14:00:00.000000000,12.802766092295712,357.2018468020672
2014-10-07T15:00:00.000000000,13.42181792787817,357.86507907029085
2014-10-07T16:00:00.000000000,13.709154013556816,353.1925005215749
2014-10-07T17:00:00.000000000,14.079997672350203,358.4738308355964
2014-10-07T18:00:00.000000000,13.914747500014933,358.9705371505265
2014-10-07T19:00:00.000000000,13.375584099395436,0.53545898556456
2014-10-07T20:00:00.000000000,13.727917074461702,356.3455624894169
2014-10-07T21:00:00.000000000,13.968186633052047,357.07615013757686
2014-10-07T22:00:00.000000000,14.163053122092066,0.505686546555296
2014-10-07T23:00:00.000000000,14.325003000120004,0.0
2014-10-08T00:00:00.000000000,14.04250951091673,1.5302444235485382
2014-10-08T01:00:00.000000000,14.580839137068171,1.6211514722994025
2014-10-08T02:00:00.000000000,13.548167947242668,2.273713473877649
2014-10-08T03:00:00.000000000,13.553702634398785,2.8017193861298892
2014-10-08T04:00:00.000000000,12.701942927399433,4.515529264227212
2014-10-08T05:00:00.000000000,13.13838157324055,7.1047314553861725
2014-10-08T06:00:00.000000000,13.645453211998912,9.065418889942805
2014-10-08T07:00:00.000000000,13.280934554989877,15.056480563793798
2014-10-08T08:00:00.000000000,12.024738517368556,18.73630875124138
2014-10-08T09:00:00.000000000,12.163272241215225,14.279018998876609
2014-10-08T10:00:00.000000000,11.994385367433088,16.7164096255579
2014-10-08T11:00:00.000000000,11.00912503061069,18.94927201245366
2014-10-08T12:00:00.000000000,9.303973115711468,19.87131229225946
2014-10-08T13:00:00.000000000,9.300287347781925,3.004719794806988
2014-10-08T14:00:00.000000000,10.040614341946753,358.57325211042576
2014-10-08T15:00:00.000000000,9.625811654089228,359.2559407971113
2014-10-08T16:00:00.000000000,9.557957933766334,356.2507230408935
2014-10-08T17:00:00.000000000,9.901776891733968,351.28683402683276
2014-10-08T18:00:00.000000000,8.533024082938006,354.9575489308291
2014-10-08T19:00:00.000000000,7.379236071572721,1.9414863909143492
2014-10-08T20:00:00.000000000,7.68550768410173,352.8056434228463
2014-10-08T21:00:00.000000000,8.546614026370847,345.51665796640395
2014-10-08T22:00:00.000000000,9.100137361600648,344.05460409907715
2014-10-08T23:00:00.000000000,8.31038506929733,338.8387401831717
2014-10-09T00:00:00.000000000,8.791765606916037,328.54727263244195
2014-10-09T01:00:00.000000000,9.145603082273022,333.1898014668072
2014-10-09T02:00:00.000000000,9.0294656541791,338.051300916473
2014-10-09T03:00:00.000000000,8.801439085496389,342.90326587911454
2014-10-09T04:00:00.000000000,8.311325104939645,347.8450583027778
2014-10-09T05:00:00.000000000,8.105746418436738,342.96223220437435
2014-10-09T06:00:00.000000000,6.752523526465015,338.6122166560219
2014-10-09T07:00:00.000000000,7.710675601851094,325.7689454611162
2014-10-09T08:00:00.000000000,7.326514799020644,327.2589164615549
2014-10-09T09:00:00.000000000,5.511040280664214,321.0763667525216
2014-10-09T10:00:00.000000000,6.553863364459165,304.9024956159247
2014-10-09T11:00:00.000000000,3.9086862371682543,295.1718767767169
2014-10-09T12:00:00.000000000,6.280651029200597,258.8689925512283
2014-10-09T13:00:00.000000000,8.029027414559838,248.34767452762884
2014-10-09T14:00:00.000000000,7.917633097258723,251.30759778648692
2014-10-09T15:00:00.000000000,7.830881699373886,252.0567205635188
2014-10-09T16:00:00.000000000,9.96189949962095,252.24713755203868
2014-10-09T17:00:00.000000000,10.728280951103939,251.94506165235958
2014-10-09T18:00:00.000000000,11.238219333366459,251.18218646446334
2014-10-09T19:00:00.000000000,9.20624277341861,251.3929364437754
2014-10-09T20:00:00.000000000,8.596183159553258,260.8801957620653
2014-10-09T21:00:00.000000000,7.936962532831576,280.1598156764817
2014-10-09T22:00:00.000000000,5.799326464722783,287.69314019387315
2014-10-09T23:00:00.000000000,3.4641251259561625,264.8246642038831
2014-10-10T00:00:00.000000000,5.5362387952638885,249.9287180964936
2014-10-10T01:00:00.000000000,8.94064172423793,256.33304766235113
2014-10-10T02:00:00.000000000,8.342835069186295,252.9226821786243
2014-10-10T03:00:00.000000000,6.566010280223449,249.49518598905604
2014-10-10T04:00:00.000000000,9.807778719011203,261.4981925145137
2014-10-10T05:00:00.000000000,10.733285320058135,280.6032947260155
2014-10-10T06:00:00.000000000,9.29053143644094,289.41010246388913
2014-10-10T07:00:00.000000000,13.229299736990976,271.4618564997307
2014-10-10T08:00:00.000000000,12.11210447230703,275.80477655319135
2014-10-10T09:00:00.000000000,10.361907028708139,293.53452203610163
2014-10-10T10:00:00.000000000,5.543019168529468,15.164316838824277
2014-10-10T11:00:00.000000000,7.462111440423814,28.625810648696756
2014-10-10T12:00:00.000000000,9.214331069705697,54.88701596437477
2014-10-10T13:00:00.000000000,11.137276697583742,51.05899257430883
2014-10-10T14:00:00.000000000,9.625811654089228,37.613956848732755
2014-10-10T15:00:00.000000000,9.707512946865268,25.14614485300291
2014-10-10T16:00:00.000000000,10.010151097760712,15.945395900922847
2014-10-10T17:00:00.000000000,9.46126973508313,15.321510074864818
2014-10-10T18:00:00.000000000,9.500404418424344,12.152672224539458
2014-10-10T19:00:00.000000000,9.921009789263481,13.108243101092341
2014-10-10T20:00:00.000000000,9.352382516696043,11.565244341898392
2014-10-10T21:00:00.000000000,8.973049927421556,18.687351505211154
2014-10-10T22:00:00.000000000,8.097067370350823,8.880659150520273
2014-10-10T23:00:00.000000000,7.505508451300068,2.195274805973611
2014-10-11T00:00:00.000000000,7.69526051297984,7.74841045191846
2014-10-11T01:00:00.000000000,9.168560410446124,348.9964591482505
2014-10-11T02:00:00.000000000,9.976534969617457,344.7448812969422
2014-10-11T03:00:00.000000000,10.201102881551583,342.89727103094765
2014-10-11T04:00:00.000000000,10.201868701370353,352.9620592368153
2014-10-11T05:00:00.000000000,9.5818839483684,352.5041423602701
2014-10-11T06:00:00.000000000,8.036051580222715,344.66671520694644
2014-10-11T07:00:00.000000000,9.246436170264657,344.5546774209487
2014-10-11T08:00:00.000000000,7.302706612086148,340.2934102680896
2014-10-11T09:00:00.000000000,7.498634824901246,341.83689029472316
2014-10-11T10:00:00.000000000,7.665874053230982,335.9426505499883
2014-10-11T11:00:00.000000000,7.254620655974145,331.4919770841976
2014-10-11T12:00:00.000000000,7.059083665851897,331.43813515816646
2014-10-11T13:00:00.000000000,5.800176407929915,330.28575730916253
2014-10-11T14:00:00.000000000,6.352225638473788,318.9095616446381
2014-10-11T15:00:00.000000000,6.051859218455102,308.2901631922431
2014-10-11T16:00:00.000000000,7.53427568515438,310.6941056870499
2014-10-11T17:00:00.000000000,7.789707455222036,298.045455058013
2014-10-11T18:00:00.000000000,8.20774270813034,291.72040148057886
2014-10-11T19:00:00.000000000,8.223442101699263,289.5366549381284
2014-10-11T20:00:00.000000000,8.97566153550812,282.8750015596125
2014-10-11T21:00:00.000000000,9.332220695055844,275.61132852660353
2014-10-11T22:00:00.000000000,9.659839543180828,280.43747535111817
2014-10-11T23:00:00.000000000,9.296749821230096,291.28640175749786
2014-10-12T00:00:00.000000000,8.247623657035508,306.5572919524782
2014-10-12T01:00:00.000000000,9.905806378079475,317.04540848888723
2014-10-12T02:00:00.000000000,11.360312722621096,324.4036873810398
2014-10-12T03:00:00.000000000,11.774370492228948,327.00162624464775
2014-10-12T04:00:00.000000000,11.761890100600404,321.16902272394
2014-10-12T05:00:00.000000000,13.099205071471424,314.8453652254621
2014-10-12T06:00:00.000000000,13.634299116412661,317.56378217463373
2014-10-12T07:00:00.000000000,15.896518351022209,332.20579506904664
2014-10-12T08:00:00.000000000,13.707320124663317,24.227745317954145
2014-10-12T09:00:00.000000000,11.898660638912263,19.005984196036763
2014-10-12T10:00:00.000000000,12.655147666977395,23.70390634947836
2014-10-12T11:00:00.000000000,10.649597045801395,20.115264179504152
2014-10-12T12:00:00.000000000,6.787915885111112,0.6331019535475093
2014-10-12T13:00:00.000000000,8.609668917107482,343.3804423481278
2014-10-12T14:00:00.000000000,9.451355722857965,339.88741171092454
2014-10-12T15:00:00.000000000,5.87632963677158,29.291362170984257
2014-10-12T16:00:00.000000000,3.6763602924631855,17.8188889145228
2014-10-12T17:00:00.000000000,3.7790541144577436,55.7842978675626
2014-10-12T18:00:00.000000000,6.654415827103082,84.6106882400266
2014-10-12T19:00:00.000000000,8.326351241690444,82.23483398157464
2014-10-12T20:00:00.000000000,10.684392823179051,83.9559078377589
2014-10-12T21:00:00.000000000,10.912565938005532,90.19689978693634
2014-10-12T22:00:00.000000000,13.533387628500009,96.36356682784674
2014-10-12T23:00:00.000000000,15.220389279392755,92.96580246258156
2014-10-13T00:00:00.000000000,16.45190258614356,89.12931066033588
2014-10-13T01:00:00.000000000,15.511534498216218,83.52214018918323
2014-10-13T02:00:00.000000000,14.888631198117816,84.70104972137239
2014-10-13T03:00:00.000000000,15.355198478563338,86.40621521939153
2014-10-13T04:00:00.000000000,15.620508851127129,88.16569457894894
2014-10-13T05:00:00.000000000,15.756871403965917,85.13067391276667
2014-10-13T06:00:00.000000000,15.604714730367032,86.46375278819562
2014-10-13T07:00:00.000000000,15.837340210837397,87.73830938866661
2014-10-13T08:00:00.000000000,15.57700929105928,89.08040371495844
2014-10-13T09:00:00.000000000,15.95196212708133,89.1020207302762
2014-10-13T10:00:00.000000000,15.799867993575036,92.26705741348997
2014-10-13T11:00:00.000000000,15.638921923886533,95.1819949096448
2014-10-13T12:00:00.000000000,14.809501593690015,100.2096831559166
2014-10-13T13:00:00.000000000,12.02067411698502,104.0217982870119
2014-10-13T14:00:00.000000000,10.87132983993917,106.70555206928066
2014-10-13T15:00:00.000000000,10.430859700948362,105.78505228043088
2014-10-13T16:00:00.000000000,10.03509466821315,103.69004961746555
2014-10-13T17:00:00.000000000,9.08853300805701,107.61257498153782
2014-10-13T18:00:00.000000000,8.567744744096897,113.19859051364818
2014-10-13T19:00:00.000000000,7.356736664478246,112.68724762132052
2014-10-13T20:00:00.000000000,7.263974469979125,110.867605134894
2014-10-13T21:00:00.000000000,7.257204858769438,114.09274116612346
2014-10-13T22:00:00.000000000,6.478921572163208,107.9805032913385
2014-10-13T23:00:00.000000000,5.478651750202782,117.1496816977832
2014-10-14T00:00:00.000000000,5.542705418010101,107.45424255027706
2014-10-14T01:00:00.000000000,4.01318164927617,94.64512111761053
2014-10-14T02:00:00.000000000,6.033771665574589,83.9351200483934
2014-10-14T03:00:00.000000000,6.788065453485885,90.73856588955005
2014-10-14T04:00:00.000000000,7.9232466499537635,87.0157075883971
2014-10-14T05:00:00.000000000,9.388733094172867,81.57862187865209
2014-10-14T06:00:00.000000000,9.95301461869719,78.40782458970892
2014-10-14T07:00:00.000000000,8.913648243003534,75.37912601136833
2014-10-14T08:00:00.000000000,8.031083674601566,80.14183483572282
2014-10-14T09:00:00.000000000,8.830151943813796,78.81733201119658
2014-10-14T10:00:00.000000000,8.434490203918669,83.1909498203866
2014-10-14T11:00:00.000000000,7.671672193102478,87.19820108683973
2014-10-14T12:00:00.000000000,6.91363160635073,91.03597690850097
2014-10-14T13:00:00.000000000,5.790617410950235,76.26373169437744
2014-10-14T14:00:00.000000000,5.522241493478599,71.93418185173232
2014-10-14T15:00:00.000000000,6.112206749641124,64.95481003000998
2014-10-14T16:00:00.000000000,6.416640241367108,61.23811768792689
2014-10-14T17:00:00.000000000,5.318011846545662,60.42216131873869
2014-10-14T18:00:00.000000000,4.804115304840917,59.1640939127729
2014-10-14T19:00:00.000000000,5.306083417842367,51.02400567467561
2014-10-14T20:00:00.000000000,4.7860474297691615,49.23639479905887
2014-10-14T21:00:00.000000000,4.298783460215432,51.730468237711875
2014-10-14T22:00:00.000000000,4.081206929328627,49.96974072811031
2014-10-14T23:00:00.000000000,3.8557801237709035,38.02158945195606
2014-10-15T00:00:00.000000000,3.4516531890735713,19.681762619303584
2014-10-15T01:00:00.000000000,5.412501500060002,0.0
2014-10-15T02:00:00.000000000,7.287501500060002,0.0
2014-10-15T03:00:00.000000000,8.010627783610454,2.95171031197043
2014-10-15T04:00:00.000000000,9.070039966835868,7.125016348901795
2014-10-15T05:00:00.000000000,8.533024082938006,5.042451069170909
2014-10-15T06:00:00.000000000,9.23595384766747,7.230824788424286
2014-10-15T07:00:00.000000000,9.83464082275793,7.522466895864284
2014-10-15T08:00:00.000000000,9.395810236483067,3.814074834290352
2014-10-15T09:00:00.000000000,9.757208873443265,2.2025981617658204
2014-10-15T10:00:00.000000000,11.27497228377968,3.814074834290352
2014-10-15T11:00:00.000000000,11.620488220643386,4.3183472275580925
2014-10-15T12:00:00.000000000,10.825067958914339,0.19849131524381392
2014-10-15T13:00:00.000000000,11.496490634264502,351.2444536942671
2014-10-15T14:00:00.000000000,12.002603884157804,1.1934894239820437
2014-10-15T15:00:00.000000000,12.060843352102157,3.5652214844611194
2014-10-15T16:00:00.000000000,12.203542220968542,355.2997175823754
2014-10-15T17:00:00.000000000,13.174283787276286,352.5311024371424
2014-10-15T18:00:00.000000000,13.698392183504218,356.6519759002296
2014-10-15T19:00:00.000000000,12.475157348237609,31.60374706764611
2014-10-15T20:00:00.000000000,12.816615192787836,45.395137042507486
2014-10-15T21:00:00.000000000,13.882196196112258,49.381917174196815
2014-10-15T22:00:00.000000000,13.1285066025682,48.203371605973985
2014-10-15T23:00:00.000000000,12.188226454331598,48.74221265488791
2014-10-16T00:00:00.000000000,11.741608161874316,48.45257333842625
2014-10-16T01:00:00.000000000,11.356016482548737,51.70462495615095
2014-10-16T02:00:00.000000000,12.315825707753696,58.8268117432649
2014-10-16T03:00:00.000000000,13.00330029219474,72.66240575925463
2014-10-16T04:00:00.000000000,14.333726345701146,88.00095927076359
2014-10-16T05:00:00.000000000,14.571143115880686,82.60673704409862
2014-10-16T06:00:00.000000000,14.295303755198317,79.92817331817963
2014-10-16T07:00:00.000000000,13.937014174566539,74.2310677419818
2014-10-16T08:00:00.000000000,13.665796576347239,74.9976861333887
2014-10-16T09:00:00.000000000,13.176620203567067,78.50885487118978
2014-10-16T10:00:00.000000000,11.944593630129566,85.79904047565213
2014-10-16T11:00:00.000000000,10.916288110037613,91.50916935442575
2014-10-16T12:00:00.000000000,10.200101065122924,94.92107859800751
2014-10-16T13:00:00.000000000,8.625905749543058,90.83031548625803
2014-10-16T14:00:00.000000000,8.775044628808548,85.67014244114716
2014-10-16T15:00:00.000000000,8.43568648590687,85.75106241060598
2014-10-16T16:00:00.000000000,8.20926645556604,83.88139947568789
2014-10-16T17:00:00.000000000,7.650571874049678,85.31410016049733
2014-10-16T18:00:00.000000000,6.519202405202649,94.39870535499551
2014-10-16T19:00:00.000000000,4.7909419741842,105.12400730831058
2014-10-16T20:00:00.000000000,3.9151149408414563,106.69924423399362
2014-10-16T21:00:00.000000000,4.934079966118985,138.80040850399348
2014-10-16T22:00:00.000000000,5.3975957470987455,143.47509693380016
2014-10-16T23:00:00.000000000,4.721111599723282,144.37413718979002
2014-10-17T00:00:00.000000000,3.86549126724686,137.22775916593764
2014-10-17T01:00:00.000000000,3.988264033385954,122.19573393471325
2014-10-17T02:00:00.000000000,3.8139957852701545,130.21427274990367
2014-10-17T03:00:00.000000000,4.012187970715448,124.97734908292551
2014-10-17T04:00:00.000000000,4.548506154506307,98.37506847738445
2014-10-17T05:00:00.000000000,4.740284142250597,83.79333893789584
2014-10-17T06:00:00.000000000,2.2700441073027564,73.36139030404252
2014-10-17T07:00:00.000000000,8.595682374685078,182.50041100059303
2014-10-17T08:00:00.000000000,8.203551486187656,189.64890775680604
2014-10-17T09:00:00.000000000,6.686039560158166,200.80679101271122
2014-10-17T10:00:00.000000000,7.075485849042453,212.0053832080835
2014-10-17T11:00:00.000000000,7.652613932506983,231.63251461513846
2014-10-17T12:00:00.000000000,10.050411365312204,245.21989014712045
2014-10-17T13:00:00.000000000,10.58971488585537,251.41534508740597
2014-10-17T14:00:00.000000000,10.608048074569,247.8475546648289
2014-10-17T15:00:00.000000000,11.176274322278134,242.4891781739845
2014-10-17T16:00:00.000000000,11.7731302504963,243.78862500505804
2014-10-17T17:00:00.000000000,12.884304983928509,250.56305116269846
2014-10-17T18:00:00.000000000,12.827132924775865,251.82990925806308
2014-10-17T19:00:00.000000000,12.302543180284193,248.54452820282683
2014-10-17T20:00:00.000000000,13.634547024604956,240.1443591029426
2014-10-17T21:00:00.000000000,14.815222602373389,233.4394971920483
2014-10-17T22:00:00.000000000,12.100947370128203,249.88036751948766
2014-10-17T23:00:00.000000000,10.595520879245017,260.49323069024075
2014-10-18T00:00:00.000000000,11.608538997312456,257.31060556212793
2014-10-18T01:00:00.000000000,13.266159213225999,244.01445780388275
2014-10-18T02:00:00.000000000,11.815953038225876,246.82536337660076
2014-10-18T03:00:00.000000000,12.041457313155384,243.08924968014335
2014-10-18T04:00:00.000000000,11.872176500897876,256.11012065568997
2014-10-18T05:00:00.000000000,11.068624435359084,263.05967208836205
2014-10-18T06:00:00.000000000,11.655546501940734,259.55788915263696
2014-10-18T07:00:00.000000000,11.650604926992402,263.46987015944137
2014-10-18T08:00:00.000000000,14.786108973211276,254.70674774014242
2014-10-18T09:00:00.000000000,15.761799555785943,255.9087795249397
2014-10-18T10:00:00.000000000,16.290984528604127,259.88007306049076
2014-10-18T11:00:00.000000000,17.970146049698425,267.28892650440355
2014-10-18T12:00:00.000000000,18.58938678860036,274.28058010122095
2014-10-18T13:00:00.000000000,16.817629060396555,292.2759827447497
2014-10-18T14:00:00.000000000,13.75747997702418,319.34795199652575
2014-10-18T15:00:00.000000000,11.795793720863394,356.59794538151976
2014-10-18T16:00:00.000000000,8.632069436770404,7.907214752694415
2014-10-18T17:00:00.000000000,7.436069861603757,17.612581340174586
2014-10-18T18:00:00.000000000,6.7983901733695,23.170901515387754
2014-10-18T19:00:00.000000000,7.261652120984698,26.697326083726864
2014-10-18T20:00:00.000000000,7.919999194238704,36.85181836586145
2014-10-18T21:00:00.000000000,5.777501264568164,36.82030047954055
2014-10-18T22:00:00.000000000,6.258221680401593,34.420116306732325
2014-10-18T23:00:00.000000000,7.786205751198718,42.397437797500174
2014-10-19T00:00:00.000000000,6.903350635742038,42.06432655357884
2014-10-19T01:00:00.000000000,4.900573945978165,37.74680538727466
2014-10-19T02:00:00.000000000,9.89640762406272,41.05657987634288
2014-10-19T03:00:00.000000000,11.120426238973113,52.62774196552817
2014-10-19T04:00:00.000000000,13.380255976624662,60.32151007486482
2014-10-19T05:00:00.000000000,13.958084574897804,70.10456866523435
2014-10-19T06:00:00.000000000,13.21102759061535,69.50740523012973
2014-10-19T07:00:00.000000000,12.476227394529165,65.74608027568343
2014-10-19T08:00:00.000000000,12.553069873094064,58.145812210596546
2014-10-19T09:00:00.000000000,13.613527279878642,59.66782490370008
2014-10-19T10:00:00.000000000,14.235879027700708,65.46028122952816
2014-10-19T11:00:00.000000000,14.040890854114052,71.1456600701137
2014-10-19T12:00:00.000000000,13.973281010675235,78.64986238902316
2014-10-19T13:00:00.000000000,11.595919566879056,84.24638077579976
2014-10-19T14:00:00.000000000,11.162501500060003,90.0
2014-10-19T15:00:00.000000000,11.543594148439507,91.86161241384048
2014-10-19T16:00:00.000000000,11.56550109112752,99.3299749106917
2014-10-19T17:00:00.000000000,11.341084102227477,107.97563149666786
2014-10-19T18:00:00.000000000,10.566752102704028,117.47443162627712
2014-10-19T19:00:00.000000000,7.623750059852664,130.61146828766846
2014-10-19T20:00:00.000000000,7.570180842408702,143.52745098165508
2014-10-19T21:00:00.000000000,7.872907379937653,142.5478765275975
2014-10-19T22:00:00.000000000,8.223528522666337,142.22430743312827
2014-10-19T23:00:00.000000000,8.973303299963552,143.89633408584865
2014-10-20T00:00:00.000000000,8.412585644520568,148.36460783031168
2014-10-20T01:00:00.000000000,7.276889788913942,175.072890052351
2014-10-20T02:00:00.000000000,6.289936332207487,178.40572575708245
2014-10-20T03:00:00.000000000,7.9430494372518385,187.5052784728047
2014-10-20T04:00:00.000000000,9.664690890038854,185.1944289077348
2014-10-20T05:00:00.000000000,8.43568648590687,184.24893758939402
2014-10-20T06:00:00.000000000,9.115390555335715,192.11122704479843
2014-10-20T07:00:00.000000000,9.123537327352084,187.87476407358696
2014-10-20T08:00:00.000000000,9.86699982840158,187.2780677178965
2014-10-20T09:00:00.000000000,10.564816567336537,189.7409484171536
2014-10-20T10:00:00.000000000,11.001834101714522,196.70548472805507
2014-10-20T11:00:00.000000000,11.24309144832834,195.6741474666703
2014-10-20T12:00:00.000000000,11.510717016187723,198.5530078495016
2014-10-20T13:00:00.000000000,13.449960682617135,206.49360724188628
2014-10-20T14:00:00.000000000,14.395667848918086,205.89755788717326
2014-10-20T15:00:00.000000000,15.177314751515958,206.565051177078
2014-10-20T16:00:00.000000000,15.848233736500857,206.36295054299782
2014-10-20T17:00:00.000000000,16.536951310787735,207.26233294867347
2014-10-20T18:00:00.000000000,16.849045580381045,206.24188902145485
2014-10-20T19:00:00.000000000,17.398423417238536,203.54452820282683
2014-10-20T20:00:00.000000000,17.248939009172098,205.45084931484746
2014-10-20T21:00:00.000000000,17.524884984502126,205.15762316095842
2014-10-20T22:00:00.000000000,17.265087985745808,205.5632240049798
2014-10-20T23:00:00.000000000,16.92618554652241,201.94284708279469
2014-10-21T00:00:00.000000000,17.139446000730157,202.69379915086486
2014-10-21T01:00:00.000000000,18.14708709964658,201.79408342850513
2014-10-21T02:00:00.000000000,18.092429600953864,202.41889875128683
2014-10-21T03:00:00.000000000,18.09138263684136,202.7203610157444
2014-10-21T04:00:00.000000000,16.759843111586314,202.9124315223129
2014-10-21T05:00:00.000000000,16.038483477231637,202.54773953441955
2014-10-21T06:00:00.000000000,16.24378287070562,201.62947659292493
2014-10-21T07:00:00.000000000,17.58270807825267,202.66373807698267
2014-10-21T08:00:00.000000000,18.031081302907747,201.94155336657525
2014-10-21T09:00:00.000000000,18.19584340460987,201.85988722965922
2014-10-21T10:00:00.000000000,18.47442418467635,201.9309939641285
2014-10-21T11:00:00.000000000,18.05957052935934,200.7556387514639
2014-10-21T12:00:00.000000000,18.168065651564582,200.2053956242605
2014-10-21T13:00:00.000000000,17.766499412241334,201.98107350359217
2014-10-21T14:00:00.000000000,17.40504253302974,202.3286588250556
2014-10-21T15:00:00.000000000,16.909641750033664,202.69806469527506
2014-10-21T16:00:00.000000000,16.351940928036694,202.5659658628398
2014-10-21T17:00:00.000000000,16.792501921431526,199.79728141638594
2014-10-21T18:00:00.000000000,15.193972917870145,193.07589463556687
2014-10-21T19:00:00.000000000,15.927591552539797,194.96328462418532
2014-10-21T20:00:00.000000000,16.69766139485738,197.06489316972102
2014-10-21T21:00:00.000000000,15.670714029125813,201.42799909628943
2014-10-21T22:00:00.000000000,16.25109498096019,203.52849293442432
2014-10-21T23:00:00.000000000,14.115293051931262,206.33824736041367
2014-10-22T00:00:00.000000000,13.321150194243737,210.94544401318583
2014-10-22T01:00:00.000000000,14.688478681896461,207.7427696649827
2014-10-22T02:00:00.000000000,13.882920175346968,215.693738847757
2014-10-22T03:00:00.000000000,12.005333762445755,226.09700202990715
2014-10-22T04:00:00.000000000,9.450071279421058,232.90293026161157
2014-10-22T05:00:00.000000000,6.38914530263258,238.11372351860538
2014-10-22T06:00:00.000000000,3.938357079284669,236.25999822748045
2014-10-22T07:00:00.000000000,1.7969366826905608,311.8991511376546
2014-10-22T08:00:00.000000000,2.5896688989367487,40.301178508435896
2014-10-22T09:00:00.000000000,6.7960225030786585,73.76508864817902
2014-10-22T10:00:00.000000000,11.340182360568242,83.29022960762495
2014-10-22T11:00:00.000000000,13.25770615843781,95.89874547555928
2014-10-22T12:00:00.000000000,13.8050748785986,97.0735484983955
2014-10-22T13:00:00.000000000,13.548167947242668,92.2737134738777
2014-10-22T14:00:00.000000000,14.085554944759137,94.73408942147461
2014-10-22T15:00:00.000000000,14.855410450532968,93.6665652100354
2014-10-22T16:00:00.000000000,16.762834154890818,94.96234750168458
2014-10-22T17:00:00.000000000,17.651869888817135,96.87340176934828
2014-10-22T18:00:00.000000000,17.993589359348565,103.621144430718
2014-10-22T19:00:00.000000000,16.683533478938237,103.828022222551
2014-10-22T20:00:00.000000000,16.87789935302285,107.32113129567654
2014-10-22T21:00:00.000000000,15.500824450976047,110.83187191620789
2014-10-22T22:00:00.000000000,12.463142637297542,128.1573427844778
2014-10-22T23:00:00.000000000,11.60535264328074,193.96145075172745
2014-10-23T00:00:00.000000000,12.737868493464488,197.47477902364344
2014-10-23T01:00:00.000000000,12.581771102268116,194.38138610772896
2014-10-23T02:00:00.000000000,12.416410874189935,201.3729708976416
2014-10-23T03:00:00.000000000,13.282874134430623,206.01043508026302
2014-10-23T04:00:00.000000000,12.841623318254166,204.07008319341688
2014-10-23T05:00:00.000000000,12.910518754483508,201.9456246750036
2014-10-23T06:00:00.000000000,13.40021937358715,198.26593533395317
2014-10-23T07:00:00.000000000,14.088933732178774,199.11012766486456
2014-10-23T08:00:00.000000000,14.455809122046304,198.76397412322882
2014-10-23T09:00:00.000000000,14.737216874634942,195.6984130437669
2014-10-23T10:00:00.000000000,14.857592775584472,195.56798521002847
2014-10-23T11:00:00.000000000,15.275530185904346,197.57499118561896
2014-10-23T12:00:00.000000000,16.071065189394236,199.49195458614946
2014-10-23T13:00:00.000000000,18.45585771452328,198.3981327832917
2014-10-23T14:00:00.000000000,19.23913975253486,195.79711167181574
2014-10-23T15:00:00.000000000,19.140454410552334,194.71690450928912
2014-10-23T16:00:00.000000000,19.452204214242208,192.20533821928814
2014-10-23T17:00:00.000000000,19.34885211335529,192.53683931147603
2014-10-23T18:00:00.000000000,20.02270261902623,192.4744925394609
2014-10-23T19:00:00.000000000,21.771429290167763,191.4583173430014
2014-10-23T20:00:00.000000000,21.281300344578185,191.03933142977158
2014-10-23T21:00:00.000000000,20.405900339567896,191.268639895558
2014-10-23T22:00:00.000000000,19.80855620764336,192.6856885761266
2014-10-23T23:00:00.000000000,17.98773142734121,194.5287643935369
2014-10-24T00:00:00.000000000,16.944312711121825,197.47256121126972
2014-10-24T01:00:00.000000000,16.54789205884,196.99774830917727
2014-10-24T02:00:00.000000000,15.654518843297767,201.40213458722778
2014-10-24T03:00:00.000000000,13.751131334180755,208.80169725809392
2014-10-24T04:00:00.000000000,11.691237009041348,217.70318023419543
2014-10-24T05:00:00.000000000,9.251894660507578,234.29150290759617
2014-10-24T06:00:00.000000000,8.256218396215804,298.58287686501774
2014-10-24T07:00:00.000000000,11.404258933230992,355.09557624760606
2014-10-24T08:00:00.000000000,9.366914272838576,3.4428316280585136
2014-10-24T09:00:00.000000000,10.005629790530191,8.332572115440087
2014-10-24T10:00:00.000000000,10.487214610150383,8.84483422466002
2014-10-24T11:00:00.000000000,11.150264178972417,15.87485956277635
2014-10-24T12:00:00.000000000,11.183530310423098,21.92038660828956
2014-10-24T13:00:00.000000000,11.533437133532084,27.28711858645579
2014-10-24T14:00:00.000000000,10.740994321506312,33.07979415532651
2014-10-24T15:00:00.000000000,11.090882673998124,41.93921979650975
2014-10-24T16:00:00.000000000,10.830001488390563,53.11688094491217
2014-10-24T17:00:00.000000000,10.043855569087697,58.485949761549136
2014-10-24T18:00:00.000000000,9.880392465257943,72.7800551157726
2014-10-24T19:00:00.000000000,9.038749749891846,68.33103791884548
2014-10-24T20:00:00.000000000,7.929706286550586,74.73698172586433
2014-10-24T21:00:00.000000000,7.227432297320864,80.34219713931202
2014-10-24T22:00:00.000000000,5.8108196495847295,71.17528998175993
2014-10-24T23:00:00.000000000,6.291088099373865,75.38392519920973
2014-10-25T00:00:00.000000000,6.369714513757404,72.88073386679866
2014-10-25T01:00:00.000000000,7.550869155269478,83.34557495399338
2014-10-25T02:00:00.000000000,7.580589025643293,77.91185499929742
2014-10-25T03:00:00.000000000,7.304632091163232,73.39467906929264
2014-10-25T04:00:00.000000000,9.025389166802546,75.80979695922883
2014-10-25T05:00:00.000000000,9.935802030421689,78.90210758642257
2014-10-25T06:00:00.000000000,9.728092592470107,81.65124352397811
2014-10-25T07:00:00.000000000,9.407352874894018,75.92681839421078
2014-10-25T08:00:00.000000000,9.146626406071078,76.00174759931309
2014-10-25T09:00:00.000000000,8.240524861924754,80.39479584498707
2014-10-25T10:00:00.000000000,7.002776975005467,83.8518086359959
2014-10-25T11:00:00.000000000,6.427480066091221,76.50426671920417
2014-10-25T12:00:00.000000000,6.336514212305277,71.24335611439153
2014-10-25T13:00:00.000000000,7.139995744944233,68.10544584471131
2014-10-25T14:00:00.000000000,6.7262199441916675,80.04752078487826
2014-10-25T15:00:00.000000000,6.25,73.73979529168804
2014-10-25T16:00:00.000000000,5.1821351041073545,63.18773417993043
2014-10-25T17:00:00.000000000,5.110175900804368,56.271075518285784
2014-10-25T18:00:00.000000000,5.520542805011726,36.065535219742856
2014-10-25T19:00:00.000000000,6.7310952758074025,51.25711623608777
2014-10-25T20:00:00.000000000,7.236818143975877,78.34071657768135
2014-10-25T21:00:00.000000000,6.598163493481479,86.74189626568227
2014-10-25T22:00:00.000000000,5.96773728994388,87.59906693459578
2014-10-25T23:00:00.000000000,4.86680259379315,70.49465566542443
2014-10-26T00:00:00.000000000,4.018236920482286,66.14607687952139
2014-10-26T01:00:00.000000000,3.3805026955237705,57.07383845582615
2014-10-26T02:00:00.000000000,2.243669616863964,28.992580764914578
2014-10-26T03:00:00.000000000,1.6596777510895748,11.733033453021335
2014-10-26T04:00:00.000000000,0.4086951645441269,246.57111423264269
2014-10-26T05:00:00.000000000,2.844101657434517,249.41449227070768
2014-10-26T06:00:00.000000000,5.058857947995947,235.36753315116292
2014-10-26T07:00:00.000000000,8.111615135918171,230.81620832680275
2014-10-26T08:00:00.000000000,7.700133269193903,246.0564032353348
2014-10-26T09:00:00.000000000,9.972374898272564,227.69250030105923
2014-10-26T10:00:00.000000000,10.03516586128036,228.6865180309788
2014-10-26T11:00:00.000000000,11.359104413759908,222.59179604836086
2014-10-26T12:00:00.000000000,13.661853472578876,214.751552968903
2014-10-26T13:00:00.000000000,15.910530120181082,214.33928913289427
2014-10-26T14:00:00.000000000,16.46511601411659,217.06999967369876
2014-10-26T15:00:00.000000000,16.027482916546283,218.89014914474163
2014-10-26T16:00:00.000000000,15.075021649507129,226.44477306300837
2014-10-26T17:00:00.000000000,13.065282444908402,246.42724727642644
2014-10-26T18:00:00.000000000,11.486834628246868,305.2985975769605
2014-10-26T19:00:00.000000000,15.201924096843534,8.749768643613777
2014-10-26T20:00:00.000000000,13.449182797972368,8.175290072625671
2014-10-26T21:00:00.000000000,15.128604759479904,10.76216084035434
2014-10-26T22:00:00.000000000,16.58277383135219,10.11556422042895
2014-10-26T23:00:00.000000000,16.215567730324274,12.600669786775882
2014-10-27T00:00:00.000000000,14.27397402454506,9.577802471370205
2014-10-27T01:00:00.000000000,15.522647734961879,5.54531623877034
2014-10-27T02:00:00.000000000,16.695161863349995,9.046220375312146
2014-10-27T03:00:00.000000000,17.831597334775854,22.069913253752816
2014-10-27T04:00:00.000000000,17.761465320104474,28.72953029696123
2014-10-27T05:00:00.000000000,17.844404594081418,20.631206777877026
2014-10-27T06:00:00.000000000,17.80366482656795,16.017230351775765
2014-10-27T07:00:00.000000000,17.955200653480397,8.931155520655693
2014-10-27T08:00:00.000000000,17.15795654008448,8.082880171528814
2014-10-27T09:00:00.000000000,17.36655370298814,1.2372971479097146
2014-10-27T10:00:00.000000000,18.19684915772621,354.4813072476376
2014-10-27T11:00:00.000000000,19.783221623622083,348.70427062705335
2014-10-27T12:00:00.000000000,20.393452574848748,342.0425986861165
2014-10-27T13:00:00.000000000,22.51151146499266,335.98260027404365
2014-10-27T14:00:00.000000000,23.581717744426218,335.3775865588604
2014-10-27T15:00:00.000000000,23.668091838336707,335.140323841096
2014-10-27T16:00:00.000000000,24.803862244887092,336.6649181314525
2014-10-27T17:00:00.000000000,25.215391381327905,337.37576428352395
2014-10-27T18:00:00.000000000,26.50025646232096,348.57346588538826
2014-10-27T19:00:00.000000000,22.667483520974603,6.427423179597781
2014-10-27T20:00:00.000000000,24.71226592048502,13.544205071747228
2014-10-27T21:00:00.000000000,25.383568805014917,17.658680429311232
2014-10-27T22:00:00.000000000,24.076971251656662,18.651301326581176
2014-10-27T23:00:00.000000000,23.437494744590584,21.460941513424757
2014-10-28T00:00:00.000000000,23.26780899681931,20.63530411589096
2014-10-28T01:00:00.000000000,22.580537121353558,16.16758801507393
2014-10-28T02:00:00.000000000,22.771469266360263,17.0125460012207
2014-10-28T03:00:00.000000000,22.132183676683603,18.199585003514414
2014-10-28T04:00:00.000000000,21.669720072216965,20.00287210650157
2014-10-28T05:00:00.000000000,20.995988456400315,23.359836269635707
2014-10-28T06:00:00.000000000,19.900035387062864,24.729899393529195
2014-10-28T07:00:00.000000000,19.22405379680097,22.680045511432695
2014-10-28T08:00:00.000000000,17.72644152126091,26.510843003794434
2014-10-28T09:00:00.000000000,16.162509520680345,27.298299401105567
2014-10-28T10:00:00.000000000,15.765126335708755,31.181902588680828
2014-10-28T11:00:00.000000000,15.413699562130725,31.97583035639849
2014-10-28T12:00:00.000000000,15.241522498313083,31.82606871379369
2014-10-28T13:00:00.000000000,14.675157739917104,25.910270924467284
2014-10-28T14:00:00.000000000,14.465526113456152,24.505415261221515
2014-10-28T15:00:00.000000000,13.578581188849908,26.399936969115004
2014-10-28T16:00:00.000000000,12.43260287774985,21.405609883175146
2014-10-28T17:00:00.000000000,11.437938597659405,15.205690691004804
2014-10-28T18:00:00.000000000,11.439031416113945,12.623880166515505
2014-10-28T19:00:00.000000000,10.897313349572995,11.915735409343199
2014-10-28T20:00:00.000000000,10.05188262099561,3.065223081123861
2014-10-28T21:00:00.000000000,10.703016531042397,349.9106190912667
2014-10-28T22:00:00.000000000,10.435285674754516,350.34586652787266
2014-10-28T23:00:00.000000000,10.738287223237782,345.8505258702032
2014-10-29T00:00:00.000000000,11.40175425099138,344.7448812969422
2014-10-29T01:00:00.000000000,11.409625886231627,337.4525664112541
2014-10-29T02:00:00.000000000,10.923203161377536,333.4936074543142
2014-10-29T03:00:00.000000000,12.03079649078053,332.79599545576656
2014-10-29T04:00:00.000000000,14.67941602010955,331.90742372970624
2014-10-29T05:00:00.000000000,15.464660041637421,336.6676307366837
2014-10-29T06:00:00.000000000,14.218395747846378,341.5491281485722
2014-10-29T07:00:00.000000000,13.728293940746651,341.4165880739615
2014-10-29T08:00:00.000000000,13.471702460463035,342.0021621742047
2014-10-29T09:00:00.000000000,12.945814589894724,338.7122556447616
2014-10-29T10:00:00.000000000,13.182785862966952,353.5758447930318
2014-10-29T11:00:00.000000000,12.867969809459103,358.33004273406
2014-10-29T12:00:00.000000000,11.057366214492879,3.4349307513637086
2014-10-29T13:00:00.000000000,11.76861695417204,12.264758213993446
2014-10-29T14:00:00.000000000,10.912307158118558,9.89390713655223
2014-10-29T15:00:00.000000000,10.920880230091345,5.253802751262242
2014-10-29T16:00:00.000000000,9.958549954182528,2.373976021952899
2014-10-29T17:00:00.000000000,10.892944964517172,3.289242678491803
2014-10-29T18:00:00.000000000,9.75,0.0
2014-10-29T19:00:00.000000000,10.83375228689473,5.2961755094040655
2014-10-29T20:00:00.000000000,10.536395256443258,4.7636416907261605
2014-10-29T21:00:00.000000000,10.29151807199859,1.6008100800984266
2014-10-29T22:00:00.000000000,9.8432861369455,358.0351043118036
2014-10-29T23:00:00.000000000,10.450029904263433,353.13000769178575
2014-10-30T00:00:00.000000000,11.042028951347064,354.9993631564484
2014-10-30T01:00:00.000000000,10.915715160996257,347.6348831167313
2014-10-30T02:00:00.000000000,10.994808484634774,348.8561432949385
2014-10-30T03:00:00.000000000,11.280162442927931,351.71725402520156
2014-10-30T04:00:00.000000000,10.823152267246359,345.96375653207355
2014-10-30T05:00:00.000000000,9.885422865305943,347.8091109990828
2014-10-30T06:00:00.000000000,10.730359966003004,351.9642892894652
2014-10-30T07:00:00.000000000,10.04987562112089,354.28940686250036
2014-10-30T08:00:00.000000000,9.18379326523642,356.0977386154091
2014-10-30T09:00:00.000000000,8.787501500060003,0.0
2014-10-30T10:00:00.000000000,7.912501500060002,0.0
2014-10-30T11:00:00.000000000,6.888622866727427,348.486168815513
2014-10-30T12:00:00.000000000,5.910651189856476,336.30818420186375
2014-10-30T13:00:00.000000000,7.052682626192215,356.23997798598486
2014-10-30T14:00:00.000000000,7.504165509901817,358.0908475670036
2014-10-30T15:00:00.000000000,6.148539083600816,354.98483658438266
2014-10-30T16:00:00.000000000,5.587627871101791,331.5429772107367
2014-10-30T17:00:00.000000000,6.906845751642477,321.0972869178459
2014-10-30T18:00:00.000000000,8.099153255208044,313.4991593080722
2014-10-30T19:00:00.000000000,8.786530885394987,309.8055710922652
2014-10-30T20:00:00.000000000,9.415488296580628,298.81080174130733
2014-10-30T21:00:00.000000000,10.646895809900919,260.4713487466924
2014-10-30T22:00:00.000000000,11.22287171255573,275.9455475351965
2014-10-30T23:00:00.000000000,12.842103028346598,272.9571010909576
2014-10-31T00:00:00.000000000,13.355324262957264,263.7131158538722
2014-10-31T01:00:00.000000000,13.219511779268771,253.68996752775428
2014-10-31T02:00:00.000000000,14.243049686965486,252.21706560533883
2014-10-31T03:00:00.000000000,14.725945309286757,249.9962048715184
2014-10-31T04:00:00.000000000,13.80222693865468,259.88089576735234
2014-10-31T05:00:00.000000000,13.670157527612814,260.95122891515274
2014-10-31T06:00:00.000000000,13.796572689430349,264.6975873320306
2014-10-31T07:00:00.000000000,13.546760282363945,267.8849689942299
2014-10-31T08:00:00.000000000,13.933826097615293,288.5163655178636
2014-10-31T09:00:00.000000000,10.100202033622498,335.11602056004494
2014-10-31T10:00:00.000000000,10.147560449486827,339.22098944028966
2014-10-31T11:00:00.000000000,9.788655546989585,348.7332024775179
2014-10-31T12:00:00.000000000,13.222192153902892,350.09247180315674
2014-10-31T13:00:00.000000000,11.686255039519212,357.48651305246506
2014-10-31T14:00:00.000000000,9.58189882077793,7.495845938303887
2014-10-31T15:00:00.000000000,12.763460706732813,6.749168458515555
2014-10-31T16:00:00.000000000,13.393296846644972,347.98741050856563
2014-10-31T17:00:00.000000000,14.469586703305794,339.0442704775778
2014-10-31T18:00:00.000000000,16.33194172703599,4.785611097832486
2014-10-31T19:00:00.000000000,15.187606232273204,24.45566339522327
2014-10-31T20:00:00.000000000,15.474705475925669,20.96773257109089
2014-10-31T21:00:00.000000000,16.658127857113993,9.066501113749837
2014-10-31T22:00:00.000000000,16.89439159547386,3.520806554736396
2014-10-31T23:00:00.000000000,17.62070448028619,7.049398083348876
2014-11-01T00:00:00.000000000,18.66000469335483,26.496396531361597
2014-11-01T01:00:00.000000000,17.675243393138402,25.242098208078403
2014-11-01T02:00:00.000000000,17.92384535700467,20.96292146085841
2014-11-01T03:00:00.000000000,19.36899574725992,18.551878794221693
2014-11-01T04:00:00.000000000,19.68617533340321,17.859709459530507
2014-11-01T05:00:00.000000000,20.034233258540564,21.715109953261162
2014-11-01T06:00:00.000000000,19.96026661823479,23.08080762493165
2014-11-01T07:00:00.000000000,20.499585526487916,21.198044502971356
2014-11-01T08:00:00.000000000,21.513639177812646,20.50928721154537
2014-11-01T09:00:00.000000000,21.849050645207523,23.822705290377883
2014-11-01T10:00:00.000000000,21.84291172238137,30.08650347315978
2014-11-01T11:00:00.000000000,22.06573462910465,31.258777964994124
2014-11-01T12:00:00.000000000,21.421673085584423,31.64036051631183
2014-11-01T13:00:00.000000000,20.587812047002902,28.3855732296729
2014-11-01T14:00:00.000000000,20.97758644593327,32.26956764853173
2014-11-01T15:00:00.000000000,20.357905559887342,36.51105876358014
2014-11-01T16:00:00.000000000,19.46422317280163,40.38977334208704
2014-11-01T17:00:00.000000000,19.21097115990064,42.89061221814529
2014-11-01T18:00:00.000000000,18.145044885758047,43.3251624010382
2014-11-01T19:00:00.000000000,17.568673076130825,40.67204210117774
2014-11-01T20:00:00.000000000,17.713223172421902,42.425999320279175
2014-11-01T21:00:00.000000000,17.960516484948705,45.0
2014-11-01T22:00:00.000000000,17.235889651159408,46.85140272650278
2014-11-01T23:00:00.000000000,16.00627641166564,47.62698883763704
2014-11-02T00:00:00.000000000,15.285847304496206,43.774081543645025
2014-11-02T01:00:00.000000000,15.129883527849245,41.75147685708686
2014-11-02T02:00:00.000000000,14.835232568197865,41.92621037464011
2014-11-02T03:00:00.000000000,14.425121263873091,40.07892140199249
2014-11-02T04:00:00.000000000,14.59112307419014,42.32652220640671
2014-11-02T05:00:00.000000000,14.669368582269948,41.19970425879103
2014-11-02T06:00:00.000000000,14.107059309168534,44.64100863952501
2014-11-02T07:00:00.000000000,12.428661039191374,44.18503690289401
2014-11-02T08:00:00.000000000,12.170265572372223,47.081052756082045
2014-11-02T09:00:00.000000000,11.85359348418832,51.29300577934475
2014-11-02T10:00:00.000000000,10.681827195688095,54.18952904757691
2014-11-02T11:00:00.000000000,10.052504898118357,53.08735325032603
2014-11-02T12:00:00.000000000,9.533896350046858,54.76797186234518
2014-11-02T13:00:00.000000000,7.919409660020548,40.32663096397141
2014-11-02T14:00:00.000000000,7.71655185222984,44.540601453550096
2014-11-02T15:00:00.000000000,7.282255831814754,50.572197803963775
2014-11-02T16:00:00.000000000,6.157173985515739,56.34218198889562
2014-11-02T17:00:00.000000000,4.889401803901986,57.52880770915152
2014-11-02T18:00:00.000000000,4.229731078922158,55.840305454330576
2014-11-02T19:00:00.000000000,3.3055124773265887,49.14017490330667
2014-11-02T20:00:00.000000000,2.7879498404443654,37.89745223318522
2014-11-02T21:00:00.000000000,0.6490369403716548,105.64199142096459
2014-11-02T22:00:00.000000000,2.012035533416783,341.9027566823508
2014-11-02T23:00:00.000000000,1.505199322349037,311.6335393365702
2014-11-03T00:00:00.000000000,1.005377348360681,308.43724834714124
2014-11-03T01:00:00.000000000,2.1249263457784835,221.661586559999
2014-11-03T02:00:00.000000000,4.066978743508319,237.04260437162085
2014-11-03T03:00:00.000000000,5.734339248084013,235.9289023966551
2014-11-03T04:00:00.000000000,7.364706094752644,241.95612548804286
2014-11-03T05:00:00.000000000,7.422610523739726,245.42030293700608
2014-11-03T06:00:00.000000000,7.656787763952109,251.2396891677808
2014-11-03T07:00:00.000000000,8.296920956725256,249.0802507629348
2014-11-03T08:00:00.000000000,8.848419502225736,239.99411358107506
2014-11-03T09:00:00.000000000,9.355110619270995,237.32918712190514
2014-11-03T10:00:00.000000000,10.387830244422977,231.7924505662164
2014-11-03T11:00:00.000000000,11.169917445464035,226.94993974301812
2014-11-03T12:00:00.000000000,10.614391844334442,227.1952748059736
2014-11-03T13:00:00.000000000,11.771921041189497,221.98721249581664
2014-11-03T14:00:00.000000000,13.71767740338039,219.5649247093319
2014-11-03T15:00:00.000000000,15.60632105339305,217.61336827183015
2014-11-03T16:00:00.000000000,15.63435146957421,215.99033511971228
2014-11-03T17:00:00.000000000,15.234264278672649,215.5158319613761
2014-11-03T18:00:00.000000000,15.63413329309781,215.20220136031472
2014-11-03T19:00:00.000000000,14.599156245168045,213.93498761722353
2014-11-03T20:00:00.000000000,13.863859059433489,212.4434771723061
2014-11-03T21:00:00.000000000,13.148302859916678,211.58969189308178
2014-11-03T22:00:00.000000000,13.191439676724524,209.334144609221
2014-11-03T23:00:00.000000000,12.528432381090047,211.45403714028745
2014-11-04T00:00:00.000000000,13.07034430352861,211.02963847907526
2014-11-04T01:00:00.000000000,15.8334120930918,204.78472479137776
2014-11-04T02:00:00.000000000,15.71058408522398,208.93072886118497
2014-11-04T03:00:00.000000000,13.198442987261409,213.84069473793951
2014-11-04T04:00:00.000000000,11.527474652775748,213.9486982027148
2014-11-04T05:00:00.000000000,10.496712889777907,210.16820615109475
2014-11-04T06:00:00.000000000,10.09998190186438,198.995704443049
2014-11-04T07:00:00.000000000,11.102368960280605,194.47446754287682
2014-11-04T08:00:00.000000000,10.956748675855813,190.45113190402458
2014-11-04T09:00:00.000000000,9.72666349660943,183.09418683222844
2014-11-04T10:00:00.000000000,7.875154527317381,173.52937955645484
2014-11-04T11:00:00.000000000,8.119609673348831,137.12115734226245
2014-11-04T12:00:00.000000000,15.072699762371773,98.68114605273365
2014-11-04T13:00:00.000000000,15.187924194379884,90.42442218604435
2014-11-04T14:00:00.000000000,15.330225063809902,85.1354986362976
2014-11-04T15:00:00.000000000,15.762656150001309,81.15021631184743
2014-11-04T16:00:00.000000000,16.502979397351613,74.62688848016325
2014-11-04T17:00:00.000000000,17.054401153484022,74.70068562668575
2014-11-04T18:00:00.000000000,16.929341354700046,76.33313921159424
2014-11-04T19:00:00.000000000,15.702797445086292,76.79343739301316
2014-11-04T20:00:00.000000000,15.210689882562102,71.80328942263367
2014-11-04T21:00:00.000000000,14.895975470019314,72.41652160830239
2014-11-04T22:00:00.000000000,14.667015185557936,73.66557623818403
2014-11-04T23:00:00.000000000,14.612116440274038,67.88913481483092
2014-11-05T00:00:00.000000000,14.546243594245118,62.90649159377489
2014-11-05T01:00:00.000000000,14.48090543966083,58.0522828770637
2014-11-05T02:00:00.000000000,14.334429725883199,52.19075023014392
2014-11-05T03:00:00.000000000,14.36237700042819,51.00531380941101
2014-11-05T04:00:00.000000000,13.55754847644252,52.98219064762816
2014-11-05T05:00:00.000000000,13.142402456018226,50.90614428598127
2014-11-05T06:00:00.000000000,13.700624705317415,47.10741053405644
2014-11-05T07:00:00.000000000,14.296953280417076,47.48032072975798
2014-11-05T08:00:00.000000000,13.055041841265911,51.99991545778926
2014-11-05T09:00:00.000000000,12.054941433993928,54.282753875957894
2014-11-05T10:00:00.000000000,10.732968245168648,54.95877815887002
2014-11-05T11:00:00.000000000,10.139103799808284,49.85074231644154
2014-11-05T12:00:00.000000000,8.610214783220961,47.76547063391661
2014-11-05T13:00:00.000000000,7.47704821436909,38.21102542556122
2014-11-05T14:00:00.000000000,7.213269023126754,27.89727103094765
2014-11-05T15:00:00.000000000,7.116103304358487,20.567820536215095
2014-11-05T16:00:00.000000000,6.836587296545462,17.010300401153984
2014-11-05T17:00:00.000000000,6.880101860678865,9.410979874892234
2014-11-05T18:00:00.000000000,6.635604719993498,3.2397002961021144
2014-11-05T19:00:00.000000000,7.25,0.0
2014-11-05T20:00:00.000000000,8.500919067959652,0.8425242607403902
2014-11-05T21:00:00.000000000,8.134121363949939,351.160120445694
2014-11-05T22:00:00.000000000,8.450221890577785,352.3493490446406
2014-11-05T23:00:00.000000000,8.067101400131277,347.4711922908485
2014-11-06T00:00:00.000000000,7.846177413237608,337.5205656028969
2014-11-06T01:00:00.000000000,8.5,331.92751306414704
2014-11-06T02:00:00.000000000,9.025138503092348,329.17233770013195
2014-11-06T03:00:00.000000000,9.879343714971244,331.262259343101
2014-11-06T04:00:00.000000000,10.375370312119795,333.5275641474726
2014-11-06T05:00:00.000000000,10.655811041510031,337.225036695824
2014-11-06T06:00:00.000000000,10.378299612731297,338.59584386702545
2014-11-06T07:00:00.000000000,10.258578194290326,340.7923363664247
2014-11-06T08:00:00.000000000,9.366044339408656,338.05661097489383
2014-11-06T09:00:00.000000000,9.023100703410561,332.79600634215376
2014-11-06T10:00:00.000000000,9.229889118532023,329.9278967996909
2014-11-06T11:00:00.000000000,8.671299992734873,336.4652256979814
2014-11-06T12:00:00.000000000,7.627010813665278,343.82243604557806
2014-11-06T13:00:00.000000000,6.798312243728349,332.63399673795976
2014-11-06T14:00:00.000000000,6.167823500889254,326.8252339470667
2014-11-06T15:00:00.000000000,5.687006570947651,317.0485971178387
2014-11-06T16:00:00.000000000,5.530895475730922,298.1867842813253
2014-11-06T17:00:00.000000000,6.711860420209178,285.666972585434
2014-11-06T18:00:00.000000000,6.003332507870692,271.9091810502347
2014-11-06T19:00:00.000000000,6.183876340982938,257.50889518834924
2014-11-06T20:00:00.000000000,7.664744164900534,251.94918769633603
2014-11-06T21:00:00.000000000,9.710543236212326,243.96274875278635
2014-11-06T22:00:00.000000000,10.92968596342607,244.16764356386102
2014-11-06T23:00:00.000000000,11.762468313012414,245.3142702649196
2014-11-07T00:00:00.000000000,11.849094520193693,249.17523406961243
2014-11-07T01:00:00.000000000,12.326107419788384,247.64844284328223
2014-11-07T02:00:00.000000000,13.03118115521806,248.20896417090955
2014-11-07T03:00:00.000000000,12.551567126524265,252.3772459383163
2014-11-07T04:00:00.000000000,12.577110958290884,253.96093428623354
2014-11-07T05:00:00.000000000,12.406569804800759,255.29190549215747
2014-11-07T06:00:00.000000000,12.478209584851358,249.1687410966875
2014-11-07T07:00:00.000000000,12.319619092267198,241.12061984595672
2014-11-07T08:00:00.000000000,13.362046504157645,241.56508371004048
2014-11-07T09:00:00.000000000,14.818308061456367,245.53216919540546
2014-11-07T10:00:00.000000000,15.856285104939824,250.8081107850596
2014-11-07T11:00:00.000000000,16.010587288237833,256.2242026459721
2014-11-07T12:00:00.000000000,18.925531151565952,258.37840841244446
2014-11-07T13:00:00.000000000,17.182689640350123,258.28958536696183
2014-11-07T14:00:00.000000000,20.715447734103606,267.02545208544825
2014-11-07T15:00:00.000000000,19.42249807234219,274.50340108508897
2014-11-07T16:00:00.000000000,19.494944897448793,268.4201673228908
2014-11-07T17:00:00.000000000,20.676137527102686,267.9212972598135
2014-11-07T18:00:00.000000000,20.729143144294436,264.2551105812037
2014-11-07T19:00:00.000000000,16.2118497364561,273.1382538972857
2014-11-07T20:00:00.000000000,16.609050640549192,281.72439884778316
2014-11-07T21:00:00.000000000,9.580739975592358,317.3793051540366
2014-11-07T22:00:00.000000000,9.872855037316704,307.3341788760403
2014-11-07T23:00:00.000000000,13.000679727970683,294.42125444771716
2014-11-08T00:00:00.000000000,9.344645193681128,18.725799656271022
2014-11-08T01:00:00.000000000,5.131702179252565,92.93189073262624
2014-11-08T02:00:00.000000000,13.282243116071614,63.386766345649505
2014-11-08T03:00:00.000000000,14.092263035328978,71.96690530346086
2014-11-08T04:00:00.000000000,12.698379532859605,87.63053670859051
2014-11-08T05:00:00.000000000,13.383488943184432,60.514001649134684
2014-11-08T06:00:00.000000000,12.153406124107963,69.71986064531887
2014-11-08T07:00:00.000000000,10.470195795685962,56.6893691754392
2014-11-08T08:00:00.000000000,10.904414243782194,61.966148108536174
2014-11-08T09:00:00.000000000,11.861834807482357,61.0040404858816
2014-11-08T10:00:00.000000000,13.304306290216218,60.13493516796137
2014-11-08T11:00:00.000000000,13.537563480922259,61.30509562065657
2014-11-08T12:00:00.000000000,13.621320369268487,58.8919651947848
2014-11-08T13:00:00.000000000,10.349050945701427,56.82816921550011
2014-11-08T14:00:00.000000000,9.34326502629346,56.458749761455806
2014-11-08T15:00:00.000000000,8.651392856149728,57.38912111194736
2014-11-08T16:00:00.000000000,7.731833547096057,55.539183728628245
2014-11-08T17:00:00.000000000,7.880049182159765,52.9301561952081
2014-11-08T18:00:00.000000000,7.196018003955853,60.89706716824327
2014-11-08T19:00:00.000000000,6.1003214454749655,57.80795321804203
2014-11-08T20:00:00.000000000,5.648561763847502,65.13630342824814
2014-11-08T21:00:00.000000000,5.199158585771356,62.8188889145228
2014-11-08T22:00:00.000000000,4.900573945978165,52.25319461272534
2014-11-08T23:00:00.000000000,5.376453291901642,35.537677791974374
2014-11-09T00:00:00.000000000,5.790617410950235,32.66091272167381
2014-11-09T01:00:00.000000000,5.153882032022076,22.833654177917538
2014-11-09T02:00:00.000000000,5.185617128172885,15.376251248826179
2014-11-09T03:00:00.000000000,5.773174883734406,11.23694135829976
2014-11-09T04:00:00.000000000,7.281182939605349,11.888658039627956
2014-11-09T05:00:00.000000000,8.50486222630983,8.451649363127046
2014-11-09T06:00:00.000000000,8.363798479160051,9.462322208025626
2014-11-09T07:00:00.000000000,9.744944066727465,11.843234467611694
2014-11-09T08:00:00.000000000,8.795499281652907,2.4435715822486372
2014-11-09T09:00:00.000000000,9.544870866787399,2.2516227734675454
2014-11-09T10:00:00.000000000,9.954413341644175,5.259575134663521
2014-11-09T11:00:00.000000000,10.214155328025114,3.0164803484758522
2014-11-09T12:00:00.000000000,11.053125976449312,356.9531646986943
2014-11-09T13:00:00.000000000,11.279581970979192,353.19001819056416
2014-11-09T14:00:00.000000000,11.754847547454064,348.9648953743614
2014-11-09T15:00:00.000000000,13.315501462700423,352.448010265196
2014-11-09T16:00:00.000000000,12.951165777220668,355.57160603010976
2014-11-09T17:00:00.000000000,14.592407839898248,357.2013258181429
2014-11-09T18:00:00.000000000,13.556238452334172,356.98721916031974
2014-11-09T19:00:00.000000000,13.788068124801125,0.5194397419358552
2014-11-09T20:00:00.000000000,13.997936248860245,11.069186062579945
2014-11-09T21:00:00.000000000,14.47958981736961,20.781894291107847
2014-11-09T22:00:00.000000000,12.555188871969289,43.54773357384698
2014-11-09T23:00:00.000000000,13.815125247846174,45.109976960975814
2014-11-10T00:00:00.000000000,13.868948921638903,45.6207667561647
2014-11-10T01:00:00.000000000,14.470366302941294,39.28592154694354
2014-11-10T02:00:00.000000000,14.762524451847282,38.36431291953107
2014-11-10T03:00:00.000000000,15.225279204421133,40.00432645367948
2014-11-10T04:00:00.000000000,15.448798593341284,42.37659899940593
2014-11-10T05:00:00.000000000,15.01907957620286,44.089553480653706
2014-11-10T06:00:00.000000000,15.317298270788942,48.871251469755634
2014-11-10T07:00:00.000000000,14.928466958383021,48.39434909206864
2014-11-10T08:00:00.000000000,15.683319468997752,52.54556733984663
2014-11-10T09:00:00.000000000,16.10068751068705,55.853452785394666
2014-11-10T10:00:00.000000000,15.883686995366155,59.60075454353165
2014-11-10T11:00:00.000000000,13.307807640292554,53.51759622124865
2014-11-10T12:00:00.000000000,14.420629974588726,60.39064522575421
2014-11-10T13:00:00.000000000,13.674161514110356,63.97369405488155
2014-11-10T14:00:00.000000000,12.546097649823304,68.36820077157995
2014-11-10T15:00:00.000000000,11.538855618682982,71.03509747228958
2014-11-10T16:00:00.000000000,11.490485194281398,75.51023740611555
2014-11-10T17:00:00.000000000,10.561347534226956,74.20364393501404
2014-11-10T18:00:00.000000000,10.459744260736015,75.46554491945989
2014-11-10T19:00:00.000000000,8.777262911994466,76.57725576838641
2014-11-10T20:00:00.000000000,8.649684256535712,75.52193752948847
2014-11-10T21:00:00.000000000,8.023685927470414,78.95263894855799
2014-11-10T22:00:00.000000000,8.186307165016471,82.98349825527708
2014-11-10T23:00:00.000000000,8.00097650290263,89.10482628978895
2014-11-11T00:00:00.000000000,8.125471124032854,90.61699704277811
2014-11-11T01:00:00.000000000,7.791513307017885,88.16128096557065
2014-11-11T02:00:00.000000000,7.142522313580827,85.98582430458896
2014-11-11T03:00:00.000000000,7.219212889064967,80.73338100927919
2014-11-11T04:00:00.000000000,8.428914044892352,79.48994846506042
2014-11-11T05:00:00.000000000,9.24746586909084,80.66500153686178
2014-11-11T06:00:00.000000000,9.665735111136753,88.51790450948783
2014-11-11T07:00:00.000000000,9.09756148646438,77.30041551040267
2014-11-11T08:00:00.000000000,10.038208256456926,84.99935540244155
2014-11-11T09:00:00.000000000,9.27109082039433,93.86546116985176
2014-11-11T10:00:00.000000000,8.724410673573805,96.8297409895398
2014-11-11T11:00:00.000000000,8.287500142539773,95.45263231157782
2014-11-11T12:00:00.000000000,8.260306137641132,92.86241561796317
2014-11-11T13:00:00.000000000,7.401435671543731,94.84400037508067
2014-11-11T14:00:00.000000000,6.269968101992227,85.42607874009911
2014-11-11T15:00:00.000000000,6.987712429686843,79.69515353123398
2014-11-11T16:00:00.000000000,7.378060762319374,88.34957294426647
2014-11-11T17:00:00.000000000,7.750493918937796,89.35315073978404
2014-11-11T18:00:00.000000000,6.881008800498424,92.39462258862466
2014-11-11T19:00:00.000000000,4.509174770679969,93.65561432420816
2014-11-11T20:00:00.000000000,3.626055844508155,88.61729062464326
2014-11-11T21:00:00.000000000,2.778516260948772,64.12664260576958
2014-11-11T22:00:00.000000000,1.955320430868492,56.20838084883354
2014-11-11T23:00:00.000000000,1.7897276329095442,24.775140568831944
2014-11-12T00:00:00.000000000,2.2620842960125827,29.82344130809065
2014-11-12T01:00:00.000000000,1.286953767623375,60.94539590092285
2014-11-12T02:00:00.000000000,1.25,36.86989764584405
2014-11-12T03:00:00.000000000,2.0615528128088303,14.036243467926454
2014-11-12T04:00:00.000000000,1.6784005369359083,34.99197824753918
2014-11-12T05:00:00.000000000,2.060376904202662,58.142036539051276
2014-11-12T06:00:00.000000000,1.9121323175972944,101.30993247402023
2014-11-12T07:00:00.000000000,1.1242347341199461,48.15479186386176
2014-11-12T08:00:00.000000000,1.1242347341199461,131.84520813613824
2014-11-12T09:00:00.000000000,2.3601173937786966,162.4287759390212
2014-11-12T10:00:00.000000000,3.1944535115699764,191.96951269320746
2014-11-12T11:00:00.000000000,4.610603172331876,202.81106650454123
2014-11-12T12:00:00.000000000,5.879905706122911,213.99412279077615
2014-11-12T13:00:00.000000000,6.27743976474486,215.27242144859838
2014-11-12T14:00:00.000000000,7.04748300721057,226.65300421470334
2014-11-12T15:00:00.000000000,7.34953229804455,228.4473868518652
2014-11-12T16:00:00.000000000,7.338137850431589,230.04448198953938
2014-11-12T17:00:00.000000000,7.07126669876151,225.42972747785558
2014-11-12T18:00:00.000000000,6.968555489617395,221.5823372458906
2014-11-12T19:00:00.000000000,6.657936992792887,219.66784111834045
2014-11-12T20:00:00.000000000,7.400380057807842,217.45057823173673
2014-11-12T21:00:00.000000000,8.13364924249872,223.75463573323165
2014-11-12T22:00:00.000000000,8.872789040750757,218.3068414244509
2014-11-12T23:00:00.000000000,8.232350650111641,218.8364384317274
2014-11-13T00:00:00.000000000,10.687158472987738,209.65345052780148
2014-11-13T01:00:00.000000000,10.832840793117759,215.5607630059619
2014-11-13T02:00:00.000000000,8.389924434013714,220.28652185712693
2014-11-13T03:00:00.000000000,8.38348418730047,221.79678288390474
2014-11-13T04:00:00.000000000,8.333229530922862,217.6263323428279
2014-11-13T05:00:00.000000000,8.189052805336887,214.17528971602036
2014-11-13T06:00:00.000000000,9.45151393930384,204.87048420483467
2014-11-13T07:00:00.000000000,8.247880073552995,217.42577798957274
2014-11-13T08:00:00.000000000,7.320646093830551,218.5530046017471
2014-11-13T09:00:00.000000000,6.688431538325278,220.1485170732924
2014-11-13T10:00:00.000000000,5.921397316083281,183.1463287071474
2014-11-13T11:00:00.000000000,8.291704315623708,194.22484309964696
2014-11-13T12:00:00.000000000,12.310145564763543,203.51950286386133
2014-11-13T13:00:00.000000000,12.18108271312444,214.71754620923295
2014-11-13T14:00:00.000000000,13.110603649066764,222.60452676266834
2014-11-13T15:00:00.000000000,5.941870808849465,208.9377699209984
2014-11-13T16:00:00.000000000,3.0959950655038764,145.86112733186224
2014-11-13T17:00:00.000000000,9.339754640294073,86.77768503394805
2014-11-13T18:00:00.000000000,13.046003587440147,73.75301609566918
2014-11-13T19:00:00.000000000,14.303873314830089,76.3523668724797
2014-11-13T20:00:00.000000000,16.938221638033177,63.434948822922024
2014-11-13T21:00:00.000000000,17.39925663218859,66.1419940918928
2014-11-13T22:00:00.000000000,16.31690888516829,66.38067487789323
2014-11-13T23:00:00.000000000,16.090803188130227,58.112570244635094
2014-11-14T00:00:00.000000000,15.455270208818533,54.21452201818238
2014-11-14T01:00:00.000000000,14.91363461957426,50.680177896223825
2014-11-14T02:00:00.000000000,13.641036254709853,50.57760424061769
2014-11-14T03:00:00.000000000,13.35254165326769,52.990643372440445
2014-11-14T04:00:00.000000000,12.567681363405844,55.94640367317231
2014-11-14T05:00:00.000000000,12.220745204447992,56.261168177979584
2014-11-14T06:00:00.000000000,11.433901815519214,51.21301902115266
2014-11-14T07:00:00.000000000,11.302504588669875,53.09208108515867
2014-11-14T08:00:00.000000000,10.837855344893821,45.93459521329976
2014-11-14T09:00:00.000000000,9.840518361007044,43.61035430825342
2014-11-14T10:00:00.000000000,9.755273117737328,51.76442583980099
2014-11-14T11:00:00.000000000,9.313450003975086,58.16579148187526
2014-11-14T12:00:00.000000000,9.699461234428528,54.28205922347888
2014-11-14T13:00:00.000000000,8.033223208230726,51.50728161414287
2014-11-14T14:00:00.000000000,7.773003292773574,43.24062311276674
2014-11-14T15:00:00.000000000,8.730774470982903,39.364446679178
2014-11-14T16:00:00.000000000,8.828302292236417,34.792646863346704
2014-11-14T17:00:00.000000000,9.95880789686665,42.96548191757785
2014-11-14T18:00:00.000000000,9.66524973103886,46.72936247307206
2014-11-14T19:00:00.000000000,8.798695740740316,35.9256445886578
2014-11-14T20:00:00.000000000,7.867059488779781,44.356254285824605
2014-11-14T21:00:00.000000000,7.956915231419774,43.726969979943306
2014-11-14T22:00:00.000000000,6.836586885139526,42.999546857124926
2014-11-14T23:00:00.000000000,7.6198753270640855,48.99091309842976
2014-11-15T00:00:00.000000000,7.453911556233531,46.562850262786526
2014-11-15T01:00:00.000000000,7.600370056780131,36.30449712257524
2014-11-15T02:00:00.000000000,6.6673176765472935,30.411081267125383
2014-11-15T03:00:00.000000000,6.852235036832873,38.33334010909863
2014-11-15T04:00:00.000000000,6.5059849447342355,44.22157288696121
2014-11-15T05:00:00.000000000,6.086590854167342,49.998570677487635
2014-11-15T06:00:00.000000000,6.519202405202649,57.52880770915152
2014-11-15T07:00:00.000000000,5.807173924294995,45.26163325866588
2014-11-15T08:00:00.000000000,5.957519648550625,30.6545108115655
2014-11-15T09:00:00.000000000,7.352179420956875,29.877800004344635
2014-11-15T10:00:00.000000000,7.728083016630757,52.425766314258624
2014-11-15T11:00:00.000000000,6.534741012550423,50.43298277321952
2014-11-15T12:00:00.000000000,6.320848439885266,65.4622715234222
2014-11-15T13:00:00.000000000,6.621330209014026,61.83842972896883
2014-11-15T14:00:00.000000000,4.868585523537612,48.122130462115706
2014-11-15T15:00:00.000000000,6.094310871624453,64.48612957246576
2014-11-15T16:00:00.000000000,7.103036322587686,61.630953706721414
2014-11-15T17:00:00.000000000,7.661796460360978,56.30993247402023
2014-11-15T18:00:00.000000000,6.600189391222043,52.69605172201659
2014-11-15T19:00:00.000000000,7.341853008589078,57.798135110123326
2014-11-15T20:00:00.000000000,7.675947538452616,51.413041270171334
2014-11-15T21:00:00.000000000,9.410765112359355,39.610688240026604
2014-11-15T22:00:00.000000000,9.923211777772945,35.41183198181636
2014-11-15T23:00:00.000000000,9.964067416814869,34.108706854902834
2014-11-16T00:00:00.000000000,9.03421581342104,27.167764855156236
2014-11-16T01:00:00.000000000,10.716001451742008,16.257529087644457
2014-11-16T02:00:00.000000000,11.778278969218023,14.316457519495145
2014-11-16T03:00:00.000000000,11.338540470448567,14.036243467926454
2014-11-16T04:00:00.000000000,11.366755253809242,8.219209248899062
2014-11-16T05:00:00.000000000,12.428226683199492,2.8825490491128107
2014-11-16T06:00:00.000000000,12.461600321209305,357.52791585733513
2014-11-16T07:00:00.000000000,15.10037550704045,356.6781021334334
2014-11-16T08:00:00.000000000,16.65751181323394,358.27992357255494
2014-11-16T09:00:00.000000000,16.30664135845779,354.7220684508657
2014-11-16T10:00:00.000000000,17.266230214157005,353.3483239420114
2014-11-16T11:00:00.000000000,17.66438127761414,357.6883291927991
2014-11-16T12:00:00.000000000,18.420799271716422,357.2773885421033
2014-11-16T13:00:00.000000000,17.986476539571843,351.2054029416369
2014-11-16T14:00:00.000000000,18.36088765267317,353.35397109214415
2014-11-16T15:00:00.000000000,16.029102480061503,35.5740418759616
2014-11-16T16:00:00.000000000,15.480257897291114,32.36828796877842
2014-11-16T17:00:00.000000000,15.029999399252779,29.549836952527244
2014-11-16T18:00:00.000000000,15.435201885813244,27.125329841013695
2014-11-16T19:00:00.000000000,14.279893858227679,22.816627522736667
2014-11-16T20:00:00.000000000,13.911082037467363,19.965508021168375
2014-11-16T21:00:00.000000000,14.127574966753455,16.077704876243786
2014-11-16T22:00:00.000000000,14.413299716003866,14.566518616857707
2014-11-16T23:00:00.000000000,14.093469199108638,15.589398600517143
2014-11-17T00:00:00.000000000,12.977537976863672,16.392657358291387
2014-11-17T01:00:00.000000000,14.686816714435334,14.793200954627991
2014-11-17T02:00:00.000000000,14.194570180676724,13.754782752621622
2014-11-17T03:00:00.000000000,14.018940989007232,14.457525310843835
2014-11-17T04:00:00.000000000,13.688707177932367,15.35606891320134
2014-11-17T05:00:00.000000000,13.597669367468589,14.534459612718365
2014-11-17T06:00:00.000000000,13.500053545785729,12.839536610808352
2014-11-17T07:00:00.000000000,13.236893894600183,12.710740627867608
2014-11-17T08:00:00.000000000,12.727788666994694,5.80578409926477
2014-11-17T09:00:00.000000000,12.626913473371346,6.822498886954747
2014-11-17T10:00:00.000000000,13.175595942998067,7.084561148406692
2014-11-17T11:00:00.000000000,13.756910343652645,5.2132812694057975
2014-11-17T12:00:00.000000000,14.328215073453807,7.670619241880047
2014-11-17T13:00:00.000000000,12.957678968049093,12.253030900727936
2014-11-17T14:00:00.000000000,12.98393987255166,9.979220527505504
2014-11-17T15:00:00.000000000,13.594211238728679,13.83179606904065
2014-11-17T16:00:00.000000000,13.532075611821966,15.538274588639808
2014-11-17T17:00:00.000000000,14.042226029087361,10.929838216691394
2014-11-17T18:00:00.000000000,12.993137004852738,12.95330666364589
2014-11-17T19:00:00.000000000,13.407194252594895,7.661719245711254
2014-11-17T20:00:00.000000000,13.25642089664672,13.079653877671717
2014-11-17T21:00:00.000000000,13.32601570665579,16.344044023723995
2014-11-17T22:00:00.000000000,13.24616240610811,20.435806791869936
2014-11-17T23:00:00.000000000,12.156203935152485,20.652590546980093
2014-11-18T00:00:00.000000000,12.03054898381028,20.242503987837722
2014-11-18T01:00:00.000000000,12.194704449633734,14.848186170156225
2014-11-18T02:00:00.000000000,11.47135843585348,15.808179263319914
2014-11-18T03:00:00.000000000,11.195004466278698,16.209024927808002
2014-11-18T04:00:00.000000000,11.2305387226081,16.821409890040854
2014-11-18T05:00:00.000000000,10.910144362014648,18.019769281777144
2014-11-18T06:00:00.000000000,11.029080877389557,17.8188889145228
2014-11-18T07:00:00.000000000,10.886488184901502,21.55707928503773
2014-11-18T08:00:00.000000000,10.100194737657379,24.884092440682366
2014-11-18T09:00:00.000000000,9.540210951546092,21.522600107907067
2014-11-18T10:00:00.000000000,9.176226076116476,24.1209831194426
2014-11-18T11:00:00.000000000,8.203744738737413,29.181790833556818
2014-11-18T12:00:00.000000000,7.34686495984796,32.98708073401008
2014-11-18T13:00:00.000000000,6.1300999176196145,20.282559088916628
2014-11-18T14:00:00.000000000,5.073353943700535,23.21712015927909
2014-11-18T15:00:00.000000000,4.819703814867338,19.703796905598722
2014-11-18T16:00:00.000000000,4.542319794225938,19.28259896052691
2014-11-18T17:00:00.000000000,3.9399592780150337,10.418636004306848
2014-11-18T18:00:00.000000000,3.9144977951164783,1.8299129383919421
2014-11-18T19:00:00.000000000,4.697073557013984,334.7988763545249
2014-11-18T20:00:00.000000000,5.755432216610669,325.61965527615513
2014-11-18T21:00:00.000000000,5.745922467280602,315.88140399658215
2014-11-18T22:00:00.000000000,5.310661446562,296.565051177078
2014-11-18T23:00:00.000000000,5.995520198490454,290.2484842607154
2014-11-19T00:00:00.000000000,6.743933436840626,289.0394780541759
2014-11-19T01:00:00.000000000,7.268640564125043,305.0565640446714
2014-11-19T02:00:00.000000000,6.647579604644724,310.7298206734038
2014-11-19T03:00:00.000000000,5.4728059418106145,323.73206289472313
2014-11-19T04:00:00.000000000,3.63948015366478,295.8609285628408
2014-11-19T05:00:00.000000000,5.091667507134586,252.27682637221994
2014-11-19T06:00:00.000000000,9.806373549830333,263.85347890868394
2014-11-19T07:00:00.000000000,9.534469124962849,272.5549745538851
2014-11-19T08:00:00.000000000,8.40605148542955,281.493947811408
2014-11-19T09:00:00.000000000,7.206499528387024,287.77515898588086
2014-11-19T10:00:00.000000000,5.716881240886277,303.58607620272545
2014-11-19T11:00:00.000000000,5.08148752567331,296.7543801319847
2014-11-19T12:00:00.000000000,5.148348540576563,286.9393036963613
2014-11-19T13:00:00.000000000,4.981255719395231,267.1233951300387
2014-11-19T14:00:00.000000000,8.52069085739393,232.39041157690042
2014-11-19T15:00:00.000000000,8.23648633755053,240.94544657739254
2014-11-19T16:00:00.000000000,9.078127539720697,235.15016426500227
2014-11-19T17:00:00.000000000,8.261600666230727,230.09460925480477
2014-11-19T18:00:00.000000000,8.724046536205998,221.34044646275362
2014-11-19T19:00:00.000000000,8.82645561705692,200.82215040551475
2014-11-19T20:00:00.000000000,10.929797463581878,208.55832656076828
2014-11-19T21:00:00.000000000,10.951949169969126,219.81414194354565
2014-11-19T22:00:00.000000000,8.9529449158693,241.9324598206854
2014-11-19T23:00:00.000000000,7.661815598359216,266.82042499851343
2014-11-20T00:00:00.000000000,4.754630796602459,298.5867278728836
2014-11-20T01:00:00.000000000,8.298377796644568,230.19469412582222
2014-11-20T02:00:00.000000000,4.839231571492745,255.03082905333963
2014-11-20T03:00:00.000000000,3.6807387772136377,305.7416684644153
2014-11-20T04:00:00.000000000,6.170622334562547,280.741178637189
2014-11-20T05:00:00.000000000,9.494818593694545,245.83095396607595
2014-11-20T06:00:00.000000000,12.140835179381954,264.0313052011134
2014-11-20T07:00:00.000000000,15.08597390507751,320.1093827973661
2014-11-20T08:00:00.000000000,14.206021500524072,314.0374836006818
2014-11-20T09:00:00.000000000,13.798788126584721,317.20264047936234
2014-11-20T10:00:00.000000000,12.588255985202327,326.2152890441033
2014-11-20T11:00:00.000000000,10.811495442060686,341.0413763963131
2014-11-20T12:00:00.000000000,8.412733721930437,0.42571761180016665
2014-11-20T13:00:00.000000000,9.226595222637336,4.351095114739792
2014-11-20T14:00:00.000000000,10.42456729205743,22.04381290188877
2014-11-20T15:00:00.000000000,10.459336794955446,31.16339111352454
2014-11-20T16:00:00.000000000,9.125420886587714,33.03705524479466
2014-11-20T17:00:00.000000000,9.361834756834304,31.291780717818483
2014-11-20T18:00:00.000000000,9.18355675323324,44.944874769308115
2014-11-20T19:00:00.000000000,10.478685824175118,52.26888345400937
2014-11-20T20:00:00.000000000,9.626372459972748,57.56874344509936
2014-11-20T21:00:00.000000000,9.17170301043905,42.95656865251965
2014-11-20T22:00:00.000000000,8.200609733428363,37.56859202882748
2014-11-20T23:00:00.000000000,8.663942130288136,30.042217500006643
2014-11-21T00:00:00.000000000,8.832645413464757,26.927677851040528
2014-11-21T01:00:00.000000000,8.33656433960968,18.353443811534248
2014-11-21T02:00:00.000000000,8.010043983239841,13.537463651222652
2014-11-21T03:00:00.000000000,7.31788410255053,11.828169215500111
2014-11-21T04:00:00.000000000,8.375932783875477,0.8550973962667285
2014-11-21T05:00:00.000000000,7.639013670785434,3.471053891652332
2014-11-21T06:00:00.000000000,8.128845243944554,358.2376089763395
2014-11-21T07:00:00.000000000,8.653936965335488,349.1769887737929
2014-11-21T08:00:00.000000000,7.89636284639055,347.1957387591351
2014-11-21T09:00:00.000000000,5.824124526885795,345.4567676950816
2014-11-21T10:00:00.000000000,5.941856292545037,331.0624832532356
2014-11-21T11:00:00.000000000,5.544269134706735,327.2414974602056
2014-11-21T12:00:00.000000000,5.626236918485283,308.9580258693333
2014-11-21T13:00:00.000000000,5.507509156827318,272.99229881407757
2014-11-21T14:00:00.000000000,7.389487794322875,266.41158568974015
2014-11-21T15:00:00.000000000,8.250463986194458,269.39235069090347
2014-11-21T16:00:00.000000000,8.887042807506148,267.0168717745864
2014-11-21T17:00:00.000000000,10.707951330209193,272.2077467348026
2014-11-21T18:00:00.000000000,10.859937974277212,281.28405911234734
2014-11-21T19:00:00.000000000,10.65293986677613,271.34472363135944
2014-11-21T20:00:00.000000000,11.251188353957653,269.1725216930201
2014-11-21T21:00:00.000000000,11.380373852773978,266.78877587214794
2014-11-21T22:00:00.000000000,10.89860978493115,259.75985537245504
2014-11-21T23:00:00.000000000,10.65283682283936,257.8067329072936
2014-11-22T00:00:00.000000000,10.876378735026103,262.67090725998156
2014-11-22T01:00:00.000000000,11.584073489887283,275.13860202283087
2014-11-22T02:00:00.000000000,12.215890286871247,276.99422063179003
2014-11-22T03:00:00.000000000,11.139370768785733,281.25958974124023
2014-11-22T04:00:00.000000000,8.328360211971628,271.6341572961491
2014-11-22T05:00:00.000000000,10.583364345986972,279.1064014629871
2014-11-22T06:00:00.000000000,9.857396987207618,276.1878097128703
2014-11-22T07:00:00.000000000,8.567586782415237,255.98424268411082
2014-11-22T08:00:00.000000000,6.113796868396612,268.8287552953703
2014-11-22T09:00:00.000000000,5.465438733358943,323.83799090591765
2014-11-22T10:00:00.000000000,9.710843605265524,11.960870767770984
2014-11-22T11:00:00.000000000,12.443926856463422,21.694585709542537
2014-11-22T12:00:00.000000000,12.085413866333832,23.59549774888046
2014-11-22T13:00:00.000000000,10.690478562875196,19.536664714562505
2014-11-22T14:00:00.000000000,9.06651244985869,12.177517792165872
2014-11-22T15:00:00.000000000,8.69056022013189,9.353942445128439
2014-11-22T16:00:00.000000000,8.420077861261666,13.128505391451654
2014-11-22T17:00:00.000000000,9.31103647579219,11.853007513615069
2014-11-22T18:00:00.000000000,9.414884768398235,12.264769849414051
2014-11-22T19:00:00.000000000,8.668271561477917,9.964902158982511
2014-11-22T20:00:00.000000000,7.71664358552561,6.791178632900369
2014-11-22T21:00:00.000000000,7.2429415166998155,6.241923563023647
2014-11-22T22:00:00.000000000,6.756815169760216,9.584299971737721
2014-11-22T23:00:00.000000000,5.9964717949984365,9.599766592038634
2014-11-23T00:00:00.000000000,5.149332481011495,5.572197803963775
2014-11-23T01:00:00.000000000,5.464564807926598,351.18411157237387
2014-11-23T02:00:00.000000000,5.731402198863281,350.33226867899407
2014-11-23T03:00:00.000000000,6.077885528927401,352.43653958398346
2014-11-23T04:00:00.000000000,6.122364762924524,349.7684187810973
2014-11-23T05:00:00.000000000,6.331596589892441,350.1099868801867
2014-11-23T06:00:00.000000000,6.109488066940131,350.4606406177443
2014-11-23T07:00:00.000000000,6.400518774146329,345.17675765871155
2014-11-23T08:00:00.000000000,5.6091643887767155,341.2824640517579
2014-11-23T09:00:00.000000000,4.2001909274138445,335.1892301051536
2014-11-23T10:00:00.000000000,2.635929314312318,324.65206849355314
2014-11-23T11:00:00.000000000,2.5107508211964604,287.0819153642053
2014-11-23T12:00:00.000000000,3.022667083588669,256.36602133124245
2014-11-23T13:00:00.000000000,4.280936665964794,283.5087429643183
2014-11-23T14:00:00.000000000,4.858065516569716,279.7774292106708
2014-11-23T15:00:00.000000000,5.838470702240518,264.5945945650659
2014-11-23T16:00:00.000000000,7.530883962467005,258.8019999127487
2014-11-23T17:00:00.000000000,7.8359175831938845,249.45468691855376
2014-11-23T18:00:00.000000000,6.906218658540967,255.9638168986399
2014-11-23T19:00:00.000000000,5.185165124561803,278.7356520457734
2014-11-23T20:00:00.000000000,3.3560921010252205,251.09274913131293
2014-11-23T21:00:00.000000000,3.834271150169563,251.56512206111466
2014-11-23T22:00:00.000000000,2.9649052685743715,241.2740037699778
2014-11-23T23:00:00.000000000,1.7601567689245896,258.53071934092367
2014-11-24T00:00:00.000000000,2.5448816255941624,235.60768467655117
2014-11-24T01:00:00.000000000,6.192938413988708,248.19861628489934
2014-11-24T02:00:00.000000000,7.291455520021261,246.02755342960444
2014-11-24T03:00:00.000000000,6.245201133790413,276.89742425230725
2014-11-24T04:00:00.000000000,6.775995609663763,308.7093509876149
2014-11-24T05:00:00.000000000,13.841266640069364,26.611343190829814
2014-11-24T06:00:00.000000000,10.934723839787956,22.87177323451084
2014-11-24T07:00:00.000000000,9.261785813333574,22.203471518473975
2014-11-24T08:00:00.000000000,11.019650113038836,11.781542887019725
2014-11-24T09:00:00.000000000,13.42319331664466,13.078602158433341
2014-11-24T10:00:00.000000000,13.780514529698705,12.573902016607747
2014-11-24T11:00:00.000000000,14.328215073453807,7.670619241880047
2014-11-24T12:00:00.000000000,14.892141365204633,5.442616475358761
2014-11-24T13:00:00.000000000,14.631759038685809,5.048192204752411
2014-11-24T14:00:00.000000000,15.04215745633913,6.345454102313795
2014-11-24T15:00:00.000000000,16.076911375149983,4.012616061559186
2014-11-24T16:00:00.000000000,15.816176900228507,16.530088342017052
2014-11-24T17:00:00.000000000,16.09311616629231,17.773495968160375
2014-11-24T18:00:00.000000000,15.055447749620033,22.092922108137827
2014-11-24T19:00:00.000000000,15.166051640173148,23.45902702409944
2014-11-24T20:00:00.000000000,14.594831978386171,24.435835253335597
2014-11-24T21:00:00.000000000,14.797219214741391,24.98472702844947
2014-11-24T22:00:00.000000000,14.787693547050496,25.698640602490514
2014-11-24T23:00:00.000000000,14.562825238991879,26.125169099564232
2014-11-25T00:00:00.000000000,14.186201746382004,24.46484331527091
2014-11-25T01:00:00.000000000,12.931727233398554,11.711809622816418
2014-11-25T02:00:00.000000000,14.216388762740948,8.087353250326032
2014-11-25T03:00:00.000000000,14.526641873269158,10.41067909042357
2014-11-25T04:00:00.000000000,15.125498800157539,11.439936627843053
2014-11-25T05:00:00.000000000,15.291932969823243,14.195269032804106
2014-11-25T06:00:00.000000000,14.488279804425675,15.667002050290876
2014-11-25T07:00:00.000000000,13.757023813426256,16.360157379327802
2014-11-25T08:00:00.000000000,14.558171832417303,17.128051376774806
2014-11-25T09:00:00.000000000,13.876157508155812,14.236536732743104
2014-11-25T10:00:00.000000000,13.717172503439324,12.098402389257899
2014-11-25T11:00:00.000000000,13.200433543603097,4.344609073223694
2014-11-25T12:00:00.000000000,13.470897546312091,3.1916259461107757
2014-11-25T13:00:00.000000000,13.295548163823243,358.0065087237055
2014-11-25T14:00:00.000000000,14.2949852737477,358.1459346150528
2014-11-25T15:00:00.000000000,14.426046738078727,357.5169168057181
2014-11-25T16:00:00.000000000,14.702128696332961,359.0256761076577
2014-11-25T17:00:00.000000000,14.488156944732712,359.4562434594592
2014-11-25T18:00:00.000000000,14.457008314433319,1.7837326680229353
2014-11-25T19:00:00.000000000,13.364495656255833,12.203305810538211
2014-11-25T20:00:00.000000000,11.55692433132622,51.1466256596467
2014-11-25T21:00:00.000000000,10.747595102546047,53.369993123074835
2014-11-25T22:00:00.000000000,12.30262387616649,51.4765612517167
2014-11-25T23:00:00.000000000,12.750913829541464,54.455787289994475
2014-11-26T00:00:00.000000000,12.429415275951985,56.90124665697317
2014-11-26T01:00:00.000000000,11.562995318122963,55.57122529614753
2014-11-26T02:00:00.000000000,11.25568121447514,54.49190771067765
2014-11-26T03:00:00.000000000,11.227883130932945,53.60213277223096
2014-11-26T04:00:00.000000000,11.25568121447514,54.49190771067765
2014-11-26T05:00:00.000000000,11.368192885794636,55.890578935856865
2014-11-26T06:00:00.000000000,11.460382191572128,57.47128917962095
2014-11-26T07:00:00.000000000,11.287841211979977,57.66506140414231
2014-11-26T08:00:00.000000000,11.102147809711948,63.233004275300004
2014-11-26T09:00:00.000000000,10.921375221954506,68.51520872090981
2014-11-26T10:00:00.000000000,11.002840542332693,68.68208772453846
2014-11-26T11:00:00.000000000,10.1946398883093,69.92086620445264
2014-11-26T12:00:00.000000000,10.561347534226956,74.20364393501404
2014-11-26T13:00:00.000000000,9.05684267486312,75.04312267299963
2014-11-26T14:00:00.000000000,8.826451721954864,77.73522627210758
2014-11-26T15:00:00.000000000,8.697864283904904,78.98073479531092
2014-11-26T16:00:00.000000000,8.800745707040967,78.5304696671331
2014-11-26T17:00:00.000000000,9.130383938405151,80.30554643592268
2014-11-26T18:00:00.000000000,9.007193561964057,80.171649680636
2014-11-26T19:00:00.000000000,8.398288516120413,75.34324888423959
2014-11-26T20:00:00.000000000,8.154071543502775,73.98221237313703
2014-11-26T21:00:00.000000000,7.588826200330882,69.0573559792121
2014-11-26T22:00:00.000000000,7.602311160867576,68.79339146878829
2014-11-26T23:00:00.000000000,7.929267935178617,68.45017035275254
2014-11-27T00:00:00.000000000,8.288734825050202,66.9148663271917
2014-11-27T01:00:00.000000000,8.548923637003583,70.08130491496206
2014-11-27T02:00:00.000000000,8.896101674329042,70.29202115702128
2014-11-27T03:00:00.000000000,9.660883221157203,73.22973999778094
2014-11-27T04:00:00.000000000,10.321013079571783,73.82584391643547
2014-11-27T05:00:00.000000000,10.173020647844403,77.0053768756398
2014-11-27T06:00:00.000000000,9.942720232093269,79.86266725586825
2014-11-27T07:00:00.000000000,9.855994368910729,74.55368363230747
2014-11-27T08:00:00.000000000,9.519716382329886,76.3286928678042
2014-11-27T09:00:00.000000000,10.015528474008589,77.75041865917802
2014-11-27T10:00:00.000000000,10.363164917810428,83.07214170225711
2014-11-27T11:00:00.000000000,10.217937658842903,82.26640190097714
2014-11-27T12:00:00.000000000,10.372205719484729,81.19609868758289
2014-11-27T13:00:00.000000000,10.284157901228557,85.32890036996719
2014-11-27T14:00:00.000000000,9.627345460326888,88.735242639999
2014-11-27T15:00:00.000000000,9.00007813091124,90.23874058261168
2014-11-27T16:00:00.000000000,9.878164050065173,88.54978370906656
2014-11-27T17:00:00.000000000,10.271387843791207,86.30187184928673
2014-11-27T18:00:00.000000000,10.71360116860806,82.62623363866976
2014-11-27T19:00:00.000000000,10.55386622765319,86.80888568897257
2014-11-27T20:00:00.000000000,9.037925057837034,89.44529601154625
2014-11-27T21:00:00.000000000,7.876676439814051,91.1821370082107
2014-11-27T22:00:00.000000000,7.966422180724965,91.79833514487711
2014-11-27T23:00:00.000000000,7.627960449063481,88.40365683342992
2014-11-28T00:00:00.000000000,7.504165509901817,88.0908475670036
2014-11-28T01:00:00.000000000,7.919408357787957,83.92946775180945
2014-11-28T02:00:00.000000000,8.840680409982973,80.23135573959087
2014-11-28T03:00:00.000000000,9.318161031018942,83.06565109873043
2014-11-28T04:00:00.000000000,9.755038517981964,80.6342455333363
2014-11-28T05:00:00.000000000,10.187308280404594,83.65980825409008
2014-11-28T06:00:00.000000000,10.560095880246543,83.88449643371462
2014-11-28T07:00:00.000000000,10.372205719484729,81.19609868758289
2014-11-28T08:00:00.000000000,10.295091226520858,84.63552537477796
2014-11-28T09:00:00.000000000,10.875064660152912,89.80242122649497
2014-11-28T10:00:00.000000000,10.81620761757066,94.17525927862033
2014-11-28T11:00:00.000000000,11.457803018030987,96.89242312248518
2014-11-28T12:00:00.000000000,11.391122052401895,99.02820072441887
2014-11-28T13:00:00.000000000,10.789172813520043,100.00797980144137
2014-11-28T14:00:00.000000000,10.587565270119399,102.47745737506148
2014-11-28T15:00:00.000000000,9.712339515420924,105.14517950186246
2014-11-28T16:00:00.000000000,9.448048740348453,107.71579270637693
2014-11-28T17:00:00.000000000,8.055818111664818,112.82503746971645
2014-11-28T18:00:00.000000000,7.743670441632288,125.87102457466597
2014-11-28T19:00:00.000000000,6.384997794380404,126.80267445087622
2014-11-28T20:00:00.000000000,7.007577951500424,132.39759138011806
2014-11-28T21:00:00.000000000,7.570630004102341,131.58650350857147
2014-11-28T22:00:00.000000000,6.352227645727818,152.07348849620314
2014-11-28T23:00:00.000000000,6.664479431954791,204.0170394444456
2014-11-29T00:00:00.000000000,7.1730833677017865,202.5430610000579
2014-11-29T01:00:00.000000000,8.53091022332446,206.07695558472713
2014-11-29T02:00:00.000000000,7.225173008309213,210.11373315098243
2014-11-29T03:00:00.000000000,6.428116182220425,209.85544729544412
2014-11-29T04:00:00.000000000,6.652834034401341,201.26165630031474
2014-11-29T05:00:00.000000000,7.263661988809209,191.21325875302958
2014-11-29T06:00:00.000000000,6.908977002046529,173.35075216491657
2014-11-29T07:00:00.000000000,6.73977676484265,178.512158960355
2014-11-29T08:00:00.000000000,6.979439555086434,171.34748996760663
2014-11-29T09:00:00.000000000,7.739562128385483,168.16378238878588
2014-11-29T10:00:00.000000000,8.361539711396942,173.04500934376847
2014-11-29T11:00:00.000000000,9.950803332647451,180.71984342473857
2014-11-29T12:00:00.000000000,11.282081049807195,184.3208447937109
2014-11-29T13:00:00.000000000,14.048905329953925,194.1104612763243
2014-11-29T14:00:00.000000000,15.217568307121887,199.58102415187915
2014-11-29T15:00:00.000000000,16.204202389266463,196.95326572957723
2014-11-29T16:00:00.000000000,16.81649507679847,197.7885025866387
2014-11-29T17:00:00.000000000,17.22391485801955,193.4714955718033
2014-11-29T18:00:00.000000000,17.903199429532023,191.60023155862478
2014-11-29T19:00:00.000000000,17.721650883220814,187.37566422356193
2014-11-29T20:00:00.000000000,17.958743157299786,186.9964232653968
2014-11-29T21:00:00.000000000,17.193352461932268,188.02407466594823
2014-11-29T22:00:00.000000000,15.991253053267428,187.27501743555308
2014-11-29T23:00:00.000000000,21.49134906666858,182.23337039657198
2014-11-30T00:00:00.000000000,20.05079080595952,180.5001087696499
2014-11-30T01:00:00.000000000,18.521069491630634,181.74041043159673
2014-11-30T02:00:00.000000000,17.874626629610145,183.00648971616553
2014-11-30T03:00:00.000000000,17.352009814333325,180.86683431531253
2014-11-30T04:00:00.000000000,16.73042327716909,181.4556723031907
2014-11-30T05:00:00.000000000,18.10045572867447,180.39572975215853
2014-11-30T06:00:00.000000000,19.11354454743387,185.89332117042827
2014-11-30T07:00:00.000000000,19.477823699191024,190.72584640455952
2014-11-30T08:00:00.000000000,19.478510407512708,190.12727787221553
2014-11-30T09:00:00.000000000,21.224027426468357,189.62876997191128
2014-11-30T10:00:00.000000000,21.485286910095606,190.3227469872132
2014-11-30T11:00:00.000000000,22.029508747404545,192.2854999688631
2014-11-30T12:00:00.000000000,21.560579941203887,191.19919337125495
2014-11-30T13:00:00.000000000,21.683213268592212,191.13504224959675
2014-11-30T14:00:00.000000000,21.49758027404079,190.31677928321525
2014-11-30T15:00:00.000000000,22.101529303239726,189.2758749795003
2014-11-30T16:00:00.000000000,22.64224435995742,189.78994386202567
2014-11-30T17:00:00.000000000,24.518378721744533,185.00139102816087
2014-11-30T18:00:00.000000000,21.086101396650374,188.3510733057662
2014-11-30T19:00:00.000000000,19.891294790240224,191.56414078128
2014-11-30T20:00:00.000000000,17.40056863954439,198.6432044083263
2014-11-30T21:00:00.000000000,15.367442407383159,206.41918229597056
2014-11-30T22:00:00.000000000,10.895185973794305,223.14051288733813
2014-11-30T23:00:00.000000000,8.810093177203344,311.60658556287194
2014-12-01T00:00:00.000000000,9.439414902532734,341.4690842243516
2014-12-01T01:00:00.000000000,7.818511403794466,339.7977738317132
2014-12-01T02:00:00.000000000,9.322167785384364,335.94394644538573
2014-12-01T03:00:00.000000000,9.42147830134676,334.62491687827145
2014-12-01T04:00:00.000000000,9.475719168367265,333.94199762629927
2014-12-01T05:00:00.000000000,9.658631062613512,338.5152922049195
2014-12-01T06:00:00.000000000,9.303768097070572,334.53667082483025
2014-12-01T07:00:00.000000000,10.29005147248804,329.3227455468095
2014-12-01T08:00:00.000000000,9.607725968834663,335.9693983021205
2014-12-01T09:00:00.000000000,8.41432697500186,338.19860948126995
2014-12-01T10:00:00.000000000,7.942712536020405,339.45451728819677
2014-12-01T11:00:00.000000000,7.470753256368327,334.84995622191934
2014-12-01T12:00:00.000000000,7.557789060847873,328.0448470083932
2014-12-01T13:00:00.000000000,8.671917978036344,315.876048275572
2014-12-01T14:00:00.000000000,9.669693718352654,315.000062849749
2014-12-01T15:00:00.000000000,9.148026462340345,321.65815216699605
2014-12-01T16:00:00.000000000,9.164074491828671,318.3729952875801
2014-12-01T17:00:00.000000000,9.44644612117007,318.2720588126848
2014-12-01T18:00:00.000000000,10.148669623769305,319.89628309777265
2014-12-01T19:00:00.000000000,9.333657073599927,344.06520360225505
2014-12-01T20:00:00.000000000,8.487074410822654,348.35909319494453
2014-12-01T21:00:00.000000000,8.22430182466224,342.94208757668076
2014-12-01T22:00:00.000000000,8.999424490873565,336.8536642743464
2014-12-01T23:00:00.000000000,8.850888588395415,347.7696133393129
2014-12-02T00:00:00.000000000,7.275532165485896,0.6890788884292647
2014-12-02T01:00:00.000000000,9.030547411787575,6.357701710351876
2014-12-02T02:00:00.000000000,9.691279632603992,10.628736885229046
2014-12-02T03:00:00.000000000,9.855994368910729,15.446316367692532
2014-12-02T04:00:00.000000000,8.303510770324609,23.323180485325338
2014-12-02T05:00:00.000000000,6.8402571864848465,40.99880149347683
2014-12-02T06:00:00.000000000,5.826698950045102,31.132462548284877
2014-12-02T07:00:00.000000000,7.055344063401063,11.548958254386775
2014-12-02T08:00:00.000000000,7.4453238345617025,20.747522915736795
2014-12-02T09:00:00.000000000,7.725619566686468,26.523607528507227
2014-12-02T10:00:00.000000000,7.745524672422588,36.20414562853671
2014-12-02T11:00:00.000000000,5.764661937454366,66.21411245408052
2014-12-02T12:00:00.000000000,5.013249543768171,78.49394923902747
2014-12-02T13:00:00.000000000,2.850438562747845,37.874983651098205
2014-12-02T14:00:00.000000000,2.9816648202822065,50.10216162704779
2014-12-02T15:00:00.000000000,3.4957345598109644,68.38879198832495
2014-12-02T16:00:00.000000000,5.251487884400001,38.23382517744693
2014-12-02T17:00:00.000000000,4.311121850761903,48.17330075761953
2014-12-02T18:00:00.000000000,4.862162584694181,72.030860259843
2014-12-02T19:00:00.000000000,6.192095716575025,77.17010361689387
2014-12-02T20:00:00.000000000,6.173900690668888,86.51773624378643
2014-12-02T21:00:00.000000000,5.762215285808055,102.52880770915152
2014-12-02T22:00:00.000000000,5.662599200119769,119.05458935687005
2014-12-02T23:00:00.000000000,5.7816809061784555,106.7111191336719
2014-12-03T00:00:00.000000000,6.15275698471919,102.79398801588786
2014-12-03T01:00:00.000000000,1.484080590741956,57.38085448522128
2014-12-03T02:00:00.000000000,1.101488509853255,80.85850145386428
2014-12-03T03:00:00.000000000,2.1762898243372786,91.97501567094992
2014-12-03T04:00:00.000000000,2.820376546173709,119.17794157951698
2014-12-03T05:00:00.000000000,3.1448863413338954,124.63757892045169
2014-12-03T06:00:00.000000000,4.725411964790132,113.37770864961288
2014-12-03T07:00:00.000000000,2.5770945972012296,169.9436638307493
2014-12-03T08:00:00.000000000,4.273755690200012,208.66392181854758
2014-12-03T09:00:00.000000000,6.996650984578265,198.75865034784223
2014-12-03T10:00:00.000000000,5.0169882014089655,197.3965996041945
2014-12-03T11:00:00.000000000,8.10528701849133,184.95445053181146
2014-12-03T12:00:00.000000000,9.02841390952603,188.67983654939934
2014-12-03T13:00:00.000000000,11.930237096505895,183.12324479255872
2014-12-03T14:00:00.000000000,12.890807007960117,188.47583800861156
2014-12-03T15:00:00.000000000,12.30673507949859,183.20245748310754
2014-12-03T16:00:00.000000000,12.429528427893638,190.72232644954673
2014-12-03T17:00:00.000000000,13.48294948921008,188.42310620811685
2014-12-03T18:00:00.000000000,14.278027072047148,187.29302363902355
2014-12-03T19:00:00.000000000,16.357165097423238,183.59273879018437
2014-12-03T20:00:00.000000000,15.719134821081628,182.8260195644741
2014-12-03T21:00:00.000000000,14.572334875303365,185.7105990061932
2014-12-03T22:00:00.000000000,14.617414818778101,184.36489702122813
2014-12-03T23:00:00.000000000,14.078817054535564,186.0649342071224
2014-12-04T00:00:00.000000000,13.469544248796833,183.085482302479
2014-12-04T01:00:00.000000000,13.163851794501152,179.1839096691865
2014-12-04T02:00:00.000000000,11.968787825547874,178.14469623499986
2014-12-04T03:00:00.000000000,11.061890292716168,177.34454571306992
2014-12-04T04:00:00.000000000,10.613002502025585,182.83547562990032
2014-12-04T05:00:00.000000000,9.994147162550327,186.10281783739964
2014-12-04T06:00:00.000000000,9.393530004345756,189.1113783517679
2014-12-04T07:00:00.000000000,9.098857655279465,185.12320836059894
2014-12-04T08:00:00.000000000,7.385886158931175,170.05950377390786
2014-12-04T09:00:00.000000000,6.0894378230022195,163.0530079413952
2014-12-04T10:00:00.000000000,5.94538698794357,139.00681601707777
2014-12-04T11:00:00.000000000,4.5921434155388114,139.41575776045045
2014-12-04T12:00:00.000000000,3.193670550891679,164.33203549609505
2014-12-04T13:00:00.000000000,4.199152295739298,184.26798773911125
2014-12-04T14:00:00.000000000,3.894578464502918,188.67643166288394
2014-12-04T15:00:00.000000000,3.063757627843723,181.63682540828802
2014-12-04T16:00:00.000000000,3.1309940115113624,152.4121641191566
2014-12-04T17:00:00.000000000,4.007838042294304,126.11948130525889
2014-12-04T18:00:00.000000000,3.801312404826123,125.36255110559347
2014-12-04T19:00:00.000000000,3.9698139450616066,102.54848637607063
2014-12-04T20:00:00.000000000,4.822464100072686,98.04607068130332
2014-12-04T21:00:00.000000000,5.365760611203106,95.88322004738563
2014-12-04T22:00:00.000000000,5.8397595604762245,101.98339214111195
2014-12-04T23:00:00.000000000,4.63426292542479,105.64820426786434
2014-12-05T00:00:00.000000000,3.6729149322668073,102.38078480204666
2014-12-05T01:00:00.000000000,3.3841513262880207,77.19572267771503
2014-12-05T02:00:00.000000000,3.879612849510468,63.18726409238809
2014-12-05T03:00:00.000000000,4.12933358571171,56.98339214111195
2014-12-05T04:00:00.000000000,4.665848688825188,61.16902280475904
2014-12-05T05:00:00.000000000,5.376453291901642,54.462322208025626
2014-12-05T06:00:00.000000000,6.942847038499408,66.66595872329026
2014-12-05T07:00:00.000000000,6.566593141581998,56.88469702445468
2014-12-05T08:00:00.000000000,7.880842474848535,67.62481222607147
2014-12-05T09:00:00.000000000,8.525378331152748,77.55321374294908
2014-12-05T10:00:00.000000000,8.792225372687234,86.41352515367282
2014-12-05T11:00:00.000000000,10.457655927728025,92.19210194178396
2014-12-05T12:00:00.000000000,10.938244328447405,93.93167094125977
2014-12-05T13:00:00.000000000,10.645634468531304,93.56794929150612
2014-12-05T14:00:00.000000000,11.73553276125242,94.45955988402397
2014-12-05T15:00:00.000000000,13.002076274224777,95.12960318269143
2014-12-05T16:00:00.000000000,14.619312049783698,95.05250144326408
2014-12-05T17:00:00.000000000,15.158137827484321,96.439336409411
2014-12-05T18:00:00.000000000,14.851359862716482,98.51885005943825
2014-12-05T19:00:00.000000000,15.09160182876143,101.75668064756917
2014-12-05T20:00:00.000000000,15.036011705975628,106.22019668936116
2014-12-05T21:00:00.000000000,14.780429797559584,109.00192795069773
2014-12-05T22:00:00.000000000,13.254295647467151,116.61342224833624
2014-12-05T23:00:00.000000000,9.224498065885168,128.0657624573576
2014-12-06T00:00:00.000000000,5.6479140437271464,145.64188490074588
2014-12-06T01:00:00.000000000,7.86767435698552,120.55794203037419
2014-12-06T02:00:00.000000000,10.29957448209784,114.29439518244146
2014-12-06T03:00:00.000000000,10.255296001356434,111.37350994030936
2014-12-06T04:00:00.000000000,6.1075395957054415,148.81517741095388
2014-12-06T05:00:00.000000000,8.198578951894634,190.4533224580433
2014-12-06T06:00:00.000000000,8.87048272114459,197.97537956324032
2014-12-06T07:00:00.000000000,7.407318076788851,208.85739296724435
2014-12-06T08:00:00.000000000,6.258827472412839,204.67125140705738
2014-12-06T09:00:00.000000000,5.11170984010652,169.43208076860424
2014-12-06T10:00:00.000000000,6.403341283477553,175.97027862223138
2014-12-06T11:00:00.000000000,7.8489383813753975,184.4757185869916
2014-12-06T12:00:00.000000000,8.575202197395322,191.1789039320887
2014-12-06T13:00:00.000000000,10.926939173783516,199.30552160439078
2014-12-06T14:00:00.000000000,12.411946372610352,194.34413840040236
2014-12-06T15:00:00.000000000,12.639725610415175,191.17659141383436
2014-12-06T16:00:00.000000000,12.711614838646907,185.64331562103382
2014-12-06T17:00:00.000000000,11.663171362837032,180.61407908133125
2014-12-06T18:00:00.000000000,10.978284215451604,184.1135114065715
2014-12-06T19:00:00.000000000,11.787561154726772,180.18228378842218
2014-12-06T20:00:00.000000000,12.41583064484727,181.3268620919012
2014-12-06T21:00:00.000000000,12.804651609927486,182.96575782795736
2014-12-06T22:00:00.000000000,12.576052925721521,180.7403681651879
2014-12-06T23:00:00.000000000,12.553070097151805,177.14614247117902
2014-12-07T00:00:00.000000000,12.49740883905015,175.00792688189563
2014-12-07T01:00:00.000000000,12.42182233528268,174.3984193289724
2014-12-07T02:00:00.000000000,11.331711702733035,174.93718073104617
2014-12-07T03:00:00.000000000,10.188912423007022,170.11010673395867
2014-12-07T04:00:00.000000000,10.270788985115875,171.67264319815615
2014-12-07T05:00:00.000000000,8.677432227885967,158.98025971124002
2014-12-07T06:00:00.000000000,9.500147247512192,113.49557166284842
2014-12-07T07:00:00.000000000,9.574096462026263,104.05440176270122
2014-12-07T08:00:00.000000000,9.589688627186908,102.49641686171418
2014-12-07T09:00:00.000000000,8.25330572337332,103.13120303895789
2014-12-07T10:00:00.000000000,6.756815169760216,99.58429997173772
2014-12-07T11:00:00.000000000,6.2005068302040485,110.04230724396598
2014-12-07T12:00:00.000000000,5.688165470109397,108.315495189219
2014-12-07T13:00:00.000000000,4.117515444852489,106.39936453539713
2014-12-07T14:00:00.000000000,4.5229523339538815,78.84535864193924
2014-12-07T15:00:00.000000000,5.34562531921974,62.11670449508955
2014-12-07T16:00:00.000000000,5.339323041468356,56.94243185484032
2014-12-07T17:00:00.000000000,5.145465534223683,57.197872804278234
2014-12-07T18:00:00.000000000,7.820936436138691,48.69346219963933
2014-12-07T19:00:00.000000000,8.550483180017181,43.40064369848926
2014-12-07T20:00:00.000000000,8.14900300650331,41.26860300083956
2014-12-07T21:00:00.000000000,8.482418654976998,38.237838393377444
2014-12-07T22:00:00.000000000,9.288510603881646,34.41718134153564
2014-12-07T23:00:00.000000000,9.359897434718597,32.28925937213239
2014-12-08T00:00:00.000000000,9.668284455062757,31.141595867201715
2014-12-08T01:00:00.000000000,9.642500899686166,29.25659085594549
2014-12-08T02:00:00.000000000,9.507398434903209,28.24973549497429
2014-12-08T03:00:00.000000000,9.433981132056603,32.005383208083515
2014-12-08T04:00:00.000000000,9.900284086833064,37.30394827798341
2014-12-08T05:00:00.000000000,9.878164050065173,38.32011393677743
2014-12-08T06:00:00.000000000,9.462139838053222,41.947837532373455
2014-12-08T07:00:00.000000000,10.547431114417234,43.70350798505177
2014-12-08T08:00:00.000000000,11.02978920922789,51.441600099335005
2014-12-08T09:00:00.000000000,11.267827424292884,57.82618360504358
2014-12-08T10:00:00.000000000,11.802133672640451,66.06831481540661
2014-12-08T11:00:00.000000000,12.06452893721274,71.07695558472716
2014-12-08T12:00:00.000000000,11.966917306292956,75.29603432068006
2014-12-08T13:00:00.000000000,10.441123568070001,74.01691797807587
2014-12-08T14:00:00.000000000,10.444931796163802,76.64561285283321
2014-12-08T15:00:00.000000000,10.390036067140652,77.98708073401008
2014-12-08T16:00:00.000000000,10.378011611093909,80.99149625797486
2014-12-08T17:00:00.000000000,10.277402395547233,85.81508387488157
2014-12-08T18:00:00.000000000,10.636758199752403,87.30571571014389
2014-12-08T19:00:00.000000000,10.681827458996276,80.57074708235717
2014-12-08T20:00:00.000000000,10.254031261534985,91.6066638724094
2014-12-08T21:00:00.000000000,8.922042393764084,92.64995638941252
2014-12-08T22:00:00.000000000,9.375408310441298,89.4652640851562
2014-12-08T23:00:00.000000000,9.280355596635292,94.63546342690267
2014-12-09T00:00:00.000000000,8.335398276977454,105.03659270544188
2014-12-09T01:00:00.000000000,8.152307146491335,99.08682071332714
2014-12-09T02:00:00.000000000,7.460151946236999,101.89361846811954
2014-12-09T03:00:00.000000000,6.285511693091682,101.35468940838615
2014-12-09T04:00:00.000000000,7.007924595814273,98.82390875697416
2014-12-09T05:00:00.000000000,8.149224367655659,104.20678164804781
2014-12-09T06:00:00.000000000,9.265772457697295,106.69925311856304
2014-12-09T07:00:00.000000000,7.733884392333051,119.21660001092158
2014-12-09T08:00:00.000000000,7.344645431136252,122.41893965181436
2014-12-09T09:00:00.000000000,7.18513725324791,126.51113727827806
2014-12-09T10:00:00.000000000,7.782682963632577,174.7472615544292
2014-12-09T11:00:00.000000000,8.504860793248573,181.9372170669376
2014-12-09T12:00:00.000000000,8.220591523728691,188.7461622625552
2014-12-09T13:00:00.000000000,7.850159234053791,189.1623470457217
2014-12-09T14:00:00.000000000,8.403868156985805,202.75097634278765
2014-12-09T15:00:00.000000000,9.883138841662946,203.87419101418993
2014-12-09T16:00:00.000000000,10.320558790036603,207.4030082041461
2014-12-09T17:00:00.000000000,9.50902736096382,209.3618598011139
2014-12-09T18:00:00.000000000,9.61500421806963,210.4655403872816
2014-12-09T19:00:00.000000000,8.901976247637196,201.4129659500121
2014-12-09T20:00:00.000000000,7.974266572127293,208.0513492617403
2014-12-09T21:00:00.000000000,6.109674704924968,210.7627195342389
2014-12-09T22:00:00.000000000,5.816195062065921,208.21735585472928
2014-12-09T23:00:00.000000000,5.100551440775791,197.10272896905238
2014-12-10T00:00:00.000000000,4.5529709929942195,184.7244501423767
2014-12-10T01:00:00.000000000,4.911615216998359,176.05985230308215
2014-12-10T02:00:00.000000000,5.089899084384072,159.74046571213455
2014-12-10T03:00:00.000000000,6.286056964566478,151.75331508989723
2014-12-10T04:00:00.000000000,6.950547617700975,126.14869698245894
2014-12-10T05:00:00.000000000,10.115782356961521,111.68309540117377
2014-12-10T06:00:00.000000000,11.944159787045749,110.33146411388316
2014-12-10T07:00:00.000000000,10.536573461354433,107.2526642631114
2014-12-10T08:00:00.000000000,11.81465851693382,102.71293119137141
2014-12-10T09:00:00.000000000,12.186328406058818,101.59808694113792
2014-12-10T10:00:00.000000000,12.88976937061503,102.43239382322821
2014-12-10T11:00:00.000000000,13.46680238575595,104.07495639776153
2014-12-10T12:00:00.000000000,13.635008931792052,103.19541779286016
2014-12-10T13:00:00.000000000,13.516950058355535,98.66962632384156
2014-12-10T14:00:00.000000000,13.554024242608357,98.64573048642512
2014-12-10T15:00:00.000000000,13.736323185964833,96.4265619636792
2014-12-10T16:00:00.000000000,14.19199715570719,96.06711600613244
2014-12-10T17:00:00.000000000,14.721428238472575,96.97416259991468
2014-12-10T18:00:00.000000000,14.650008538948669,99.47840006382722
2014-12-10T19:00:00.000000000,14.756451520503282,96.46883077766478
2014-12-10T20:00:00.000000000,14.469178391193948,98.09510609024579
2014-12-10T21:00:00.000000000,13.46232182247396,99.2436757460606
2014-12-10T22:00:00.000000000,13.30071831619682,98.26717880105787
2014-12-10T23:00:00.000000000,13.685696369299471,95.39816526296613
2014-12-11T00:00:00.000000000,13.934771494422453,93.23970610549736
2014-12-11T01:00:00.000000000,12.870862305081333,83.47546692847499
2014-12-11T02:00:00.000000000,12.701926792381611,85.48453286317778
2014-12-11T03:00:00.000000000,12.890721242536591,84.2120246749763
2014-12-11T04:00:00.000000000,12.83366072488316,85.13904206731212
2014-12-11T05:00:00.000000000,13.20431518250147,85.43906829124148
2014-12-11T06:00:00.000000000,13.681067259229398,87.0147333951146
2014-12-11T07:00:00.000000000,13.427055577791872,87.33204304239825
2014-12-11T08:00:00.000000000,13.950563024600731,90.51338919179108
2014-12-11T09:00:00.000000000,13.863878148481898,94.29173431084541
2014-12-11T10:00:00.000000000,13.51514364432778,97.0658659946314
2014-12-11T11:00:00.000000000,13.184142339449828,101.65085299538146
2014-12-11T12:00:00.000000000,12.873047812266666,105.37223261913317
2014-12-11T13:00:00.000000000,10.590156478438917,104.56113356018227
2014-12-11T14:00:00.000000000,10.295547095120869,106.43273117455499
2014-12-11T15:00:00.000000000,10.009283315320417,106.6923931382812
2014-12-11T16:00:00.000000000,9.41233256751092,107.78525831399793
2014-12-11T17:00:00.000000000,7.846623115139002,108.86792361940593
2014-12-11T18:00:00.000000000,6.302785357316292,110.9151512329621
2014-12-11T19:00:00.000000000,3.218716310371064,119.55169127852929
2014-12-11T20:00:00.000000000,1.3430924901728611,104.55354301251691
2014-12-11T21:00:00.000000000,0.33024816435296434,299.4759875093491
2014-12-11T22:00:00.000000000,1.3163044813232812,288.2629519474797
2014-12-11T23:00:00.000000000,1.7548598911542066,292.18038965437535
2014-12-12T00:00:00.000000000,1.5941822160401766,294.555501591388
2014-12-12T01:00:00.000000000,2.0533553761509555,312.0389517500785
2014-12-12T02:00:00.000000000,1.2202694886079444,6.469617968557031
2014-12-12T03:00:00.000000000,0.5257422015082562,118.39309715779711
2014-12-12T04:00:00.000000000,1.0329706493346003,111.28643531915571
2014-12-12T05:00:00.000000000,1.6681752755248758,147.85824845862498
2014-12-12T06:00:00.000000000,2.5256848479045324,150.00908714527486
2014-12-12T07:00:00.000000000,2.8002271427766456,172.30426888367128
2014-12-12T08:00:00.000000000,4.300300559696864,203.28626941539991
2014-12-12T09:00:00.000000000,6.946109810105726,220.10922640035082
2014-12-12T10:00:00.000000000,9.147699092039794,220.677685195017
2014-12-12T11:00:00.000000000,9.68293420663893,226.7262030863697
2014-12-12T12:00:00.000000000,10.16002273368122,226.6451221984898
2014-12-12T13:00:00.000000000,10.947672269084714,221.2967052735697
2014-12-12T14:00:00.000000000,11.7077136969612,220.23636262009663
2014-12-12T15:00:00.000000000,12.51550921482529,218.91898561490328
2014-12-12T16:00:00.000000000,13.218849416902243,219.24366450560603
2014-12-12T17:00:00.000000000,13.365755481567922,219.42137048014698
2014-12-12T18:00:00.000000000,13.893669429574318,219.63397447305175
2014-12-12T19:00:00.000000000,14.386134543711051,217.58680865171345
2014-12-12T20:00:00.000000000,15.135360115350382,218.39377223656302
2014-12-12T21:00:00.000000000,14.959770994110642,218.3158805603482
2014-12-12T22:00:00.000000000,14.813684538630367,218.14636874491467
2014-12-12T23:00:00.000000000,14.274557555569867,219.67066942336587
2014-12-13T00:00:00.000000000,13.607382375360677,220.15600264206105
2014-12-13T01:00:00.000000000,14.524476128815582,218.29019497015307
2014-12-13T02:00:00.000000000,13.970302293141225,223.477376954476
2014-12-13T03:00:00.000000000,12.683311823282525,228.67607531577158
2014-12-13T04:00:00.000000000,12.261350058373473,227.39638912097516
2014-12-13T05:00:00.000000000,12.880266722853651,222.6403871504863
2014-12-13T06:00:00.000000000,12.880703959898705,220.1189673156343
2014-12-13T07:00:00.000000000,13.139876949795811,214.1437316341584
2014-12-13T08:00:00.000000000,12.534570449630447,215.8300746348317
2014-12-13T09:00:00.000000000,10.153802888357303,219.25482258534754
2014-12-13T10:00:00.000000000,6.490386853296592,232.51234099050387
2014-12-13T11:00:00.000000000,4.868474855023372,238.75906536603748
2014-12-13T12:00:00.000000000,6.154900283620574,237.43996897821359
2014-12-13T13:00:00.000000000,5.3126979955423534,215.03652467907557
2014-12-13T14:00:00.000000000,5.958306680232429,226.02034405157633
2014-12-13T15:00:00.000000000,6.4258378587958305,224.92140631302533
2014-12-13T16:00:00.000000000,5.832372164857455,278.8770556592626
2014-12-13T17:00:00.000000000,10.739470717264888,25.879080988277963
2014-12-13T18:00:00.000000000,11.227539183262587,36.71679693867975
2014-12-13T19:00:00.000000000,9.962884709027477,32.39399212202039
2014-12-13T20:00:00.000000000,8.109072808511081,29.251889137843136
2014-12-13T21:00:00.000000000,7.8431704830019795,26.1974991279111
2014-12-13T22:00:00.000000000,7.580290338325886,26.438285761586542
2014-12-13T23:00:00.000000000,6.990049542954383,32.809110999082804
2014-12-14T00:00:00.000000000,6.206665313518509,39.524869072636875
2014-12-14T01:00:00.000000000,7.530211480748336,18.585348910647042
2014-12-14T02:00:00.000000000,8.673477450309058,19.27057354629386
2014-12-14T03:00:00.000000000,9.09885413133888,31.74672523100429
2014-12-14T04:00:00.000000000,7.210334266735611,49.711137243313544
2014-12-14T05:00:00.000000000,6.217110920575323,58.48304557409881
2014-12-14T06:00:00.000000000,5.723977363942556,51.82870646808135
2014-12-14T07:00:00.000000000,7.1617192743919995,25.760033231105524
2014-12-14T08:00:00.000000000,7.849650333719759,27.503578359453968
2014-12-14T09:00:00.000000000,7.612694989292557,29.511498557090306
2014-12-14T10:00:00.000000000,7.050044326101787,37.07307331731039
2014-12-14T11:00:00.000000000,6.657936992792887,39.66784111834045
2014-12-14T12:00:00.000000000,7.203514767111955,38.65980825409008
2014-12-14T13:00:00.000000000,6.32985097469022,19.615773508034863
2014-12-14T14:00:00.000000000,5.8108196495847295,18.82471001824007
2014-12-14T15:00:00.000000000,6.373774391990981,25.55996517182382
2014-12-14T16:00:00.000000000,5.141575207373395,21.387535883374824
2014-12-14T17:00:00.000000000,3.439204123049401,19.09349200048564
2014-12-14T18:00:00.000000000,2.4157376694897486,2.9660390490370787
2014-12-14T19:00:00.000000000,3.7687033579203337,5.710593137499643
2014-12-14T20:00:00.000000000,4.731873307686925,12.20046872738078
2014-12-14T21:00:00.000000000,3.820362235830101,7.520310806011196
2014-12-14T22:00:00.000000000,3.395769426801531,6.3401917459099195
2014-12-14T23:00:00.000000000,3.0413812651491097,9.462322208025626
2014-12-15T00:00:00.000000000,2.778516260948772,25.873357394230425
2014-12-15T01:00:00.000000000,3.023346655611956,7.125016348901795
2014-12-15T02:00:00.000000000,3.0834484124785915,13.360191325425717
2014-12-15T03:00:00.000000000,2.611544272608022,22.51437422611565
2014-12-15T04:00:00.000000000,2.1290027271839613,34.71639616578409
2014-12-15T05:00:00.000000000,1.590990257669732,45.0
2014-12-15T06:00:00.000000000,0.9477758766801078,48.742928495924104
2014-12-15T07:00:00.000000000,1.6007810593582121,51.34019174590992
2014-12-15T08:00:00.000000000,1.1858541225631423,71.56505117707798
2014-12-15T09:00:00.000000000,1.294760687332508,105.10951103649234
2014-12-15T10:00:00.000000000,2.1286732957408003,93.36646066342979
2014-12-15T11:00:00.000000000,4.0182777373824585,112.49649944564845
2014-12-15T12:00:00.000000000,4.878171606742991,123.07928583935626
2014-12-15T13:00:00.000000000,3.795556612672244,162.75854060106008
2014-12-15T14:00:00.000000000,3.701773223740212,168.3106308245608
2014-12-15T15:00:00.000000000,3.147419578003543,186.84277341263095
2014-12-15T16:00:00.000000000,3.0050996572438327,176.66158655999902
2014-12-15T17:00:00.000000000,3.799363869504179,175.47122265090388
2014-12-15T18:00:00.000000000,4.077475743471541,200.26823762759724
2014-12-15T19:00:00.000000000,2.7354456881423843,213.25434934545584
2014-12-15T20:00:00.000000000,2.005811335199985,290.80675095812427
2014-12-15T21:00:00.000000000,3.9086862371682543,244.82812322328306
2014-12-15T22:00:00.000000000,3.8685043913059634,258.25434934545586
2014-12-15T23:00:00.000000000,5.190871650040265,299.89888748493877
2014-12-16T00:00:00.000000000,8.983491804415475,338.79077386577717
2014-12-16T01:00:00.000000000,8.182385119163103,324.51320360712856
2014-12-16T02:00:00.000000000,11.365837697770417,321.74370800037156
2014-12-16T03:00:00.000000000,15.18722171780154,329.69943801409863
2014-12-16T04:00:00.000000000,17.011360715879086,321.5637437752559
2014-12-16T05:00:00.000000000,12.722780043206816,340.42572139548884
2014-12-16T06:00:00.000000000,17.237413560865825,339.1862232230737
2014-12-16T07:00:00.000000000,19.6900067916369,353.80441405344936
2014-12-16T08:00:00.000000000,18.941445853204694,12.036663590984915
2014-12-16T09:00:00.000000000,18.74561104828672,27.35104975639024
2014-12-16T10:00:00.000000000,18.397397516549393,26.33872241831085
2014-12-16T11:00:00.000000000,18.128754328603573,24.56819628574624
2014-12-16T12:00:00.000000000,17.09848711598439,25.366104141177175
2014-12-16T13:00:00.000000000,17.0897037461592,22.945459344582957
2014-12-16T14:00:00.000000000,16.70541110405321,27.447049431669086
2014-12-16T15:00:00.000000000,16.01164461624083,31.17087557204428
2014-12-16T16:00:00.000000000,14.991902187231242,32.987817189812006
2014-12-16T17:00:00.000000000,14.023520273181717,33.73256299131725
2014-12-16T18:00:00.000000000,13.159943673025488,34.94297866923171
2014-12-16T19:00:00.000000000,11.541895857132985,30.814773394849624
2014-12-16T20:00:00.000000000,11.513974519116914,28.03955930716728
2014-12-16T21:00:00.000000000,10.852053324772543,22.340644949544014
2014-12-16T22:00:00.000000000,10.523918096488046,17.48800271132916
2014-12-16T23:00:00.000000000,9.446636087178696,16.92435692450681
2014-12-17T00:00:00.000000000,9.434719589823633,13.796896565022337
2014-12-17T01:00:00.000000000,10.181702300633319,3.519292588060125
2014-12-17T02:00:00.000000000,9.919592279357646,2.166524362925088
2014-12-17T03:00:00.000000000,9.17613392113486,356.87645306347235
2014-12-17T04:00:00.000000000,9.079760919957463,354.46992812652303
2014-12-17T05:00:00.000000000,8.724410673573805,353.1702590104602
2014-12-17T06:00:00.000000000,8.134121363949939,351.160120445694
2014-12-17T07:00:00.000000000,7.907958308782159,349.98677570250993
2014-12-17T08:00:00.000000000,7.3161757334926545,344.13528659933536
2014-12-17T09:00:00.000000000,6.479030683755753,333.2866366771182
2014-12-17T10:00:00.000000000,6.831099681835039,324.1576324928777
2014-12-17T11:00:00.000000000,6.553863364459165,325.0975043840753
2014-12-17T12:00:00.000000000,5.655045964715651,323.35807751423397
2014-12-17T13:00:00.000000000,5.429218669649139,304.0193631108942
2014-12-17T14:00:00.000000000,5.922678870241067,277.2750049578892
2014-12-17T15:00:00.000000000,7.918530482355927,281.84207611532776
2014-12-17T16:00:00.000000000,9.049250348151874,289.36100912358495
2014-12-17T17:00:00.000000000,9.837890950373387,284.1951590997326
2014-12-17T18:00:00.000000000,10.558092257303722,282.99969933199355
2014-12-17T19:00:00.000000000,10.773585944912528,266.20804309598
2014-12-17T20:00:00.000000000,11.065559090096784,274.0810126442718
2014-12-17T21:00:00.000000000,10.811596783084356,280.6603482945353
2014-12-17T22:00:00.000000000,10.720149403186207,288.56171423841346
2014-12-17T23:00:00.000000000,10.597503983952489,300.1640189524312
2014-12-18T00:00:00.000000000,13.153530637332077,311.9184111430641
2014-12-18T01:00:00.000000000,13.67512780478938,317.22252381272386
2014-12-18T02:00:00.000000000,14.728062254001893,320.7174418039444
2014-12-18T03:00:00.000000000,13.007361629413682,331.90809845604326
2014-12-18T04:00:00.000000000,12.788278860075625,6.7360096374943055
2014-12-18T05:00:00.000000000,13.698685938480336,15.50732207581018
2014-12-18T06:00:00.000000000,13.767634044785941,16.509905711462466
2014-12-18T07:00:00.000000000,12.933835987518885,22.92229674327217
2014-12-18T08:00:00.000000000,12.494158237587031,26.30869600124373
2014-12-18T09:00:00.000000000,12.01365309666188,26.111816697670406
2014-12-18T10:00:00.000000000,12.623076659983761,29.02704680134201
2014-12-18T11:00:00.000000000,12.556554532941027,35.96866039666497
2014-12-18T12:00:00.000000000,11.779075169637835,35.93349888625016
2014-12-18T13:00:00.000000000,10.990686312222582,27.060471819211443
2014-12-18T14:00:00.000000000,10.92058182295241,30.46887286903018
2014-12-18T15:00:00.000000000,10.988126926987457,34.66629301899866
2014-12-18T16:00:00.000000000,11.009500827777961,34.82681293614331
2014-12-18T17:00:00.000000000,10.563054719161498,39.71875937155488
2014-12-18T18:00:00.000000000,9.871907306260871,49.77642799076273
2014-12-18T19:00:00.000000000,9.793957485441398,56.45190156246042
2014-12-18T20:00:00.000000000,9.432069191774506,54.32992339844901
2014-12-18T21:00:00.000000000,8.925464854178005,51.653478203435725
2014-12-18T22:00:00.000000000,8.284947048799319,48.05776489522157
2014-12-18T23:00:00.000000000,7.25,46.39718102729637
2014-12-19T00:00:00.000000000,7.080001641114341,36.89012191848548
2014-12-19T01:00:00.000000000,7.717969469903452,21.870332558417886
2014-12-19T02:00:00.000000000,7.586265730803382,19.241033666028102
2014-12-19T03:00:00.000000000,8.345095865237258,16.534837857345167
2014-12-19T04:00:00.000000000,9.10759616960325,11.880556036174028
2014-12-19T05:00:00.000000000,10.443299287102711,11.04094018032373
2014-12-19T06:00:00.000000000,10.717233847945959,13.695882397138234
2014-12-19T07:00:00.000000000,11.387194154076635,15.928113176316685
2014-12-19T08:00:00.000000000,11.5778372960008,16.948092812756386
2014-12-19T09:00:00.000000000,10.561347534226956,15.796356064985957
2014-12-19T10:00:00.000000000,10.408599172737983,12.484026113444145
2014-12-19T11:00:00.000000000,11.108057407297949,6.461233102467588
2014-12-19T12:00:00.000000000,10.665431929311715,358.6568516870561
2014-12-19T13:00:00.000000000,10.24464906553092,345.370312915433
2014-12-19T14:00:00.000000000,11.094263787598157,349.61431844882566
2014-12-19T15:00:00.000000000,11.59222005760272,354.4308024590321
2014-12-19T16:00:00.000000000,11.706011071360606,358.1642257298624
2014-12-19T17:00:00.000000000,11.710681884622138,2.4470480156130634
2014-12-19T18:00:00.000000000,11.372427283361887,5.234346527739888
2014-12-19T19:00:00.000000000,11.668528880664512,358.15832674197026
2014-12-19T20:00:00.000000000,11.67923654349469,356.932421420038
2014-12-19T21:00:00.000000000,11.343426074773742,354.3082549091548
2014-12-19T22:00:00.000000000,10.979820103629672,1.696204522906669
2014-12-19T23:00:00.000000000,11.062681196442961,6.683366768397718
2014-12-20T00:00:00.000000000,10.529489950258595,4.289161468472173
2014-12-20T01:00:00.000000000,10.810138822029927,12.895306209978912
2014-12-20T02:00:00.000000000,10.45395997062687,14.684308504098738
2014-12-20T03:00:00.000000000,10.156609216715081,16.516931338842028
2014-12-20T04:00:00.000000000,9.344542378126002,18.483492158436377
2014-12-20T05:00:00.000000000,8.629145646734267,24.931709174958826
2014-12-20T06:00:00.000000000,7.5050575908439185,37.07985709920541
2014-12-20T07:00:00.000000000,7.037844130129623,33.40782458970892
2014-12-20T08:00:00.000000000,5.572606431371124,41.08919446551914
2014-12-20T09:00:00.000000000,4.652588766030535,47.17749680005568
2014-12-20T10:00:00.000000000,3.915694652655741,45.38801702011688
2014-12-20T11:00:00.000000000,3.1868871959954905,41.82016988013578
2014-12-20T12:00:00.000000000,3.3634060117684275,48.012787504183336
2014-12-20T13:00:00.000000000,2.553735934898812,19.14441497974377
2014-12-20T14:00:00.000000000,2.8795888139666315,356.7649551427708
2014-12-20T15:00:00.000000000,2.7067340768215034,337.46152063132484
2014-12-20T16:00:00.000000000,2.1322690614363173,303.03796041716964
2014-12-20T17:00:00.000000000,2.754797041076121,273.38175846901964
2014-12-20T18:00:00.000000000,3.375,270.0
2014-12-20T19:00:00.000000000,1.552116772399392,262.1309868821702
2014-12-20T20:00:00.000000000,3.58967554064037,268.0044378505521
2014-12-20T21:00:00.000000000,4.732763983631076,264.69587458399104
2014-12-20T22:00:00.000000000,4.541907205470381,267.4761627779332
2014-12-20T23:00:00.000000000,4.932354914237215,278.74616226255523
2014-12-21T00:00:00.000000000,4.422951503238533,312.70938995736145
2014-12-21T01:00:00.000000000,3.5008311997356873,301.41987112207556
2014-12-21T02:00:00.000000000,3.973981743950776,291.39983462228986
2014-12-21T03:00:00.000000000,4.756317462309269,282.1368092585632
2014-12-21T04:00:00.000000000,4.0657548717385295,24.91041129857001
2014-12-21T05:00:00.000000000,5.831729576231953,27.718481726623395
2014-12-21T06:00:00.000000000,6.155536126122565,29.1676133795778
2014-12-21T07:00:00.000000000,4.741459797774395,35.44985015228809
2014-12-21T08:00:00.000000000,4.143015588241834,52.23118202479429
2014-12-21T09:00:00.000000000,6.0993180155508115,57.38475429673247
2014-12-21T10:00:00.000000000,6.947754166025671,65.55605545747187
2014-12-21T11:00:00.000000000,7.741416358609175,80.0509829018988
2014-12-21T12:00:00.000000000,7.130798139937545,92.31069347132416
2014-12-21T13:00:00.000000000,4.057957535759428,102.45223927855051
2014-12-21T14:00:00.000000000,4.217688316725376,114.51423028335967
2014-12-21T15:00:00.000000000,3.395261123894372,133.5082586326729
2014-12-21T16:00:00.000000000,2.950343007551281,146.57922480772663
2014-12-21T17:00:00.000000000,1.6540186251541258,137.14372552228076
2014-12-21T18:00:00.000000000,2.2047175527563043,105.45451864140409
2014-12-21T19:00:00.000000000,3.2456203528083014,98.19249359546086
2014-12-21T20:00:00.000000000,3.8395337916264953,91.86565312059184
2014-12-21T21:00:00.000000000,3.097603426381714,94.62923718713444
2014-12-21T22:00:00.000000000,4.128198440257776,134.14125556296426
2014-12-21T23:00:00.000000000,1.5456072794622648,108.87456774701855
2014-12-22T00:00:00.000000000,4.282758382401082,112.29827861420313
2014-12-22T01:00:00.000000000,6.764901097704735,162.8038630165738
2014-12-22T02:00:00.000000000,11.625750025162416,186.54430051116415
2014-12-22T03:00:00.000000000,14.466606357028999,184.956873914707
2014-12-22T04:00:00.000000000,13.969359807560824,171.4058676136085
2014-12-22T05:00:00.000000000,14.670130521207723,163.97415351790073
2014-12-22T06:00:00.000000000,15.284637634110474,157.29367330681157
2014-12-22T07:00:00.000000000,13.2845356029851,167.11455936680704
2014-12-22T08:00:00.000000000,9.927825576713955,140.5178069236216
2014-12-22T09:00:00.000000000,11.156980987445268,144.2086781370558
2014-12-22T10:00:00.000000000,10.373206068647049,146.75043694209216
2014-12-22T11:00:00.000000000,9.75379805739949,150.1823281244541
2014-12-22T12:00:00.000000000,7.485046689460193,146.09770526866293
2014-12-22T13:00:00.000000000,11.259217850825474,164.74494824706312
2014-12-22T14:00:00.000000000,8.365281271003072,195.78092525770208
2014-12-22T15:00:00.000000000,4.056043006887072,238.61287439343127
2014-12-22T16:00:00.000000000,4.4292996913163964,226.25816637995902
2014-12-22T17:00:00.000000000,7.801460651300053,188.66241982912086
2014-12-22T18:00:00.000000000,10.908647809508281,202.7158591389905
2014-12-22T19:00:00.000000000,11.41133598117176,224.5118902352872
2014-12-22T20:00:00.000000000,10.15598083842412,224.65106854700664
2014-12-22T21:00:00.000000000,8.693867934282148,259.56251953184767
2014-12-22T22:00:00.000000000,6.3227402614127515,322.6315470205434
2014-12-22T23:00:00.000000000,4.657018375574282,332.67824567654475
2014-12-23T00:00:00.000000000,5.332098742631278,2.956212410692274
2014-12-23T01:00:00.000000000,9.693752795814484,74.97816806244487
2014-12-23T02:00:00.000000000,10.813090363282122,66.78405308475715
2014-12-23T03:00:00.000000000,11.225781975089623,56.16838284504104
2014-12-23T04:00:00.000000000,10.609173258955751,54.73699294747763
2014-12-23T05:00:00.000000000,11.450982490598786,53.88065915052027
2014-12-23T06:00:00.000000000,11.431379329004299,52.24041461767564
2014-12-23T07:00:00.000000000,12.301549699123278,47.88296345253957
2014-12-23T08:00:00.000000000,11.782330249721268,44.69912988875433
2014-12-23T09:00:00.000000000,12.315952378463138,46.357081010260856
2014-12-23T10:00:00.000000000,11.091240913441561,50.02907358178544
2014-12-23T11:00:00.000000000,10.307764064044152,50.9061411137705
2014-12-23T12:00:00.000000000,9.058835465996719,50.599339336520586
2014-12-23T13:00:00.000000000,7.890857051043315,40.50284838533224
2014-12-23T14:00:00.000000000,7.301540933255117,38.047042531826094
2014-12-23T15:00:00.000000000,7.16436494045355,42.87890360333853
2014-12-23T16:00:00.000000000,6.241243866409964,57.26477372789242
2014-12-23T17:00:00.000000000,5.926634795564849,62.35402463626133
2014-12-23T18:00:00.000000000,6.068618046969178,57.61932229343074
2014-12-23T19:00:00.000000000,5.376453291901642,54.462322208025626
2014-12-23T20:00:00.000000000,5.017297092265589,47.72629947091298
2014-12-23T21:00:00.000000000,4.862162584694181,43.95837332399003
2014-12-23T22:00:00.000000000,4.005641644961736,43.35618667761162
2014-12-23T23:00:00.000000000,3.529539575105617,38.8182395951942
2014-12-24T00:00:00.000000000,3.859606890619627,34.97678733553346
2014-12-24T01:00:00.000000000,3.5171246939647687,20.818203413255276
2014-12-24T02:00:00.000000000,3.401954013930342,14.904288419628358
2014-12-24T03:00:00.000000000,3.4065422149808664,7.803016263253198
2014-12-24T04:00:00.000000000,3.035441460882873,8.764072843944348
2014-12-24T05:00:00.000000000,3.39183287286708,5.710567923825749
2014-12-24T06:00:00.000000000,3.8456332036534286,3.7273584168443676
2014-12-24T07:00:00.000000000,4.5155979670471105,4.7636416907261605
2014-12-24T08:00:00.000000000,3.920480581251713,356.34389968057985
2014-12-24T09:00:00.000000000,2.7348746292694597,346.78947720348106
2014-12-24T10:00:00.000000000,1.6596794457625716,337.87807752940245
2014-12-24T11:00:00.000000000,1.5845452384191352,299.8009907535256
2014-12-24T12:00:00.000000000,2.427994849173234,292.07532060293505
2014-12-24T13:00:00.000000000,2.6575364531836625,318.81407483429035
2014-12-24T14:00:00.000000000,1.6817030058842137,311.98721249581666
2014-12-24T15:00:00.000000000,1.2747548783981961,281.30993247402023
2014-12-24T16:00:00.000000000,1.5646974108024034,314.02893857568046
2014-12-24T17:00:00.000000000,2.778516260948772,295.8733573942304
2014-12-24T18:00:00.000000000,3.3168382140046817,287.5472347723522
2014-12-24T19:00:00.000000000,3.3189320722046265,305.18651822736695
2014-12-24T20:00:00.000000000,3.952847075210474,325.304846468766
2014-12-24T21:00:00.000000000,4.304793839430641,334.17900802581073
2014-12-24T22:00:00.000000000,4.584280205223062,334.13364320590546
2014-12-24T23:00:00.000000000,6.4542728182001055,344.2679916043326
2014-12-25T00:00:00.000000000,6.252724874024005,327.7396657530683
2014-12-25T01:00:00.000000000,9.776057485101397,328.3829080807959
2014-12-25T02:00:00.000000000,11.70694512682865,336.0623633732255
2014-12-25T03:00:00.000000000,14.438762645295254,342.72586531930193
2014-12-25T04:00:00.000000000,13.4623849851589,45.6395146751932
2014-12-25T05:00:00.000000000,11.252007820315972,45.31505066842334
2014-12-25T06:00:00.000000000,11.530319211179572,35.60265746471106
2014-12-25T07:00:00.000000000,10.097478817786326,23.105445844711312
2014-12-25T08:00:00.000000000,10.276711997941355,23.665288982138065
2014-12-25T09:00:00.000000000,10.529261921035518,35.822337526008766
2014-12-25T10:00:00.000000000,10.018647768704955,46.668343335181646
2014-12-25T11:00:00.000000000,8.743732010788273,49.63858281791079
2014-12-25T12:00:00.000000000,8.42845921495986,46.98322369675577
2014-12-25T13:00:00.000000000,9.275303229544575,52.66680426181415
2014-12-25T14:00:00.000000000,8.871382325389137,47.11263797009923
2014-12-25T15:00:00.000000000,9.160873394581904,43.34131970855742
2014-12-25T16:00:00.000000000,9.14970214614808,41.28902180713828
2014-12-25T17:00:00.000000000,8.624357997166326,40.70937626633287
2014-12-25T18:00:00.000000000,8.781809351624059,43.09660446333385
2014-12-25T19:00:00.000000000,9.067706379686749,49.30446177414558
2014-12-25T20:00:00.000000000,9.313450003975086,58.16579148187526
2014-12-25T21:00:00.000000000,9.582699254385478,59.420773127510984
2014-12-25T22:00:00.000000000,9.282789349833205,51.72577839925441
2014-12-25T23:00:00.000000000,9.92714974140774,45.86727237845764
2014-12-26T00:00:00.000000000,10.84938286156607,42.198201086839674
2014-12-26T01:00:00.000000000,9.772962632344237,36.31294104806358
2014-12-26T02:00:00.000000000,10.152726486107492,36.4889678113978
2014-12-26T03:00:00.000000000,10.700467279516348,37.40535663140855
2014-12-26T04:00:00.000000000,10.877507830993126,38.608400426168316
2014-12-26T05:00:00.000000000,10.181548524829944,37.86880900880226
2014-12-26T06:00:00.000000000,9.433981132056603,32.005383208083515
2014-12-26T07:00:00.000000000,8.79097548625862,29.845931949687383
2014-12-26T08:00:00.000000000,9.186854418843087,27.820274342521998
2014-12-26T09:00:00.000000000,9.315051341163493,25.43028521037968
2014-12-26T10:00:00.000000000,8.391114622827933,21.864803465594207
2014-12-26T11:00:00.000000000,8.74017305320667,16.62075691389208
2014-12-26T12:00:00.000000000,9.040785785182436,13.594330838430153
2014-12-26T13:00:00.000000000,8.819449110548618,355.1217137811473
2014-12-26T14:00:00.000000000,9.216910205627578,353.7713629864189
2014-12-26T15:00:00.000000000,9.88361323675086,352.0031207821677
2014-12-26T16:00:00.000000000,10.35743388773116,348.86636327817143
2014-12-26T17:00:00.000000000,10.652825328932781,347.8066370068331
2014-12-26T18:00:00.000000000,10.558092257303722,347.00030066800645
2014-12-26T19:00:00.000000000,9.926048300489315,343.9158520705258
2014-12-26T20:00:00.000000000,10.082542343707601,352.66352010424555
2014-12-26T21:00:00.000000000,9.636107090710793,351.79632154997876
2014-12-26T22:00:00.000000000,9.104428867315072,351.3136454187634
2014-12-26T23:00:00.000000000,9.051494751616541,343.14160398598335
2014-12-27T00:00:00.000000000,8.890384257080331,346.99934725671045
2014-12-27T01:00:00.000000000,8.566085904636584,339.7668951972277
2014-12-27T02:00:00.000000000,8.782973585295586,335.62353138332526
2014-12-27T03:00:00.000000000,8.693290867876032,342.42481714878716
2014-12-27T04:00:00.000000000,8.282598044301487,346.0266753150198
2014-12-27T05:00:00.000000000,8.031083674601566,350.1418348357228
2014-12-27T06:00:00.000000000,7.661796460360978,354.3824194098732
2014-12-27T07:00:00.000000000,8.010629188050823,351.02272706876647
2014-12-27T08:00:00.000000000,6.753344031846501,358.1968522355434
2014-12-27T09:00:00.000000000,5.50567888638631,357.3974377975002
2014-12-27T10:00:00.000000000,4.751644452187053,358.492564241225
2014-12-27T11:00:00.000000000,3.907124902021946,352.6476206401076
2014-12-27T12:00:00.000000000,3.4484838317558872,336.50144426156174
2014-12-27T13:00:00.000000000,3.8507304501873407,324.24611274556327
2014-12-27T14:00:00.000000000,4.419417382415922,315.0
2014-12-27T15:00:00.000000000,4.9785328775490445,304.04917323926577
2014-12-27T16:00:00.000000000,5.439281982742921,296.32952389299874
2014-12-27T17:00:00.000000000,5.794880149791453,288.3568108866019
2014-12-27T18:00:00.000000000,5.892381531491045,282.6211068277356
2014-12-27T19:00:00.000000000,4.0945848385398,282.3390872783262
2014-12-27T20:00:00.000000000,4.638493828819868,284.03624346792645
2014-12-27T21:00:00.000000000,4.808846015417836,278.9726266148964
2014-12-27T22:00:00.000000000,5.024937810560445,264.28940686250036
2014-12-27T23:00:00.000000000,4.494596963280105,251.01077382132638
2014-12-28T00:00:00.000000000,5.126965438954776,244.4345707711928
2014-12-28T01:00:00.000000000,6.742144680434478,244.05254606333824
2014-12-28T02:00:00.000000000,7.835430230047732,239.30275034312407
2014-12-28T03:00:00.000000000,7.742471741380778,227.68280731149025
2014-12-28T04:00:00.000000000,9.134503941326132,219.11293211466344
2014-12-28T05:00:00.000000000,8.661739320379203,221.37265105962862
2014-12-28T06:00:00.000000000,8.976712023586096,217.9869623948173
2014-12-28T07:00:00.000000000,10.406781668735022,221.34781193948314
2014-12-28T08:00:00.000000000,10.511710805061906,223.79556056413625
2014-12-28T09:00:00.000000000,10.287967328273217,231.26419310673754
2014-12-28T10:00:00.000000000,10.605410746230346,236.68464381832098
2014-12-28T11:00:00.000000000,9.84350795284887,241.64517603487587
2014-12-28T12:00:00.000000000,9.190334853636354,243.6790284453615
2014-12-28T13:00:00.000000000,9.357971553549314,243.33238757063134
2014-12-28T14:00:00.000000000,11.243363705642418,244.37517810304394
2014-12-28T15:00:00.000000000,11.85007856776954,248.65880542235834
2014-12-28T16:00:00.000000000,9.949656980703136,251.0871455569947
2014-12-28T17:00:00.000000000,9.649189819949317,238.6163108754214
2014-12-28T18:00:00.000000000,10.124533532683392,230.05873964306815
2014-12-28T19:00:00.000000000,10.302868765662824,220.4732711318419
2014-12-28T20:00:00.000000000,7.543894879017342,255.01977956425242
2014-12-28T21:00:00.000000000,7.5002820334897935,294.72850451396073
2014-12-28T22:00:00.000000000,8.265389756281563,314.08093374473395
2014-12-28T23:00:00.000000000,10.509570445516754,314.66269266509
2014-12-29T00:00:00.000000000,17.520570156683302,323.58793727638715
2014-12-29T01:00:00.000000000,18.161951774512985,327.2505598689207
2014-12-29T02:00:00.000000000,18.43406491176743,328.84302069279295
2014-12-29T03:00:00.000000000,16.064446529766542,355.9842653332127
2014-12-29T04:00:00.000000000,17.35314269502,353.38178792225875
2014-12-29T05:00:00.000000000,17.509381446636432,357.1355528795039
2014-12-29T06:00:00.000000000,18.498066051459976,358.0637608862228
2014-12-29T07:00:00.000000000,19.406973178135637,5.655513876330474
2014-12-29T08:00:00.000000000,18.881876006099215,8.988408031443612
2014-12-29T09:00:00.000000000,18.842587403580247,7.356029059621164
2014-12-29T10:00:00.000000000,17.7936569142371,4.553061500554861
2014-12-29T11:00:00.000000000,17.507685812772944,7.383787471334699
2014-12-29T12:00:00.000000000,16.744971092645876,1.7110897591039702
2014-12-29T13:00:00.000000000,16.716835831102046,357.4285645790159
2014-12-29T14:00:00.000000000,17.320263149469874,353.2442609760144
2014-12-29T15:00:00.000000000,18.0612056406052,346.67546630097416
2014-12-29T16:00:00.000000000,17.665452809195898,337.53607072640085
2014-12-29T17:00:00.000000000,21.16629108246615,335.8416862409211
2014-12-29T18:00:00.000000000,22.081570916571543,342.09840609476294
2014-12-29T19:00:00.000000000,23.507032318629047,353.37382576187287
2014-12-29T20:00:00.000000000,20.98574686812305,19.557415208717828
2014-12-29T21:00:00.000000000,21.722983385152265,20.760562269952118
2014-12-29T22:00:00.000000000,22.604849893349307,25.51647359062389
2014-12-29T23:00:00.000000000,21.267927966110808,27.5138708683088
2014-12-30T00:00:00.000000000,20.787084462990432,29.38590706674904
2014-12-30T01:00:00.000000000,19.708177071231578,28.23922566733353
2014-12-30T02:00:00.000000000,19.68522282722329,25.70266743773925
2014-12-30T03:00:00.000000000,19.411059837301075,28.165810692998264
2014-12-30T04:00:00.000000000,18.507907793860827,28.919299141882107
2014-12-30T05:00:00.000000000,17.681085152102632,33.757476974822566
2014-12-30T06:00:00.000000000,16.607630503533574,36.645647139133814
2014-12-30T07:00:00.000000000,15.966531602238296,30.902218073611095
2014-12-30T08:00:00.000000000,15.029999399252779,29.549836952527244
2014-12-30T09:00:00.000000000,14.287262191921128,29.682712148737494
2014-12-30T10:00:00.000000000,13.560659495050338,34.59829241220592
2014-12-30T11:00:00.000000000,12.652682150521628,36.56423389592254
2014-12-30T12:00:00.000000000,12.607155318592438,35.313146619027066
2014-12-30T13:00:00.000000000,11.184569965603231,35.76843502311351
2014-12-30T14:00:00.000000000,10.507357273050479,35.656527326120056
2014-12-30T15:00:00.000000000,9.786224066947977,30.72528248857219
2014-12-30T16:00:00.000000000,9.273190139507914,29.917309531338105
2014-12-30T17:00:00.000000000,8.30708604074809,26.83494387535984
2014-12-30T18:00:00.000000000,6.879543952908507,24.702430227771288
2014-12-30T19:00:00.000000000,6.358423378728942,29.43751180125497
2014-12-30T20:00:00.000000000,7.274623571854198,21.892808432646348
2014-12-30T21:00:00.000000000,7.403546447480424,11.689369175439197
2014-12-30T22:00:00.000000000,6.394066378361937,10.475171175627679
2014-12-30T23:00:00.000000000,6.243110181491415,9.217145352675573
2014-12-31T00:00:00.000000000,6.3860198872224005,3.366460663429791
2014-12-31T01:00:00.000000000,6.27743976474486,347.347443499442
2014-12-31T02:00:00.000000000,5.737065701485976,344.84342553626084
2014-12-31T03:00:00.000000000,6.615194667450972,345.7799517122863
2014-12-31T04:00:00.000000000,7.711083159219059,344.0035755390555
2014-12-31T05:00:00.000000000,8.786870623340175,343.2148719808896
2014-12-31T06:00:00.000000000,9.070980245461723,345.6382181836174
2014-12-31T07:00:00.000000000,9.80989774927642,356.12764026438674
2014-12-31T08:00:00.000000000,8.819449110548618,355.1217137811473
2014-12-31T09:00:00.000000000,7.554067041230623,356.20484582327714
2014-12-31T10:00:00.000000000,6.603136356129696,349.86006208004414
2014-12-31T11:00:00.000000000,7.565640272823032,343.3914170299206
2014-12-31T12:00:00.000000000,7.67228308512934,338.99600320916085
2014-12-31T13:00:00.000000000,6.649931501606881,335.2173310220309
2014-12-31T14:00:00.000000000,7.139995744944233,338.1054458447113
2014-12-31T15:00:00.000000000,6.966988211432668,332.19358701697473
2014-12-31T16:00:00.000000000,8.328500929840963,329.31645751949515
2014-12-31T17:00:00.000000000,8.950114761187244,328.88528983953216
2014-12-31T18:00:00.000000000,9.761284885380448,334.1896644044649
2014-12-31T19:00:00.000000000,10.30395928639004,334.33644692732867
2014-12-31T20:00:00.000000000,10.908150651751006,344.036573207342
2014-12-31T21:00:00.000000000,10.26237629911943,342.2712909968091
2014-12-31T22:00:00.000000000,10.531308871407916,354.07287861505216
2014-12-31T23:00:00.000000000,10.035100796950932,2.5701706666664563
2015-01-01T00:00:00.000000000,9.379947516488803,11.998858784457184
